"id;codigo;nombre;CodProveedor;CodMarca;idrubro;nombre;codtasa"
1;00000101;CHORIZO ESPECIAL DE CERDO;131,1,4100;1-EMBUTIDOS;0
2;00000102;CHORIZOS COLORADOS;131,1,4100;1-EMBUTIDOS;0
3;00000103;CHORIZO ESPECIAL;131,1,4100;1-EMBUTIDOS;0
4;00000104;CHORIZO COMUN;131,1,4100;1-EMBUTIDOS;0
5;00000105;SALCHICHA CRIOLLA;131,1,4100;1-EMBUTIDOS;0
6;00000106;COPETINEROS;131,1,4100;1-EMBUTIDOS;0
7;00000107;CHORIZO CRIOLLO CORTO;131,1,4100;1-EMBUTIDOS;0
8;00000108;MORCILLA CON NUEZ;131,1,4100;1-EMBUTIDOS;0
9;00000109;MORCILLA VASCA  303;131,1,4100;1-EMBUTIDOS;0
10;00000110;HUESOS VACUNOS;131,1,4400;4-CARNE VACUNA;0
11;00000111;CUEROS VACUNOS;131,1,5002;VENTA CUEROS;1
12;00000112;MORCILLA C/NUEZ Y ACEITUNAS;131,1,4100;1-EMBUTIDOS;0
13;00000113;MORCILLA BLANCA;131,1,4100;1-EMBUTIDOS;0
14;00000117;CHORIZO PARMESANO;131,1,4100;1-EMBUTIDOS;0
15;00000118;CHORIZO ESPECIAL 303;131,1,4100;1-EMBUTIDOS;0
16;00000119;MORCILLA C/VERDEO;131,1,4100;1-EMBUTIDOS;0
17;00000121;POLLO FCO;131,1,4500;5-MENUDENCIAS;1
18;00000201;JAMON COCIDO;131,1,4200;2-FIAMBRES;0
19;00000203;PERNIL DE CERDO MITY;131,1,4200;2-FIAMBRES;0
20;00000204;MORTADELA CAÑON;131,1,4200;2-FIAMBRES;0
21;00000205;MORTADELA FAMILIAR;131,1,4200;2-FIAMBRES;0
22;00000206;SALCHICHON CON JAMON;131,1,4200;2-FIAMBRES;0
23;00000207;SALCHICHON PRIMAVERA;131,1,4200;2-FIAMBRES;0
24;00000208;QUESO DE CERDO;131,1,4200;2-FIAMBRES;0
25;00000209;MORCILLON CON LENGUA;131,1,4200;2-FIAMBRES;0
26;00000210;LEBER WURST;131,1,4200;2-FIAMBRES;0
27;00000211;SALCHICHA DE VIENA;131,1,4200;2-FIAMBRES;0
28;00000212;NAKUS;131,1,4200;2-FIAMBRES;0
29;00000213;HAMBURGUESA * 4;131,1,4200;2-FIAMBRES;0
30;00000214;HAMBURGUESA * KG;131,1,4200;2-FIAMBRES;0
31;00000215;HAMBURGUESAS * 8;131,1,4200;2-FIAMBRES;0
32;00000216;LONGANIZA ESPA¥OLA;131,1,4200;2-FIAMBRES;0
33;00000218;RIOJANITOS;131,1,4200;2-FIAMBRES;0
34;00000219;PANCETA SALADA;131,1,4200;2-FIAMBRES;0
35;00000220;PANCETA AHUMADA;131,1,4200;2-FIAMBRES;0
36;00000222;BONDIOLA;131,1,4200;2-FIAMBRES;0
37;00000223;JAMON CON HUESO;131,1,4200;2-FIAMBRES;0
38;00000224;JAMON LISTO MAQUINA;131,1,4200;2-FIAMBRES;0
39;00000225;SALAME MILAN;131,1,4200;2-FIAMBRES;0
40;00000226;CANTIMPALO;131,1,4200;2-FIAMBRES;0
41;00000230;LOMITO AHUMADO NATURAL;131,1,4200;2-FIAMBRES;0
42;00000232;JAMON COCIDO GENUINO CON CUERO;131,1,4200;2-FIAMBRES;0
43;00000233;JAMON COCIDO NATURAL;131,1,4200;2-FIAMBRES;0
44;00000234;SALAMIN PIC. GRUESO EST.CAMPO X KG.;131,1,4200;2-FIAMBRES;0
45;00000236;LONGANIZA NAPOLITANA;131,1,4200;2-FIAMBRES;0
46;00000237;LONGANIZA CALABREZA;131,1,4200;2-FIAMBRES;0
47;00000238;SALAMIN PICADO FINO;131,1,4200;2-FIAMBRES;0
48;00000239;SALAMIN PICADO GRUESO;131,1,4200;2-FIAMBRES;0
49;00000241;MATAMBRE ARROLLADO;131,1,4200;2-FIAMBRES;0
50;00000243;SALAMIN TIPO CASERO P.C.;131,1,4200;2-FIAMBRES;0
51;00000246;PALETA SANDWICHERA ""303"" X KG;131,1,4200;2-FIAMBRES;0
52;00000247;SOPRESATTA;131,1,4200;2-FIAMBRES;0
53;00000248;SALAMIN PORTE¥O P/GRUESO;131,1,4200;2-FIAMBRES;0
54;00000249;SALAMIN PORTE¥O P/FINO;131,1,4200;2-FIAMBRES;0
55;00000250;SALAMIN BASTON;131,1,4200;2-FIAMBRES;0
56;00000251;FIAMBRE SURTIDO II ( 4 PIEZAS );131,1,4200;2-FIAMBRES;0
57;00000252;CHORIZOS SIN SAL;131,1,4100;1-EMBUTIDOS;0
58;00000253;FIAMBRE SURTIDO (3 PIEZAS);131,1,4200;2-FIAMBRES;0
59;00000254;FIAMBRE;131,1,4200;2-FIAMBRES;0
60;00000255;MILANESAS;131,1,4200;2-FIAMBRES;0
61;00000256;COMBO II ( F/G,ESPA.,NAPO,CALA,CASERITO);131,1,4200;2-FIAMBRES;0
62;00000257;COMBO I (MILAN,CANTIMPALO,SALAMIN);131,1,4200;2-FIAMBRES;0
63;00000258;PROMO;131,1,4200;2-FIAMBRES;0
64;00000259;BASTON ESPA¥OLA;131,1,4200;2-FIAMBRES;0
65;00000260;BASTON PICADO FINO;131,1,4200;2-FIAMBRES;0
66;00000261;FIAMBRE SURTIDO  303;131,1,4200;2-FIAMBRES;0
67;00000262;BASTON PICADO GRUESO;131,1,4200;2-FIAMBRES;0
68;00000268;QUESO DE MAQUINA;131,1,4200;2-FIAMBRES;0
69;00000269;SANDWICH DE MIGA;131,1,4200;2-FIAMBRES;0
70;00000274;HAMBURGUESAS *KG 303;131,1,4200;2-FIAMBRES;0
71;00000275;MADEJA DE TRIPA;131,1,4999;SERVICIO DE FAENA;0
72;00000301;TOCINO;131,1,4300;3-CARNE CERDO;1
73;00000302;BIFE DE CERDO;131,1,4300;3-CARNE CERDO;1
74;00000303;PECHITO DE CERDO;131,1,4300;3-CARNE CERDO;1
75;00000304;PALETA DE CERDO FCA C/H;131,1,4300;3-CARNE CERDO;1
76;00000305;PANCETA FCA.;131,1,4300;3-CARNE CERDO;1
77;00000306;PATAS;131,1,4300;3-CARNE CERDO;1
78;00000307;HUESOS;131,1,4300;3-CARNE CERDO;1
79;00000308;UNTO;131,1,4300;3-CARNE CERDO;1
80;00000309;CUEROS;131,1,4300;3-CARNE CERDO;1
81;00000310;MATAMBRITOS;131,1,4300;3-CARNE CERDO;1
82;00000311;OREJAS DE CERDO;131,1,4300;3-CARNE CERDO;1
83;00000312;RECORTES DE CARNE 80 %;131,1,4300;3-CARNE CERDO;1
84;00000313;LECHON X KG;131,1,4600;LECHON;1
85;00000314;CORDERO;131,1,4700;CORDEROS;1
86;00000315;1/2 RES DE CERDO C/Cza;131,1,4800;6-1/2-CUARTO/DEL/PAR;1
87;00000316;1/2 RES DE CERDO S/CZA;131,1,4800;6-1/2-CUARTO/DEL/PAR;1
88;00000318;CABEZAS;131,1,4300;3-CARNE CERDO;1
89;00000319;HIGADO DE CERDO;131,1,4300;3-CARNE CERDO;1
90;00000320;GARRON;131,1,4300;3-CARNE CERDO;1
91;00000323;PALETA DE CERDO S/H;131,1,4300;3-CARNE CERDO;1
92;00000324;PULPA DE CERDO;131,1,4300;3-CARNE CERDO;1
93;00000325;JAMON FRESCO;131,1,4300;3-CARNE CERDO;1
94;00000327;BONDIOLA FCA.;131,1,4300;3-CARNE CERDO;1
95;00000328;COLAS;131,1,4300;3-CARNE CERDO;1
96;00000330;JAMON FRESCO S/H;131,1,4300;3-CARNE CERDO;1
97;00000336;BIFE DE CERDO S/H;131,1,4300;3-CARNE CERDO;1
98;00000341;CODILLO DE CERDO;131,1,4300;3-CARNE CERDO;1
99;00000342;SOLOMILLO;131,1,4300;3-CARNE CERDO;1
100;00000401;BIFES;131,1,4400;4-CARNE VACUNA;1
101;00000402;ASADO;131,1,4400;4-CARNE VACUNA;1
102;00000403;CUADRIL;131,1,4400;4-CARNE VACUNA;1
103;00000404;NALGA;131,1,4400;4-CARNE VACUNA;1
104;00000405;CUADRADA;131,1,4400;4-CARNE VACUNA;1
105;00000406;PALOMITA;131,1,4400;4-CARNE VACUNA;1
106;00000407;PECETO;131,1,4400;4-CARNE VACUNA;1
107;00000408;PICADA;131,1,4400;4-CARNE VACUNA;1
108;00000409;TAPA DE NALGA;131,1,4400;4-CARNE VACUNA;1
109;00000411;ROAST-BEEF;131,1,4400;4-CARNE VACUNA;1
110;00000412;MATAMBRE;131,1,4400;4-CARNE VACUNA;1
111;00000413;AGUJA;131,1,4400;4-CARNE VACUNA;1
112;00000414;LOMO;131,1,4400;4-CARNE VACUNA;1
113;00000416;FALDA;131,1,4400;4-CARNE VACUNA;1
114;00000417;VACIO;131,1,4400;4-CARNE VACUNA;1
115;00000418;BOLA DE LOMO;131,1,4400;4-CARNE VACUNA;1
116;00000419;PALETA VAC.;131,1,4400;4-CARNE VACUNA;1
117;00000421;RECORTE DE CARNE;131,1,4400;4-CARNE VACUNA;1
118;00000426;CUARTO VACUNO;131,1,4800;6-1/2-CUARTO/DEL/PAR;1
119;00000427;CARACU;131,1,4400;4-CARNE VACUNA;1
120;00000428;MEDIA RES VACUNA;131,1,4800;6-1/2-CUARTO/DEL/PAR;1
121;00000429;TRAQUEAS;131,1,4400;4-CARNE VACUNA;1
122;00000430;TAPA DE ASADO;131,1,4400;4-CARNE VACUNA;1
123;00000431;CORTE PARRILLERO;131,1,4800;6-1/2-CUARTO/DEL/PAR;1
124;00000432;DELANTERO;131,1,4800;6-1/2-CUARTO/DEL/PAR;1
125;00000433;CHINGOLITO;131,1,4400;4-CARNE VACUNA;1
126;00000434;LITORALE¥O;131,1,4400;4-CARNE VACUNA;1
127;00000435;BIFE DE CHORIZO;131,1,4400;4-CARNE VACUNA;1
128;00000436;CUARTO PISTOLA;131,1,4800;6-1/2-CUARTO/DEL/PAR;1
129;00000438;1/2 RES VACUNA S/DELANTERO;131,1,4800;6-1/2-CUARTO/DEL/PAR;1
130;00000439;1/2 RES VACUNA S/CUARTO;131,1,4800;6-1/2-CUARTO/DEL/PAR;1
131;00000440;COGOTE;131,1,4400;4-CARNE VACUNA;1
132;00000441;PATA DE TERNERA COCIDA;131,1,4999;SERVICIO DE FAENA;0
133;00000442;PALETA C/HUESO;131,1,4400;4-CARNE VACUNA;1
134;00000443;BIFE C/LOMO;131,1,4400;4-CARNE VACUNA;1
135;00000444;ASADO DE ORILLA;131,1,4400;4-CARNE VACUNA;1
136;00000445;TORTUGUITA;131,1,4400;4-CARNE VACUNA;1
137;00000446;CARNE VACUNA;131,1,4400;4-CARNE VACUNA;1
138;00000447;ASADO CONGELADO;131,1,4400;4-CARNE VACUNA;1
139;00000448;VACIO CONGELADO;131,1,4400;4-CARNE VACUNA;1
140;00000449;AZOTILLO;131,1,4400;4-CARNE VACUNA;1
141;00000501;HIGADO;131,1,4500;5-MENUDENCIAS;1
142;00000502;BOFE;131,1,4500;5-MENUDENCIAS;1
143;00000503;CORAZON      U;131,1,4500;5-MENUDENCIAS;1
144;00000504;CUAJO        U;131,1,4500;5-MENUDENCIAS;1
145;00000505;ENTRAÑA;131,1,4500;5-MENUDENCIAS;1
146;00000506;LENGUA;131,1,4500;5-MENUDENCIAS;1
147;00000507;RABOS;131,1,4500;5-MENUDENCIAS;1
148;00000508;CHINCHULINES K;131,1,4500;5-MENUDENCIAS;1
149;00000509;MONDONGO;131,1,4500;5-MENUDENCIAS;1
150;00000510;PARRILLADA COMPLETA  U;131,1,4500;5-MENUDENCIAS;1
151;00000511;QUIJADA      U;131,1,4500;5-MENUDENCIAS;1
152;00000512;RINONES      U;131,1,4500;5-MENUDENCIAS;1
153;00000513;SESOS        U;131,1,4500;5-MENUDENCIAS;1
154;00000514;TRIPA GORDA;131,1,4500;5-MENUDENCIAS;1
155;00000515;MOLLEJA      K;131,1,4500;5-MENUDENCIAS;1
156;00000516;TENDON       K;131,1,4500;5-MENUDENCIAS;1
157;00000517;UBRE         K;131,1,4500;5-MENUDENCIAS;1
158;00000518;GRASA VACUNA;131,1,4500;5-MENUDENCIAS;1
159;00000519;RI¥ONES X KG.;131,1,4500;5-MENUDENCIAS;1
160;00000520;BOLSAS DE MENUDENCIA;131,1,4800;6-1/2-CUARTO/DEL/PAR;1
161;00000600;PERCEPCION CUEROS;131,1,4999;SERVICIO DE FAENA;2
162;00000601;SERVICIO DE FAENA;131,1,4999;SERVICIO DE FAENA;0
163;00000700;PRECIO BONIFICADO CARNE;131,1,4950;PRECIO BONIFICADO CARNE;1
164;00000750;PRECIO BONIFICADO CERDO;131,1,4925;Rubro 4925;1
165;00000800;PRECIO BONIFICADO FIAMBRE;131,1,4900;PRECIO BONIFICADO FIAMBRE;0
166;00000850;HAMBURGUESA BARRA;131,1,4400;4-CARNE VACUNA;1
167;00005000;JAMON COCIDO MITY;131,1,4200;2-FIAMBRES;0
168;00005001;MORTADELA FAMILIAR MITY;131,1,4200;2-FIAMBRES;0
169;00005002;SALCHICHON PRIMAVERA MITY;131,1,4200;2-FIAMBRES;0
170;00005003;SALCHICHON CON JAMON MITY;131,1,4200;2-FIAMBRES;0
171;00005004;QUESO DE CERDO MITY;131,1,4200;2-FIAMBRES;0
172;00005005;MORCILLON CON LENGUA MITY;131,1,4200;2-FIAMBRES;0
173;00005006;PANCETA SALADA MITY;131,1,4200;2-FIAMBRES;0
174;00005007;PANCETA AHUMADA MITY;131,1,4200;2-FIAMBRES;0
175;00005008;SALAME MILAN MITY;131,1,4200;2-FIAMBRES;0
176;00005009;CANTIMPALO MITY;131,1,4200;2-FIAMBRES;0
177;00005010;LONGANIZA CALABREZA MITY;131,1,4200;2-FIAMBRES;0
178;00005011;SALAMIN PICADO FINO MITY;131,1,4200;2-FIAMBRES;0
179;00005012;SALAMIN PICADO GRUESO MITY;131,1,4200;2-FIAMBRES;0
180;00005013;SALAMIN TIPO CASERO MITY;131,1,4200;2-FIAMBRES;0
181;00005014;PALETA SANDWICHERA 303;131,1,4200;2-FIAMBRES;0
182;00005015;SALAMIN BASTON;131,1,4200;2-FIAMBRES;0
183;00005016;PERNIL DE CERDO MITY;131,1,4200;2-FIAMBRES;0
184;00005017;MORTADELA CA¥ON MITY;131,1,4200;2-FIAMBRES;0
185;00005018;LEBER WURST MITY;131,1,4100;1-EMBUTIDOS;0
186;00005019;SALCHICHA DE VIENA MITY;131,1,4100;1-EMBUTIDOS;0
187;00005020;NAKUS MITY;131,1,4100;1-EMBUTIDOS;0
188;00005021;HAMBURGUESA * 4 MITY;131,1,4100;1-EMBUTIDOS;0
189;00005022;HAMBURGUESA * KG MITY;131,1,4100;1-EMBUTIDOS;0
190;00005023;LONGANIZA ESPA¥OLA MITY;131,1,4200;2-FIAMBRES;0
191;00005024;RIOJANITOS MITY;131,1,4200;2-FIAMBRES;0
192;00005025;BONDIOLA MITY;131,1,4200;2-FIAMBRES;0
193;00005026;JAMON CON HUESO MITY;131,1,4200;2-FIAMBRES;0
194;00005027;JAMON LISTO MAQUINA MITY;131,1,4200;2-FIAMBRES;0
195;00005028;LOMITO AHUMADO MITY;131,1,4200;2-FIAMBRES;0
196;00005029;SALAMIN PIC.GRUESO EST.CAMPO MITY;131,1,4200;2-FIAMBRES;0
197;00005030;LONGANIZA NAPOLITANA MITY;131,1,4200;2-FIAMBRES;0
198;00009001;LONGANIZA ESPA¥OLA MITY X KG;131,1,4200;2-FIAMBRES;0
199;00009002;RIOJANITOS MITY X KG;131,1,4200;2-FIAMBRES;0
200;00009003;PANCETA SALADA MITY X KG;131,1,4200;2-FIAMBRES;0
201;00009004;LONGANIZA NAPOLITANA MITY X KG;131,1,4200;2-FIAMBRES;0
202;00009005;LONGANIZA CALABRESA MITY X KG;131,1,4200;2-FIAMBRES;0
203;00009006;QUESO DE CERDO MITY X KG;131,1,4200;2-FIAMBRES;0
204;00009007;JAMON CRUDO LISTO MITY X KG;131,1,4200;2-FIAMBRES;0
205;00009008;PALETA COCIDA MITY X KG;131,1,4200;2-FIAMBRES;0
206;00009009;MORTADELA MITY X KG;131,1,4200;2-FIAMBRES;0
207;00009010;SALAMIN PICADO GRUESO MITY X KG;131,1,4200;2-FIAMBRES;0
208;00009011;SALAMIN PICADO FINO MITY X KG;131,1,4200;2-FIAMBRES;0
209;00559000;CHORIZO ESPECIAL;131,1,4100;1-EMBUTIDOS;0
210;00559078;CHORIZO COMUN;131,1,4100;1-EMBUTIDOS;0
211;00559104;SALCHICHA CRIOLLA;131,1,4100;1-EMBUTIDOS;0
212;00559195;MORCILLA CON NUEZ;131,1,4100;1-EMBUTIDOS;0
213;00559208;MORCILLA VASCA;131,1,4100;1-EMBUTIDOS;0
214;00559260;CHORIZO CON JAMON;131,1,4100;1-EMBUTIDOS;0
215;00559273;CHORIZO PARMESANO;131,1,4100;1-EMBUTIDOS;0
216;00559286;BIFE DE CERDO;131,1,4300;3-CARNE CERDO;1
217;00559299;PECHITO DE CERDO;131,1,4300;3-CARNE CERDO;1
218;00559338;PATAS;131,1,4300;3-CARNE CERDO;1
219;00559429;HUESOS;131,1,4300;3-CARNE CERDO;1
220;00559442;CUEROS;131,1,4300;3-CARNE CERDO;1
221;00559468;MATAMBRITOS;131,1,4300;3-CARNE CERDO;1
222;00562796;OREJAS DE CERDO;131,1,4300;3-CARNE CERDO;1
223;00562809;LECHON;131,1,4600;LECHON;1
224;00562822;CORDERO;131,1,4700;CORDEROS;1
225;00000273;PRODUCTO ELABORADO;131,1,0;;0
226;00000317;CARNE DE CERDO;131,1,0;;1
227;00000276;PAQ. GRASA P/JUGO BOVINO X KG;131,1,4200;2-FIAMBRES;0
228;00000277;PALETA SANDWICHERA MITY;131,1,4200;2-FIAMBRES;0
229;00000450;BIFE ANCHO S/H;131,1,4400;4-CARNE VACUNA;1
230;00000451;BIFE ANGOSTO C/H;131,1,4400;4-CARNE VACUNA;1
231;00000452;BIFE ANGOSTO S/H;131,1,4400;4-CARNE VACUNA;1
232;00000453;CARNAZA;131,1,4400;4-CARNE VACUNA;1
233;00000454;ENTRECOT;131,1,4400;4-CARNE VACUNA;1
234;00000455;BIFE ANCHO C/H;131,1,4400;4-CARNE VACUNA;1
235;00000337;BIFE DE CERDO CONG.;131,1,4300;3-CARNE CERDO;1
236;00000338;PECHITO DE CERDO CONG.;131,1,4300;3-CARNE CERDO;1
237;00000278;MORTADELA MINI X UNID.;131,1,4200;2-FIAMBRES;0
238;00000279;PULPA HORNEADA ENVASADA;131,1,4200;2-FIAMBRES;0
239;00000456;1/2 RES VACUNA (-120KG);131,1,4800;6-1/2-CUARTO/DEL/PAR;1
240;00000457;1/2 RES VACUNA (+120KG);131,1,4800;6-1/2-CUARTO/DEL/PAR;1
241;00000280;SAND. TRIPLES ESPECIALES DOC.;131,1,4200;2-FIAMBRES;0
242;00000281;PULPA COCIDA;131,1,4200;2-FIAMBRES;0
243;00000282;CARNE RELLENA COCIDA;131,1,4200;2-FIAMBRES;0
244;00000283;TARTAS;131,1,4200;2-FIAMBRES;0
245;00000458;CIMA;131,1,4400;4-CARNE VACUNA;1
246;00000290;QUESO HOLANDA;131,1,4200;2-FIAMBRES;0
247;00000291;QUESO CRIOLLO;131,1,4200;2-FIAMBRES;0
248;00000292;QUESO GRUYERE;131,1,4200;2-FIAMBRES;0
249;00000293;QUESO FONTINA;131,1,4200;2-FIAMBRES;0
250;00000146;EMBUTIDOS;131,1,4100;1-EMBUTIDOS;0
251;00000470;ASADO VACA;131,1,4400;4-CARNE VACUNA;1
252;00000270;MILANESAS DE POLLO;131,1,4200;2-FIAMBRES;0
253;00000271;HAMBURGUESAS DE OFERTA ZONA X 4;131,1,4200;2-FIAMBRES;0
254;00000272;SALAMIN DE OFERTA;131,1,4200;2-FIAMBRES;0
255;00000284;HAMBURGUESAS SUPER ZONA;131,1,0;;0
256;00000285;HAMBURGUESA CHICA ZONA;131,1,0;;0
257;00000460;COLITA DE CUADRIL;131,1,4400;4-CARNE VACUNA;1
258;00000461;ESPINAZO;131,1,4400;4-CARNE VACUNA;1
259;00000462;GARRON;131,1,4400;4-CARNE VACUNA;1
260;00000463;MOCHO CON HUESO;131,1,4400;4-CARNE VACUNA;1
261;00000464;NALGA FILETEADA;131,1,4400;4-CARNE VACUNA;1
262;00000339;CORDERO DE 10 A 11.900 KG.;131,1,4700;CORDEROS;1
263;00000340;CORDERO DE 12 A 15.900 KG;131,1,4700;CORDEROS;1
264;00000343;CORDERO DE 16 A 19 KG;131,1,4700;CORDEROS;1
265;00000227;JAMON CRUDO CON HUESO Y CEPO;131,1,4200;2-FIAMBRES;0
266;00000423;OJO DE BIFE;131,1,4400;4-CARNE VACUNA;1
267;00000345;PICADA DE CERDO;131,1,4300;3-CARNE CERDO;1
268;00000344;GRASA DE CERDO;131,1,4300;3-CARNE CERDO;0
269;00000465;COLITA DE CUADRIL;131,1,4400;4-CARNE VACUNA;1
270;00000294;HAMBURGUESA CHICA POR UNIDAD;131,1,4200;2-FIAMBRES;0
271;00000295;HAMBURGUESA GRANDE POR UNIDAD;131,1,4200;2-FIAMBRES;0
272;00000296;BROCHETTE;131,1,0;;0
273;00000346;SANGRE;131,1,0;;1
274;00000297;MIL CARNE ENV ATMOSF. CONT;131,1,0;;0
275;00000472;VACIO DE VACA;131,1,4400;4-CARNE VACUNA;1
276;00000471;MATAMBRE DE VACA;131,1,4400;4-CARNE VACUNA;1
277;00000286;SANDWICH PAN ESPECIAL;131,1,0;;0
278;00000347;REEF DE CERDO;131,1,4300;3-CARNE CERDO;1
280;00000473;BIFE DE CHORIZO MADURADO;131,1,4400;4-CARNE VACUNA;1
281;00000217;HAMB. GIGANTE POR UNIDAD;131,1,4200;2-FIAMBRES;0
282;00000474;ASADO DEL MEDIO;131,1,0;;1
283;00000348;MILANESAS DE CERDO;131,1,4300;3-CARNE CERDO;1
284;00000349;CORDERO MAS DE 19 KG;131,1,4700;CORDEROS;1
285;00000298;TABLA DE FIAMBRE MINI;131,1,4200;2-FIAMBRES;0
286;00000299;TABLA DE FIAMBRE CHICA;131,1,4200;2-FIAMBRES;0
287;00000350;SUPREMA;131,1,4300;3-CARNE CERDO;1
288;00000125;PASTA DE CHORIZO;131,1,4100;1-EMBUTIDOS;0
289;00000321;CORTE PARRILLA (CERDO);131,1,4300;3-CARNE CERDO;1
290;00000420;CORTE MADRON;131,1,4800;6-1/2-CUARTO/DEL/PAR;1
291;00000228;EMBUTIDOS I (CHORIZO COMUN  y VASCA);131,1,4100;1-EMBUTIDOS;0
292;00000229;CERDO I (PURO CERDO-MOR.VERDEO Y NUEZ);131,1,4300;3-CARNE CERDO;1
293;00000410;ASADO PLANCHA EXP;131,1,4400;4-CARNE VACUNA;1
294;00000351;PANCETA FRESCA S/RECORTAR;131,1,4300;3-CARNE CERDO;1
295;00000352;PANCETA FRESCA RECORTADA;131,1,4300;3-CARNE CERDO;1
296;00000900;COMISION POR GESTION DE VALORES;131,1,5000;COMISION POR GESTION DE VALORES;0
297;00000415;ASADO CTO. VAC. Y MAT. EXPORT;131,1,4400;4-CARNE VACUNA;1
298;00000424;VACIO EXPORTACION;131,1,4400;4-CARNE VACUNA;1
299;00000425;NALGA C/TAPA EXPORTACION;131,1,4400;4-CARNE VACUNA;1
300;00000475;MATAMBRE NOVILLO EXP;131,1,4400;4-CARNE VACUNA;1
301;00000221;LEBERWURST ENV. AL VACIO;131,1,4200;2-FIAMBRES;0
302;00000950;FLETES;131,1,5001;FLETES;0
303;00000476;ASADO COMP NOV EXP;131,1,4400;4-CARNE VACUNA;1
304;00000477;ASADO DEL MEDIO PLANCHA EXP.;131,1,4400;4-CARNE VACUNA;1
305;00000521;ENTRAÑA DE ASADO;131,1,4500;5-MENUDENCIAS;1
306;00000422;RECORTE DE CARNE CONG.;131,1,4400;4-CARNE VACUNA;1
307;00000126;PROMO PURO CERDO X5KG;131,1,4100;1-EMBUTIDOS;0
308;00000127;PROMO CHORIZO ESP X 5KG;131,1,4100;1-EMBUTIDOS;0
309;00000128;PROMO MORCILLA VASCA X 4KG;131,1,4100;1-EMBUTIDOS;0
310;00000129;PROMO SALCH. CRIOLLA X 4KG;131,1,4100;1-EMBUTIDOS;0
311;00000459;PROMO PICADA X 5KG;131,1,4400;4-CARNE VACUNA;1
312;00000240;PROMO SALAMINES X 5KG (SURTIDO);131,1,4200;2-FIAMBRES;0
313;00000478;ASADO 5 COSTILLA EXP;131,1,4400;4-CARNE VACUNA;1
314;00000522;DEGOLLADERA;131,1,4500;5-MENUDENCIAS;1
315;00000523;CARNE CABEZA VAC.;131,1,4500;5-MENUDENCIAS;1
316;00000524;CORAZON DE CERDO;131,1,4500;5-MENUDENCIAS;1
317;00000525;PANZA DE CERDO;131,1,4500;5-MENUDENCIAS;1
318;00000466;CUARTO VAC DESHUESADO;131,1,4400;4-CARNE VACUNA;1
319;00000467;DELANTERO VAC DESHUESADO;131,1,4400;4-CARNE VACUNA;1
320;00000479;ASADO C / VACIO EXP.;131,1,4400;4-CARNE VACUNA;1
321;00000480;ASADO EXP. RECORTADO EN CAJA;131,1,4400;4-CARNE VACUNA;1
322;00000468;CUARTO VAC. PESADO;131,1,4800;6-1/2-CUARTO/DEL/PAR;1
323;00000322;CHURRASQUITO DE CERDO;131,1,4300;3-CARNE CERDO;1
324;00000114;CHORIZO DE CORDERO;131,1,4100;1-EMBUTIDOS;0
325;00000481;T-BONE;131,1,4400;4-CARNE VACUNA;1
326;00000482;TOMAHAWK;131,1,4400;4-CARNE VACUNA;1
327;00000483;BIFE DE VACIO;131,1,4400;4-CARNE VACUNA;1
328;00000484;ASADO BANDERITA;131,1,4400;4-CARNE VACUNA;1
