Id,r01,r02,r03,r04,r05,r06,r07,r08,r09,r10
13,5,1,99999,300.91950,29991.95000,2,"2019-12-18 00:00:00",0,3,7114.00000
14,5,2,99999,317.62500,31662.50000,2,"2019-12-18 00:00:00",0,3,960.00000
15,5,3,99999,299.99550,29899.55000,2,"2019-12-18 00:00:00",0,3,780.00000
16,6,1,99999,300.91950,29991.95000,2,"2019-12-18 00:00:00",0,3,7372.00000
17,6,2,99999,317.62500,31662.50000,2,"2019-12-18 00:00:00",0,3,960.00000
18,6,3,99999,299.99550,29899.55000,2,"2019-12-18 00:00:00",0,3,780.00000
19,7,1,99999,0.00000,0.00000,4,"2015-09-08 00:00:00",0,3,0.00000
20,7,2,99999,265.03050,26403.05000,4,"2019-12-18 00:00:00",0,3,0.00000
21,7,3,99999,0.00000,0.00000,4,"2015-09-08 00:00:00",0,3,0.00000
22,8,1,99999,237.00600,23600.60000,2,"2019-12-18 00:00:00",0,3,5002.00000
23,8,2,99999,255.84300,25484.30000,2,"2019-12-18 00:00:00",0,3,590.00000
24,8,3,99999,229.40400,22840.40000,2,"2019-12-18 00:00:00",0,3,550.00000
25,9,1,99999,199.65750,19865.75000,2,"2019-12-18 00:00:00",0,3,3679.00000
26,9,2,99999,255.84300,25484.30000,2,"2019-12-18 00:00:00",0,3,500.00000
27,9,3,99999,174.69900,17369.90000,2,"2019-12-18 00:00:00",0,3,395.00000
28,10,1,99999,0.00000,999.99999,4,"2014-03-27 00:00:00",0,3,999.99999
29,10,2,99999,0.00000,999.99999,4,"2014-03-27 00:00:00",0,3,999.99999
30,10,3,99999,0.00000,999.99999,4,"2014-03-27 00:00:00",0,3,999.99999
31,11,1,99999,0.00000,0.00000,4,"2014-03-27 00:00:00",0,3,0.00000
32,11,2,99999,0.00000,0.00000,4,"2014-03-27 00:00:00",0,3,0.00000
33,11,3,99999,0.00000,0.00000,4,"2014-03-27 00:00:00",0,3,0.00000
34,12,1,99999,237.00600,23600.60000,2,"2019-12-18 00:00:00",0,3,5002.00000
35,12,2,99999,255.84300,25484.30000,2,"2019-12-18 00:00:00",0,3,590.00000
36,12,3,99999,229.40400,22840.40000,2,"2019-12-18 00:00:00",0,3,550.00000
37,13,1,99999,237.00600,23600.60000,4,"2019-12-18 00:00:00",0,3,4696.00000
38,13,2,99999,255.84300,25484.30000,4,"2019-12-18 00:00:00",0,3,0.00000
39,13,3,99999,229.40400,22840.40000,4,"2019-12-18 00:00:00",0,3,0.00000
40,14,1,99999,353.89200,35289.20000,2,"2019-12-18 00:00:00",0,3,7339.00000
41,14,2,99999,399.28350,39828.35000,2,"2019-12-18 00:00:00",0,3,999.99999
42,14,3,99999,349.39800,34839.80000,2,"2019-12-18 00:00:00",0,3,900.00000
43,15,1,99999,234.09750,23309.75000,2,"2019-12-18 00:00:00",0,3,4682.00000
44,15,2,99999,238.64400,23764.40000,2,"2019-12-18 00:00:00",0,3,590.00000
45,15,3,99999,211.72200,21072.20000,2,"2019-12-18 00:00:00",0,3,500.00000
46,16,1,99999,237.00600,23600.60000,2,"2019-12-18 00:00:00",0,3,5002.00000
47,16,2,99999,255.84300,25484.30000,2,"2019-12-18 00:00:00",0,3,590.00000
48,16,3,99999,229.40400,22840.40000,2,"2019-12-18 00:00:00",0,3,550.00000
49,17,1,99999,0.00000,320.00000,2,"2014-03-27 00:00:00",0,3,320.00000
50,17,2,99999,0.00000,350.00000,2,"2014-03-27 00:00:00",0,3,350.00000
51,17,3,99999,0.00000,350.00000,2,"2014-03-27 00:00:00",0,3,350.00000
52,18,1,99999,338.06850,33706.85000,2,"2019-12-18 00:00:00",0,3,5656.00000
53,18,2,99999,341.65950,34065.95000,2,"2019-12-18 00:00:00",0,3,960.00000
54,18,3,99999,315.49350,31449.35000,2,"2019-12-18 00:00:00",0,3,820.00000
58,20,1,99999,214.75650,21375.65000,2,"2019-12-18 00:00:00",0,3,4170.00000
59,20,2,99999,247.63200,24663.20000,2,"2019-12-18 00:00:00",0,3,690.00000
60,20,3,99999,199.30050,19830.05000,2,"2019-12-18 00:00:00",0,3,560.00000
61,21,1,99999,245.29050,24429.05000,2,"2019-12-18 00:00:00",0,3,4276.00000
62,21,2,99999,264.48450,26348.45000,2,"2019-12-18 00:00:00",0,3,690.00000
63,21,3,99999,204.19350,20319.35000,2,"2019-12-18 00:00:00",0,3,570.00000
64,22,1,99999,184.61100,18361.10000,2,"2019-12-18 00:00:00",0,3,4064.00000
65,22,2,99999,189.91350,18891.35000,2,"2019-12-18 00:00:00",0,3,590.00000
66,22,3,99999,173.31300,17231.30000,2,"2019-12-18 00:00:00",0,3,500.00000
67,23,1,99999,204.35100,20335.10000,2,"2019-12-18 00:00:00",0,3,4205.00000
68,23,2,99999,223.81800,22281.80000,2,"2019-12-18 00:00:00",0,3,650.00000
69,23,3,99999,190.64850,18964.85000,2,"2019-12-18 00:00:00",0,3,550.00000
70,24,1,99999,184.61100,18361.10000,2,"2019-12-18 00:00:00",0,3,5037.00000
71,24,2,99999,189.91350,18891.35000,2,"2019-12-18 00:00:00",0,3,650.00000
72,24,3,99999,173.31300,17231.30000,2,"2019-12-18 00:00:00",0,3,550.00000
73,25,1,99999,184.61100,18361.10000,2,"2019-12-18 00:00:00",0,3,5037.00000
74,25,2,99999,189.91350,18891.35000,2,"2019-12-18 00:00:00",0,3,614.28571
75,25,3,99999,173.31300,17231.30000,2,"2019-12-18 00:00:00",0,3,519.04761
76,26,1,99999,335.13900,33413.90000,2,"2019-12-18 00:00:00",0,3,5927.00000
77,26,2,99999,332.31450,33131.45000,2,"2019-12-18 00:00:00",0,3,599.00000
78,26,3,99999,207.93150,20693.15000,2,"2019-12-18 00:00:00",0,3,530.00000
82,28,1,99999,322.91700,32191.70000,2,"2019-12-18 00:00:00",0,3,7024.00000
83,28,2,99999,356.09700,35509.70000,2,"2019-12-18 00:00:00",0,3,860.00000
84,28,3,99999,311.96550,31096.55000,2,"2019-12-18 00:00:00",0,3,790.00000
85,29,1,99999,112.14000,11114.00000,2,"2019-12-18 00:00:00",0,3,1851.00000
86,29,2,99999,108.69600,10769.60000,2,"2019-12-18 00:00:00",0,3,390.00000
87,29,3,99999,103.99200,10299.20000,2,"2019-12-18 00:00:00",0,3,380.00000
91,31,1,99999,204.35100,20335.10000,4,"2019-12-18 00:00:00",0,3,3546.00000
92,31,2,99999,201.82050,20082.05000,4,"2019-12-18 00:00:00",0,3,0.00000
93,31,3,99999,190.64850,18964.85000,4,"2019-12-18 00:00:00",0,3,0.00000
97,33,1,99999,525.04200,52404.20000,2,"2019-12-18 00:00:00",0,3,8231.00000
98,33,2,99999,535.44750,53444.75000,2,"2019-12-18 00:00:00",0,3,990.00000
99,33,3,99999,450.58650,44958.65000,2,"2019-12-18 00:00:00",0,3,820.00000
103,35,1,99999,572.37600,57137.60000,4,"2019-12-18 00:00:00",0,3,9654.00000
104,35,2,99999,577.84650,57684.65000,4,"2019-12-18 00:00:00",0,3,999.99999
105,35,3,99999,502.57200,50157.20000,4,"2019-12-18 00:00:00",0,3,999.99999
106,36,1,99999,641.24550,64024.55000,2,"2019-12-18 00:00:00",0,3,14393.00000
107,36,2,99999,823.25250,82225.25000,2,"2019-12-18 00:00:00",0,3,999.99999
108,36,3,99999,676.08450,67508.45000,2,"2019-12-18 00:00:00",0,3,999.99999
109,37,1,99999,667.22250,66622.25000,2,"2019-12-18 00:00:00",0,3,11838.00000
110,37,2,99999,658.10850,65710.85000,2,"2019-12-18 00:00:00",0,3,999.99999
111,37,3,99999,649.07850,64807.85000,2,"2019-12-18 00:00:00",0,3,999.99999
121,41,1,99999,607.33050,60633.05000,2,"2019-12-18 00:00:00",0,3,9945.00000
122,41,2,99999,577.84650,57684.65000,2,"2019-12-18 00:00:00",0,3,110.00000
123,41,3,99999,540.88650,53988.65000,2,"2019-12-18 00:00:00",0,3,74.00000
127,43,1,99999,338.06850,33706.85000,2,"2019-12-18 00:00:00",0,3,999.99999
128,43,2,99999,0.00000,999.99999,2,"2014-03-27 00:00:00",0,3,999.99999
129,43,3,99999,0.00000,999.99999,2,"2014-03-27 00:00:00",0,3,999.99999
133,45,1,99999,525.04200,52404.20000,2,"2019-12-18 00:00:00",0,3,8231.00000
134,45,2,99999,584.93400,58393.40000,2,"2019-12-18 00:00:00",0,3,999.99999
135,45,3,99999,450.58650,44958.65000,2,"2019-12-18 00:00:00",0,3,999.99999
136,46,1,99999,525.04200,52404.20000,2,"2019-12-18 00:00:00",0,3,8231.00000
137,46,2,99999,584.93400,58393.40000,2,"2019-12-18 00:00:00",0,3,999.99999
138,46,3,99999,450.58650,44958.65000,2,"2019-12-18 00:00:00",0,3,999.99999
142,48,1,99999,525.04200,52404.20000,2,"2019-12-18 00:00:00",0,3,8231.00000
143,48,2,99999,584.93400,58393.40000,2,"2019-12-18 00:00:00",0,3,999.99999
144,48,3,99999,450.58650,44958.65000,2,"2019-12-18 00:00:00",0,3,999.99999
145,49,1,99999,656.01900,65501.90000,2,"2019-12-18 00:00:00",0,3,545.00000
146,49,2,99999,535.44750,53444.75000,2,"2019-12-18 00:00:00",0,3,545.00000
147,49,3,99999,0.00000,450.00000,2,"2014-03-27 00:00:00",0,3,450.00000
151,51,1,99999,180.05400,17905.40000,2,"2019-12-18 00:00:00",0,3,2905.00000
152,51,2,99999,170.75100,16975.10000,2,"2019-12-18 00:00:00",0,3,640.00000
153,51,3,99999,142.12800,14112.80000,2,"2019-12-18 00:00:00",0,3,540.00000
154,52,1,99999,525.04200,52404.20000,4,"2019-12-18 00:00:00",0,3,8229.00000
155,52,2,99999,584.93400,58393.40000,4,"2019-12-18 00:00:00",0,3,0.00000
156,52,3,99999,450.58650,44958.65000,4,"2019-12-18 00:00:00",0,3,0.00000
163,55,1,99999,525.04200,52404.20000,2,"2019-12-18 00:00:00",0,3,8231.00000
164,55,2,99999,584.93400,58393.40000,2,"2019-12-18 00:00:00",0,3,999.99999
165,55,3,99999,450.58650,44958.65000,2,"2019-12-18 00:00:00",0,3,999.99999
166,56,1,99999,149.18400,14818.40000,2,"2019-12-18 00:00:00",0,3,4193.00000
167,56,2,99999,242.09850,24109.85000,2,"2019-12-18 00:00:00",0,3,599.00000
168,56,3,99999,199.30050,19830.05000,2,"2019-12-18 00:00:00",0,3,500.00000
169,57,1,99999,0.00000,0.00000,4,"2014-03-27 00:00:00",0,3,0.00000
170,57,2,99999,0.00000,0.00000,4,"2014-03-27 00:00:00",0,3,0.00000
171,57,3,99999,0.00000,0.00000,4,"2014-03-27 00:00:00",0,3,0.00000
172,58,1,99999,188.19150,18719.15000,4,"2019-12-18 00:00:00",0,3,4192.00000
173,58,2,99999,242.09850,24109.85000,4,"2019-12-18 00:00:00",0,3,0.00000
174,58,3,99999,190.64850,18964.85000,4,"2019-12-18 00:00:00",0,3,0.00000
175,59,1,99999,0.00000,0.00000,4,"2014-03-27 00:00:00",0,3,0.00000
176,59,2,99999,0.00000,0.00000,4,"2014-03-27 00:00:00",0,3,0.00000
177,59,3,99999,0.00000,0.00000,4,"2014-03-27 00:00:00",0,3,0.00000
181,61,1,99999,525.04200,52404.20000,4,"2019-12-18 00:00:00",0,3,8229.00000
182,61,2,99999,584.93400,58393.40000,4,"2019-12-18 00:00:00",0,3,0.00000
183,61,3,99999,450.58650,44958.65000,4,"2019-12-18 00:00:00",0,3,0.00000
184,62,1,99999,525.04200,52404.20000,4,"2019-12-18 00:00:00",0,3,8229.00000
185,62,2,99999,584.93400,58393.40000,4,"2019-12-18 00:00:00",0,3,0.00000
186,62,3,99999,450.58650,44958.65000,4,"2019-12-18 00:00:00",0,3,0.00000
187,63,1,99999,542.92350,54192.35000,4,"2019-12-18 00:00:00",0,3,134.00000
188,63,2,99999,0.00000,129.90000,4,"2014-12-10 00:00:00",0,3,0.00000
189,63,3,99999,0.00000,129.90000,4,"2014-12-10 00:00:00",0,3,0.00000
190,64,1,99999,0.00000,-25.20000,4,"2014-12-10 00:00:00",0,3,-24.00000
191,64,2,99999,0.00000,-25.20000,4,"2014-12-10 00:00:00",0,3,0.00000
192,64,3,99999,0.00000,-25.20000,4,"2014-12-10 00:00:00",0,3,0.00000
193,65,1,99999,0.00000,0.00000,4,"2014-03-27 00:00:00",0,3,0.00000
194,65,2,99999,0.00000,0.00000,4,"2014-03-27 00:00:00",0,3,0.00000
195,65,3,99999,0.00000,0.00000,4,"2014-03-27 00:00:00",0,3,0.00000
196,66,1,99999,0.00000,600.00000,2,"2014-03-27 00:00:00",0,3,600.00000
197,66,2,99999,0.00000,600.00000,2,"2014-03-27 00:00:00",0,3,600.00000
198,66,3,99999,0.00000,600.00000,2,"2014-03-27 00:00:00",0,3,600.00000
199,67,1,99999,0.00000,882.30000,4,"2014-12-10 00:00:00",0,3,898.00000
200,67,2,99999,0.00000,939.50000,4,"2014-12-10 00:00:00",0,3,0.00000
201,67,3,99999,0.00000,776.70000,4,"2014-12-10 00:00:00",0,3,0.00000
205,69,1,99999,0.00000,0.00000,4,"2015-08-21 00:00:00",0,3,0.00000
206,69,2,99999,0.00000,0.00000,4,"2015-08-21 00:00:00",0,3,0.00000
207,69,3,99999,0.00000,0.00000,4,"2015-08-21 00:00:00",0,3,0.00000
208,70,1,99999,263.58150,26258.15000,2,"2019-12-18 00:00:00",0,3,4708.00000
209,70,2,99999,281.50500,28050.50000,2,"2019-12-18 00:00:00",0,3,610.00000
210,70,3,99999,251.27550,25027.55000,2,"2019-12-18 00:00:00",0,3,520.00000
211,71,1,99999,58.85250,5785.25000,4,"2019-12-18 00:00:00",0,3,2038.00000
212,71,2,99999,58.85250,5785.25000,4,"2019-12-18 00:00:00",0,3,0.00000
213,71,3,99999,58.83150,5783.15000,4,"2019-12-18 00:00:00",0,3,0.00000
223,75,1,99999,156.17700,15517.70000,2,"2019-12-18 00:00:00",0,3,3606.00000
224,75,2,99999,174.90900,17390.90000,2,"2019-12-18 00:00:00",0,3,580.00000
225,75,3,99999,158.93850,15793.85000,2,"2019-12-18 00:00:00",0,3,550.00000
226,76,1,99999,321.41550,32041.55000,2,"2019-12-18 00:00:00",0,3,5667.00000
227,76,2,99999,366.96450,36596.45000,2,"2019-12-18 00:00:00",0,3,950.00000
228,76,3,99999,257.11350,25611.35000,2,"2019-12-18 00:00:00",0,3,800.00000
229,77,1,99999,102.39600,10139.60000,2,"2019-12-18 00:00:00",0,3,1437.00000
230,77,2,99999,89.47050,8847.05000,2,"2019-12-18 00:00:00",0,3,700.00000
231,77,3,99999,66.99000,6599.00000,2,"2019-12-18 00:00:00",0,3,528.57142
232,78,1,99999,38.87100,3787.10000,2,"2019-12-18 00:00:00",0,3,478.00000
233,78,2,99999,41.26500,4026.50000,2,"2019-12-18 00:00:00",0,3,400.00000
234,78,3,99999,19.50900,1850.90000,2,"2019-12-18 00:00:00",0,3,233.33333
235,79,1,99999,38.87100,3787.10000,2,"2019-12-18 00:00:00",0,3,478.00000
236,79,2,99999,41.26500,4026.50000,2,"2019-12-18 00:00:00",0,3,999.99999
237,79,3,99999,39.00750,3800.75000,2,"2019-12-18 00:00:00",0,3,999.99999
244,82,1,99999,102.39600,10139.60000,2,"2019-12-18 00:00:00",0,3,1726.00000
245,82,2,99999,137.60250,13660.25000,2,"2019-12-18 00:00:00",0,3,450.00000
246,82,3,99999,68.29200,6729.20000,2,"2019-12-18 00:00:00",0,3,400.00000
262,88,1,99999,0.00000,350.00000,2,"2014-03-27 00:00:00",0,3,350.00000
263,88,2,99999,0.00000,350.00000,2,"2014-03-27 00:00:00",0,3,350.00000
264,88,3,99999,0.00000,340.00000,2,"2014-03-27 00:00:00",0,3,340.00000
265,89,1,99999,286.71300,28571.30000,2,"2019-12-18 00:00:00",0,3,200.00000
266,89,2,99999,0.00000,200.00000,2,"2014-03-27 00:00:00",0,3,200.00000
267,89,3,99999,0.00000,200.00000,2,"2014-03-27 00:00:00",0,3,200.00000
268,90,1,99999,0.00000,200.00000,2,"2014-03-27 00:00:00",0,3,200.00000
269,90,2,99999,0.00000,200.00000,2,"2014-03-27 00:00:00",0,3,200.00000
270,90,3,99999,0.00000,200.00000,2,"2014-03-27 00:00:00",0,3,200.00000
274,92,1,99999,307.18800,30618.80000,2,"2019-12-18 00:00:00",0,3,5858.00000
275,92,2,99999,355.53000,35453.00000,2,"2019-12-18 00:00:00",0,3,999.99999
276,92,3,99999,278.91150,27791.15000,2,"2019-12-18 00:00:00",0,3,999.99999
283,95,1,99999,0.00000,200.00000,2,"2014-03-27 00:00:00",0,3,200.00000
284,95,2,99999,0.00000,200.00000,2,"2014-03-27 00:00:00",0,3,200.00000
285,95,3,99999,19.50900,1850.90000,2,"2019-12-18 00:00:00",0,3,200.00000
286,96,1,99999,307.18800,30618.80000,2,"2019-12-18 00:00:00",0,3,5858.00000
287,96,2,99999,355.53000,35453.00000,2,"2019-12-18 00:00:00",0,3,999.99999
288,96,3,99999,296.03700,29503.70000,2,"2019-12-18 00:00:00",0,3,999.99999
289,97,1,99999,337.90050,33690.05000,2,"2019-12-18 00:00:00",0,3,6629.00000
290,97,2,99999,389.91750,38891.75000,2,"2019-12-18 00:00:00",0,3,999.99999
291,97,3,99999,342.79350,34179.35000,2,"2019-12-18 00:00:00",0,3,999.99999
292,98,1,99999,276.43350,27543.35000,2,"2019-12-18 00:00:00",0,3,350.00000
293,98,2,99999,0.00000,350.00000,2,"2014-03-27 00:00:00",0,3,350.00000
294,98,3,99999,93.51300,9251.30000,2,"2019-12-18 00:00:00",0,3,350.00000
322,108,1,99999,342.77250,34177.25000,2,"2019-12-18 00:00:00",0,3,5716.00000
323,108,2,99999,346.11150,34511.15000,2,"2019-12-18 00:00:00",0,3,650.00000
324,108,3,99999,331.61100,33061.10000,2,"2019-12-18 00:00:00",0,3,600.00000
337,113,1,99999,190.22850,18922.85000,2,"2019-12-18 00:00:00",0,3,3202.00000
338,113,2,99999,199.80450,19880.45000,2,"2019-12-18 00:00:00",0,3,340.00000
339,113,3,99999,174.99300,17399.30000,2,"2019-12-18 00:00:00",0,3,260.00000
355,119,1,99999,133.16100,13216.10000,2,"2019-12-18 00:00:00",0,3,2176.00000
356,119,2,99999,136.29000,13529.00000,2,"2019-12-18 00:00:00",0,3,560.00000
357,119,3,99999,128.96100,12796.10000,2,"2019-12-18 00:00:00",0,3,480.00000
361,121,1,99999,0.00000,32.00000,2,"2014-03-27 00:00:00",0,3,32.00000
362,121,2,99999,0.00000,342.00000,2,"2014-03-27 00:00:00",0,3,342.00000
363,121,3,99999,0.00000,342.00000,2,"2014-03-27 00:00:00",0,3,342.00000
373,125,1,99999,294.90300,29390.30000,2,"2019-12-18 00:00:00",0,3,5244.00000
374,125,2,99999,269.57700,26857.70000,2,"2019-12-18 00:00:00",0,3,550.00000
375,125,3,99999,257.90100,25690.10000,2,"2019-12-18 00:00:00",0,3,500.00000
376,126,1,99999,0.00000,710.00000,2,"2014-03-27 00:00:00",0,3,710.00000
377,126,2,99999,0.00000,750.00000,2,"2014-03-27 00:00:00",0,3,750.00000
378,126,3,99999,0.00000,680.00000,2,"2014-03-27 00:00:00",0,3,680.00000
379,127,1,99999,390.07500,38907.50000,2,"2019-12-18 00:00:00",0,3,8387.00000
380,127,2,99999,418.67700,41767.70000,2,"2019-12-18 00:00:00",0,3,900.00000
381,127,3,99999,366.57600,36557.60000,2,"2019-12-18 00:00:00",0,3,900.00000
391,131,1,99999,215.59650,21459.65000,2,"2019-12-18 00:00:00",0,3,3360.00000
392,131,2,99999,215.59650,21459.65000,2,"2019-12-18 00:00:00",0,3,340.00000
393,131,3,99999,184.22250,18322.25000,2,"2019-12-18 00:00:00",0,3,300.00000
394,132,1,99999,0.00000,0.00000,2,"2014-03-27 00:00:00",0,3,0.00000
395,132,2,99999,0.00000,0.00000,2,"2014-03-27 00:00:00",0,3,0.00000
396,132,3,99999,0.00000,0.00000,2,"2014-03-27 00:00:00",0,3,0.00000
400,134,1,99999,342.49950,34149.95000,4,"2019-12-18 00:00:00",0,3,7131.00000
401,134,2,99999,342.49950,34149.95000,4,"2019-12-18 00:00:00",0,3,0.00000
402,134,3,99999,368.42400,36742.40000,4,"2019-12-18 00:00:00",0,3,0.00000
403,135,1,99999,263.21400,26221.40000,4,"2019-12-18 00:00:00",0,3,4301.00000
404,135,2,99999,263.21400,26221.40000,4,"2019-12-18 00:00:00",0,3,0.00000
405,135,3,99999,214.78800,21378.80000,4,"2019-12-18 00:00:00",0,3,0.00000
406,136,1,99999,263.21400,26221.40000,4,"2019-12-18 00:00:00",0,3,4616.00000
407,136,2,99999,269.57700,26857.70000,4,"2019-12-18 00:00:00",0,3,0.00000
408,136,3,99999,236.96400,23596.40000,4,"2019-12-18 00:00:00",0,3,0.00000
409,137,1,99999,0.00000,0.00000,4,"2014-03-27 00:00:00",0,3,0.00000
410,137,2,99999,269.57700,26857.70000,4,"2019-12-18 00:00:00",0,3,0.00000
411,137,3,99999,0.00000,0.00000,4,"2014-03-27 00:00:00",0,3,0.00000
412,138,1,99999,0.00000,0.00000,4,"2014-03-27 00:00:00",0,3,0.00000
413,138,2,99999,0.00000,0.00000,4,"2014-03-27 00:00:00",0,3,0.00000
414,138,3,99999,0.00000,0.00000,4,"2014-03-27 00:00:00",0,3,0.00000
415,139,1,99999,0.00000,0.00000,4,"2014-03-27 00:00:00",0,3,0.00000
416,139,2,99999,0.00000,0.00000,4,"2014-03-27 00:00:00",0,3,0.00000
417,139,3,99999,0.00000,0.00000,4,"2014-03-27 00:00:00",0,3,0.00000
418,140,1,99999,0.00000,0.00000,4,"2014-03-27 00:00:00",0,3,0.00000
419,140,2,99999,0.00000,0.00000,4,"2014-03-27 00:00:00",0,3,0.00000
420,140,3,99999,0.00000,0.00000,4,"2014-03-27 00:00:00",0,3,0.00000
475,159,1,99999,257.48100,25648.10000,4,"2019-12-18 00:00:00",0,3,5394.00000
476,159,2,99999,275.19450,27419.45000,4,"2019-12-18 00:00:00",0,3,0.00000
477,159,3,99999,0.00000,5020.00000,4,"2014-03-27 00:00:00",0,3,0.00000
478,160,1,99999,0.00000,0.00000,4,"2014-03-27 00:00:00",0,3,0.00000
479,160,2,99999,0.00000,0.00000,4,"2014-03-27 00:00:00",0,3,0.00000
480,160,3,99999,0.00000,0.00000,4,"2014-03-27 00:00:00",0,3,0.00000
481,161,1,99999,0.00000,0.00000,3,"2014-03-27 00:00:00",0,3,0.00000
482,161,2,99999,0.00000,0.00000,3,"2014-03-27 00:00:00",0,3,0.00000
483,161,3,99999,0.00000,0.00000,3,"2014-03-27 00:00:00",0,3,0.00000
484,162,1,99999,0.00000,0.00000,4,"2014-08-05 00:00:00",0,3,0.00000
485,162,2,99999,0.00000,0.00000,4,"2014-08-05 00:00:00",0,3,0.00000
486,162,3,99999,0.00000,0.00000,4,"2014-08-05 00:00:00",0,3,0.00000
487,163,1,99999,0.00000,-100.00000,2,"2014-08-05 00:00:00",0,3,-100.00000
488,163,2,99999,0.00000,-100.00000,2,"2014-08-05 00:00:00",0,3,-100.00000
489,163,3,99999,0.00000,-100.00000,2,"2014-08-05 00:00:00",0,3,-100.00000
490,164,1,99999,0.00000,0.00000,4,"2014-04-28 00:00:00",0,3,0.00000
491,164,2,99999,0.00000,0.00000,4,"2014-04-28 00:00:00",0,3,0.00000
492,164,3,99999,0.00000,0.00000,4,"2014-04-28 00:00:00",0,3,0.00000
493,165,1,99999,0.00000,-100.00000,2,"2014-04-28 00:00:00",0,3,-100.00000
494,165,2,99999,0.00000,-100.00000,2,"2014-04-28 00:00:00",0,3,-100.00000
495,165,3,99999,0.00000,-100.00000,2,"2014-04-28 00:00:00",0,3,-100.00000
496,166,1,99999,0.00000,480.00000,2,"2014-04-28 00:00:00",0,3,480.00000
497,166,2,99999,182.28000,18128.00000,2,"2019-12-18 00:00:00",0,3,380.00000
498,166,3,99999,0.00000,3237.00000,2,"2014-04-28 00:00:00",0,3,480.00000
505,169,1,99999,0.00000,0.00000,4,"2014-03-27 00:00:00",0,3,0.00000
506,169,2,99999,0.00000,0.00000,4,"2014-03-27 00:00:00",0,3,0.00000
507,169,3,99999,0.00000,0.00000,4,"2014-03-27 00:00:00",0,3,0.00000
508,170,1,99999,0.00000,0.00000,4,"2014-03-27 00:00:00",0,3,0.00000
509,170,2,99999,0.00000,0.00000,4,"2014-03-27 00:00:00",0,3,0.00000
510,170,3,99999,0.00000,0.00000,4,"2014-03-27 00:00:00",0,3,0.00000
511,171,1,99999,0.00000,0.00000,4,"2014-03-27 00:00:00",0,3,0.00000
512,171,2,99999,0.00000,0.00000,4,"2014-03-27 00:00:00",0,3,0.00000
513,171,3,99999,0.00000,0.00000,4,"2014-03-27 00:00:00",0,3,0.00000
514,172,1,99999,0.00000,0.00000,4,"2014-03-27 00:00:00",0,3,0.00000
515,172,2,99999,0.00000,0.00000,4,"2014-03-27 00:00:00",0,3,0.00000
516,172,3,99999,0.00000,0.00000,4,"2014-03-27 00:00:00",0,3,0.00000
517,173,1,99999,0.00000,0.00000,4,"2014-03-27 00:00:00",0,3,0.00000
518,173,2,99999,0.00000,0.00000,4,"2014-03-27 00:00:00",0,3,0.00000
519,173,3,99999,0.00000,0.00000,4,"2014-03-27 00:00:00",0,3,0.00000
520,174,1,99999,0.00000,0.00000,4,"2014-03-27 00:00:00",0,3,0.00000
521,174,2,99999,0.00000,0.00000,4,"2014-03-27 00:00:00",0,3,0.00000
522,174,3,99999,0.00000,0.00000,4,"2014-03-27 00:00:00",0,3,0.00000
523,175,1,99999,0.00000,0.00000,4,"2014-03-27 00:00:00",0,3,0.00000
524,175,2,99999,0.00000,0.00000,4,"2014-03-27 00:00:00",0,3,0.00000
525,175,3,99999,0.00000,0.00000,4,"2014-03-27 00:00:00",0,3,0.00000
526,176,1,99999,0.00000,0.00000,4,"2014-03-27 00:00:00",0,3,0.00000
527,176,2,99999,0.00000,0.00000,4,"2014-03-27 00:00:00",0,3,0.00000
528,176,3,99999,0.00000,0.00000,4,"2014-03-27 00:00:00",0,3,0.00000
529,177,1,99999,0.00000,0.00000,4,"2014-03-27 00:00:00",0,3,0.00000
530,177,2,99999,0.00000,0.00000,4,"2014-03-27 00:00:00",0,3,0.00000
531,177,3,99999,0.00000,0.00000,4,"2014-03-27 00:00:00",0,3,0.00000
532,178,1,99999,0.00000,0.00000,4,"2014-03-27 00:00:00",0,3,0.00000
533,178,2,99999,0.00000,0.00000,4,"2014-03-27 00:00:00",0,3,0.00000
534,178,3,99999,0.00000,0.00000,4,"2014-03-27 00:00:00",0,3,0.00000
535,179,1,99999,0.00000,0.00000,4,"2014-03-27 00:00:00",0,3,0.00000
536,179,2,99999,0.00000,0.00000,4,"2014-03-27 00:00:00",0,3,0.00000
537,179,3,99999,0.00000,0.00000,4,"2014-03-27 00:00:00",0,3,0.00000
538,180,1,99999,0.00000,0.00000,4,"2014-03-27 00:00:00",0,3,0.00000
539,180,2,99999,0.00000,0.00000,4,"2014-03-27 00:00:00",0,3,0.00000
540,180,3,99999,0.00000,0.00000,4,"2014-03-27 00:00:00",0,3,0.00000
541,181,1,99999,0.00000,0.00000,4,"2014-03-27 00:00:00",0,3,0.00000
542,181,2,99999,0.00000,0.00000,4,"2014-03-27 00:00:00",0,3,0.00000
543,181,3,99999,0.00000,0.00000,4,"2014-03-27 00:00:00",0,3,0.00000
544,182,1,99999,0.00000,0.00000,4,"2014-03-27 00:00:00",0,3,0.00000
545,182,2,99999,0.00000,0.00000,4,"2014-03-27 00:00:00",0,3,0.00000
546,182,3,99999,0.00000,0.00000,4,"2014-03-27 00:00:00",0,3,0.00000
547,183,1,99999,0.00000,0.00000,4,"2014-03-27 00:00:00",0,3,0.00000
548,183,2,99999,0.00000,0.00000,4,"2014-03-27 00:00:00",0,3,0.00000
549,183,3,99999,0.00000,0.00000,4,"2014-03-27 00:00:00",0,3,0.00000
550,184,1,99999,0.00000,0.00000,4,"2014-03-27 00:00:00",0,3,0.00000
551,184,2,99999,0.00000,0.00000,4,"2014-03-27 00:00:00",0,3,0.00000
552,184,3,99999,0.00000,0.00000,4,"2014-03-27 00:00:00",0,3,0.00000
553,185,1,99999,0.00000,0.00000,4,"2014-03-27 00:00:00",0,3,0.00000
554,185,2,99999,0.00000,0.00000,4,"2014-03-27 00:00:00",0,3,0.00000
555,185,3,99999,0.00000,0.00000,4,"2014-03-27 00:00:00",0,3,0.00000
556,186,1,99999,0.00000,0.00000,4,"2014-03-27 00:00:00",0,3,0.00000
557,186,2,99999,0.00000,0.00000,4,"2014-03-27 00:00:00",0,3,0.00000
558,186,3,99999,0.00000,0.00000,4,"2014-03-27 00:00:00",0,3,0.00000
559,187,1,99999,0.00000,0.00000,4,"2014-03-27 00:00:00",0,3,0.00000
560,187,2,99999,0.00000,0.00000,4,"2014-03-27 00:00:00",0,3,0.00000
561,187,3,99999,0.00000,0.00000,4,"2014-03-27 00:00:00",0,3,0.00000
562,188,1,99999,0.00000,0.00000,4,"2014-03-27 00:00:00",0,3,0.00000
563,188,2,99999,0.00000,0.00000,4,"2014-03-27 00:00:00",0,3,0.00000
564,188,3,99999,0.00000,0.00000,4,"2014-03-27 00:00:00",0,3,0.00000
565,189,1,99999,0.00000,0.00000,4,"2014-03-27 00:00:00",0,3,0.00000
566,189,2,99999,0.00000,0.00000,4,"2014-03-27 00:00:00",0,3,0.00000
567,189,3,99999,0.00000,0.00000,4,"2014-03-27 00:00:00",0,3,0.00000
568,190,1,99999,0.00000,0.00000,4,"2014-03-27 00:00:00",0,3,0.00000
569,190,2,99999,0.00000,0.00000,4,"2014-03-27 00:00:00",0,3,0.00000
570,190,3,99999,0.00000,0.00000,4,"2014-03-27 00:00:00",0,3,0.00000
571,191,1,99999,0.00000,0.00000,4,"2014-03-27 00:00:00",0,3,0.00000
572,191,2,99999,0.00000,0.00000,4,"2014-03-27 00:00:00",0,3,0.00000
573,191,3,99999,0.00000,0.00000,4,"2014-03-27 00:00:00",0,3,0.00000
574,192,1,99999,0.00000,0.00000,4,"2014-03-27 00:00:00",0,3,0.00000
575,192,2,99999,0.00000,0.00000,4,"2014-03-27 00:00:00",0,3,0.00000
576,192,3,99999,0.00000,0.00000,4,"2014-03-27 00:00:00",0,3,0.00000
577,193,1,99999,0.00000,0.00000,4,"2014-03-27 00:00:00",0,3,0.00000
578,193,2,99999,0.00000,0.00000,4,"2014-03-27 00:00:00",0,3,0.00000
579,193,3,99999,0.00000,0.00000,4,"2014-03-27 00:00:00",0,3,0.00000
580,194,1,99999,0.00000,0.00000,4,"2014-03-27 00:00:00",0,3,0.00000
581,194,2,99999,0.00000,0.00000,4,"2014-03-27 00:00:00",0,3,0.00000
582,194,3,99999,0.00000,0.00000,4,"2014-03-27 00:00:00",0,3,0.00000
583,195,1,99999,0.00000,0.00000,4,"2014-03-27 00:00:00",0,3,0.00000
584,195,2,99999,0.00000,0.00000,4,"2014-03-27 00:00:00",0,3,0.00000
585,195,3,99999,0.00000,0.00000,4,"2014-03-27 00:00:00",0,3,0.00000
586,196,1,99999,0.00000,0.00000,4,"2014-03-27 00:00:00",0,3,0.00000
587,196,2,99999,0.00000,0.00000,4,"2014-03-27 00:00:00",0,3,0.00000
588,196,3,99999,0.00000,0.00000,4,"2014-03-27 00:00:00",0,3,0.00000
589,197,1,99999,0.00000,0.00000,4,"2014-03-27 00:00:00",0,3,0.00000
590,197,2,99999,0.00000,0.00000,4,"2014-03-27 00:00:00",0,3,0.00000
591,197,3,99999,0.00000,0.00000,4,"2014-03-27 00:00:00",0,3,0.00000
592,198,1,99999,0.00000,0.00000,4,"2014-03-27 00:00:00",0,3,0.00000
593,198,2,99999,0.00000,0.00000,4,"2014-03-27 00:00:00",0,3,0.00000
594,198,3,99999,0.00000,0.00000,4,"2014-03-27 00:00:00",0,3,0.00000
595,199,1,99999,0.00000,0.00000,4,"2017-01-05 00:00:00",0,3,0.00000
596,199,2,99999,0.00000,0.00000,4,"2017-01-05 00:00:00",0,3,0.00000
597,199,3,99999,0.00000,0.00000,4,"2017-01-05 00:00:00",0,3,0.00000
598,200,1,99999,0.00000,0.00000,4,"2014-03-27 00:00:00",0,3,0.00000
599,200,2,99999,0.00000,0.00000,4,"2014-03-27 00:00:00",0,3,0.00000
600,200,3,99999,0.00000,0.00000,4,"2014-03-27 00:00:00",0,3,0.00000
601,201,1,99999,0.00000,0.00000,4,"2014-03-27 00:00:00",0,3,0.00000
602,201,2,99999,0.00000,0.00000,4,"2014-03-27 00:00:00",0,3,0.00000
603,201,3,99999,0.00000,0.00000,4,"2014-03-27 00:00:00",0,3,0.00000
604,202,1,99999,0.00000,0.00000,4,"2014-03-27 00:00:00",0,3,0.00000
605,202,2,99999,0.00000,0.00000,4,"2014-03-27 00:00:00",0,3,0.00000
606,202,3,99999,0.00000,0.00000,4,"2014-03-27 00:00:00",0,3,0.00000
607,203,1,99999,0.00000,0.00000,4,"2014-03-27 00:00:00",0,3,0.00000
608,203,2,99999,0.00000,0.00000,4,"2014-03-27 00:00:00",0,3,0.00000
609,203,3,99999,0.00000,0.00000,4,"2014-03-27 00:00:00",0,3,0.00000
610,204,1,99999,0.00000,0.00000,4,"2014-03-27 00:00:00",0,3,0.00000
611,204,2,99999,0.00000,0.00000,4,"2014-03-27 00:00:00",0,3,0.00000
612,204,3,99999,0.00000,0.00000,4,"2014-03-27 00:00:00",0,3,0.00000
613,205,1,99999,0.00000,0.00000,4,"2014-03-27 00:00:00",0,3,0.00000
614,205,2,99999,0.00000,0.00000,4,"2014-03-27 00:00:00",0,3,0.00000
615,205,3,99999,0.00000,0.00000,4,"2014-03-27 00:00:00",0,3,0.00000
616,206,1,99999,0.00000,0.00000,4,"2014-03-27 00:00:00",0,3,0.00000
617,206,2,99999,0.00000,0.00000,4,"2014-03-27 00:00:00",0,3,0.00000
618,206,3,99999,0.00000,0.00000,4,"2014-03-27 00:00:00",0,3,0.00000
619,207,1,99999,0.00000,0.00000,4,"2014-03-27 00:00:00",0,3,0.00000
620,207,2,99999,0.00000,0.00000,4,"2014-03-27 00:00:00",0,3,0.00000
621,207,3,99999,0.00000,0.00000,4,"2014-03-27 00:00:00",0,3,0.00000
622,208,1,99999,0.00000,0.00000,4,"2014-03-27 00:00:00",0,3,0.00000
623,208,2,99999,0.00000,0.00000,4,"2014-03-27 00:00:00",0,3,0.00000
624,208,3,99999,0.00000,0.00000,4,"2014-03-27 00:00:00",0,3,0.00000
625,209,1,99999,33.75750,3275.75000,2,"2019-12-18 00:00:00",0,3,1125.00000
626,209,2,99999,7.84350,684.35000,2,"2019-12-18 00:00:00",0,3,100.00000
627,209,3,99999,3.94800,294.80000,2,"2019-12-18 00:00:00",0,3,0.00000
631,211,1,99999,36.85500,3585.50000,2,"2019-12-18 00:00:00",0,3,1240.00000
632,211,2,99999,3.99000,299.00000,2,"2019-12-18 00:00:00",0,3,0.00000
633,211,3,99999,3.94800,294.80000,2,"2019-12-18 00:00:00",0,3,0.00000
634,212,1,99999,28.72800,2772.80000,2,"2019-12-18 00:00:00",0,3,942.00000
635,212,2,99999,3.99000,299.00000,2,"2019-12-18 00:00:00",0,3,0.00000
636,212,3,99999,3.94800,294.80000,2,"2019-12-18 00:00:00",0,3,0.00000
637,213,1,99999,27.22650,2622.65000,2,"2019-12-18 00:00:00",0,3,889.00000
638,213,2,99999,3.99000,299.00000,2,"2019-12-18 00:00:00",0,3,0.00000
639,213,3,99999,3.94800,294.80000,2,"2019-12-18 00:00:00",0,3,0.00000
640,214,1,99999,28.24500,2724.50000,2,"2019-12-18 00:00:00",0,3,925.00000
641,214,2,99999,0.00000,0.00000,2,"2014-03-27 00:00:00",0,3,0.00000
642,214,3,99999,0.00000,0.00000,2,"2014-03-27 00:00:00",0,3,0.00000
643,215,1,99999,44.79300,4379.30000,2,"2019-12-18 00:00:00",0,3,1525.00000
644,215,2,99999,3.99000,299.00000,2,"2019-12-18 00:00:00",0,3,0.00000
645,215,3,99999,3.94800,294.80000,2,"2019-12-18 00:00:00",0,3,0.00000
646,216,1,99999,29.37900,2837.90000,2,"2019-12-18 00:00:00",0,3,967.00000
647,216,2,99999,3.99000,299.00000,2,"2019-12-18 00:00:00",0,3,0.00000
648,216,3,99999,3.94800,294.80000,2,"2019-12-18 00:00:00",0,3,0.00000
649,217,1,99999,26.77500,2577.50000,2,"2019-12-18 00:00:00",0,3,872.00000
650,217,2,99999,3.99000,299.00000,2,"2019-12-18 00:00:00",0,3,0.00000
651,217,3,99999,3.94800,294.80000,2,"2019-12-18 00:00:00",0,3,0.00000
652,218,1,99999,10.29000,929.00000,2,"2019-12-18 00:00:00",0,3,272.00000
653,218,2,99999,3.99000,299.00000,2,"2019-12-18 00:00:00",0,3,0.00000
654,218,3,99999,3.94800,294.80000,2,"2019-12-18 00:00:00",0,3,0.00000
655,219,1,99999,6.93000,593.00000,2,"2019-12-18 00:00:00",0,3,151.00000
656,219,2,99999,3.99000,299.00000,2,"2019-12-18 00:00:00",0,3,0.00000
657,219,3,99999,3.94800,294.80000,2,"2019-12-18 00:00:00",0,3,0.00000
658,220,1,99999,20.01300,1901.30000,2,"2019-12-18 00:00:00",0,3,627.00000
659,220,2,99999,3.99000,299.00000,2,"2019-12-18 00:00:00",0,3,0.00000
660,220,3,99999,3.94800,294.80000,2,"2019-12-18 00:00:00",0,3,0.00000
661,221,1,99999,38.46150,3746.15000,2,"2019-12-18 00:00:00",0,3,1296.00000
662,221,2,99999,3.99000,299.00000,2,"2019-12-18 00:00:00",0,3,0.00000
663,221,3,99999,3.94800,294.80000,2,"2019-12-18 00:00:00",0,3,0.00000
664,222,1,99999,10.88850,988.85000,2,"2019-12-18 00:00:00",0,3,295.00000
665,222,2,99999,0.00000,0.00000,2,"2014-03-27 00:00:00",0,3,0.00000
666,222,3,99999,0.00000,0.00000,2,"2014-03-27 00:00:00",0,3,0.00000
667,223,1,99999,0.00000,0.00000,2,"2014-03-27 00:00:00",0,3,0.00000
668,223,2,99999,0.00000,0.00000,2,"2014-03-27 00:00:00",0,3,0.00000
669,223,3,99999,0.00000,0.00000,2,"2014-03-27 00:00:00",0,3,0.00000
670,224,1,99999,15.26700,1426.70000,2,"2019-12-18 00:00:00",0,3,406.00000
671,224,2,99999,0.00000,0.00000,2,"2014-03-27 00:00:00",0,3,0.00000
672,224,3,99999,0.00000,0.00000,2,"2014-03-27 00:00:00",0,3,0.00000
674,225,1,0,0.00000,0.00000,2,"2014-03-27 00:00:00",120,3,0.00000
675,226,1,0,0.00000,0.00000,2,"2014-03-27 00:00:00",120,3,0.00000
676,225,3,0,0.00000,0.00000,2,"2014-03-27 00:00:00",120,3,0.00000
677,226,3,0,0.00000,0.00000,2,"2014-03-27 00:00:00",120,3,0.00000
678,225,2,0,0.00000,0.00000,2,"2014-03-27 00:00:00",120,3,0.00000
679,226,2,0,0.00000,0.00000,2,"2014-03-27 00:00:00",120,3,0.00000
684,5,4,0,336.69300,33569.30000,2,"2019-12-18 00:00:00",120,3,0.00000
685,6,4,0,336.69300,33569.30000,2,"2019-12-18 00:00:00",120,3,0.00000
686,7,4,0,0.00000,0.00000,2,"2015-09-08 00:00:00",120,3,0.00000
687,8,4,0,271.21500,27021.50000,2,"2019-12-18 00:00:00",120,3,0.00000
688,9,4,0,271.21500,27021.50000,2,"2019-12-18 00:00:00",120,3,0.00000
689,10,4,0,0.00000,0.00000,2,"2014-03-27 00:00:00",120,3,0.00000
690,11,4,0,0.00000,0.00000,2,"2014-03-27 00:00:00",120,3,0.00000
691,12,4,0,271.21500,27021.50000,2,"2019-12-18 00:00:00",120,3,0.00000
692,13,4,0,0.00000,3864.00000,2,"2014-03-27 00:00:00",120,3,0.00000
693,14,4,0,353.89200,35289.20000,2,"2019-12-18 00:00:00",120,3,0.00000
694,15,4,0,254.20500,25320.50000,2,"2019-12-18 00:00:00",120,3,0.00000
695,16,4,0,271.21500,27021.50000,2,"2019-12-18 00:00:00",120,3,0.00000
696,17,4,0,0.00000,0.00000,2,"2014-03-27 00:00:00",120,3,0.00000
697,18,4,0,363.75150,36275.15000,2,"2019-12-18 00:00:00",120,3,0.00000
699,20,4,0,273.16800,27216.80000,2,"2019-12-18 00:00:00",120,3,0.00000
700,21,4,0,273.16800,27216.80000,2,"2019-12-18 00:00:00",120,3,0.00000
701,22,4,0,235.31550,23431.55000,2,"2019-12-18 00:00:00",120,3,0.00000
702,23,4,0,271.42500,27042.50000,2,"2019-12-18 00:00:00",120,3,0.00000
703,24,4,0,289.73700,28873.70000,2,"2019-12-18 00:00:00",120,3,0.00000
704,25,4,0,289.73700,28873.70000,2,"2019-12-18 00:00:00",120,3,0.00000
705,26,4,0,271.42500,27042.50000,2,"2019-12-18 00:00:00",120,3,0.00000
707,28,4,0,490.32900,48932.90000,2,"2019-12-18 00:00:00",120,3,0.00000
708,29,4,0,134.16900,13316.90000,2,"2019-12-18 00:00:00",120,3,0.00000
710,31,4,0,262.03800,26103.80000,2,"2019-12-18 00:00:00",120,3,0.00000
712,33,4,0,595.79100,59479.10000,2,"2019-12-18 00:00:00",120,3,0.00000
714,35,4,0,630.14700,62914.70000,2,"2019-12-18 00:00:00",120,3,0.00000
715,36,4,0,698.11350,69711.35000,2,"2019-12-18 00:00:00",120,3,0.00000
716,37,4,0,716.54100,71554.10000,2,"2019-12-18 00:00:00",120,3,0.00000
720,41,4,0,639.33450,63833.45000,2,"2019-12-18 00:00:00",120,3,0.00000
722,43,4,0,364.08750,36308.75000,2,"2019-12-18 00:00:00",120,3,0.00000
724,45,4,0,595.79100,59479.10000,2,"2019-12-18 00:00:00",120,3,0.00000
725,46,4,0,595.79100,59479.10000,2,"2019-12-18 00:00:00",120,3,0.00000
727,48,4,0,595.79100,59479.10000,2,"2019-12-18 00:00:00",120,3,0.00000
728,49,4,0,0.00000,0.00000,2,"2014-03-27 00:00:00",120,3,0.00000
730,51,4,0,164.67150,16367.15000,2,"2019-12-18 00:00:00",120,3,0.00000
731,52,4,0,595.79100,59479.10000,2,"2019-12-18 00:00:00",120,3,0.00000
734,55,4,0,595.79100,59479.10000,2,"2019-12-18 00:00:00",120,3,0.00000
735,56,4,0,158.09850,15709.85000,2,"2019-12-18 00:00:00",120,3,0.00000
736,57,4,0,0.00000,0.00000,2,"2014-03-27 00:00:00",120,3,0.00000
737,58,4,0,201.42150,20042.15000,2,"2019-12-18 00:00:00",120,3,0.00000
738,59,4,0,0.00000,0.00000,2,"2014-03-27 00:00:00",120,3,0.00000
740,61,4,0,575.59950,57459.95000,2,"2019-12-18 00:00:00",120,3,0.00000
741,62,4,0,575.59950,57459.95000,2,"2019-12-18 00:00:00",120,3,0.00000
742,63,4,0,0.00000,93.00000,2,"2014-03-27 00:00:00",120,3,0.00000
743,64,4,0,0.00000,-37.00000,2,"2014-03-27 00:00:00",120,3,0.00000
744,65,4,0,0.00000,0.00000,2,"2014-03-27 00:00:00",120,3,0.00000
745,66,4,0,0.00000,0.00000,2,"2014-03-27 00:00:00",120,3,0.00000
746,67,4,0,0.00000,774.00000,2,"2014-03-27 00:00:00",120,3,0.00000
748,69,4,0,0.00000,0.00000,2,"2015-08-21 00:00:00",120,3,0.00000
749,225,4,0,0.00000,0.00000,2,"2014-03-27 00:00:00",120,3,0.00000
750,70,4,0,296.89800,29589.80000,2,"2019-12-18 00:00:00",120,3,0.00000
751,71,4,0,0.00000,1667.00000,2,"2014-03-27 00:00:00",120,3,0.00000
755,75,4,0,180.40050,17940.05000,2,"2019-12-18 00:00:00",120,3,0.00000
756,76,4,0,339.49650,33849.65000,2,"2019-12-18 00:00:00",120,3,0.00000
757,77,4,0,85.91100,8491.10000,2,"2019-12-18 00:00:00",120,3,0.00000
758,78,4,0,35.20650,3420.65000,2,"2019-12-18 00:00:00",120,3,0.00000
759,79,4,0,35.20650,3420.65000,2,"2019-12-18 00:00:00",120,3,0.00000
762,82,4,0,105.69300,10469.30000,2,"2019-12-18 00:00:00",120,3,0.00000
768,226,4,0,0.00000,0.00000,2,"2014-03-27 00:00:00",120,3,0.00000
769,88,4,0,0.00000,0.00000,2,"2014-03-27 00:00:00",120,3,0.00000
770,89,4,0,0.00000,0.00000,2,"2014-03-27 00:00:00",120,3,0.00000
771,90,4,0,0.00000,0.00000,2,"2014-03-27 00:00:00",120,3,0.00000
773,92,4,0,327.77850,32677.85000,2,"2019-12-18 00:00:00",120,3,0.00000
776,95,4,0,30.73350,2973.35000,2,"2019-12-18 00:00:00",120,3,0.00000
777,96,4,0,351.25650,35025.65000,2,"2019-12-18 00:00:00",120,3,0.00000
778,97,4,0,398.12850,39712.85000,2,"2019-12-18 00:00:00",120,3,0.00000
779,98,4,0,0.00000,0.00000,2,"2014-03-27 00:00:00",120,3,0.00000
789,108,4,0,359.80350,35880.35000,2,"2019-12-18 00:00:00",120,3,0.00000
794,113,4,0,207.66900,20666.90000,2,"2019-12-18 00:00:00",120,3,0.00000
800,119,4,0,148.30200,14730.20000,2,"2019-12-18 00:00:00",120,3,0.00000
802,121,4,0,247.95750,24695.75000,2,"2019-12-18 00:00:00",120,3,0.00000
806,125,4,0,283.54200,28254.20000,2,"2019-12-18 00:00:00",120,3,0.00000
807,126,4,0,0.00000,0.00000,2,"2014-03-27 00:00:00",120,3,0.00000
808,127,4,0,354.62700,35362.70000,2,"2019-12-18 00:00:00",120,3,0.00000
812,131,4,0,207.66900,20666.90000,2,"2019-12-18 00:00:00",120,3,0.00000
813,132,4,0,0.00000,0.00000,2,"2014-03-27 00:00:00",120,3,0.00000
815,134,4,0,356.06550,35506.55000,2,"2019-12-18 00:00:00",120,3,0.00000
816,135,4,0,257.05050,25605.05000,2,"2019-12-18 00:00:00",120,3,0.00000
817,136,4,0,280.23450,27923.45000,2,"2019-12-18 00:00:00",120,3,0.00000
818,137,4,0,0.00000,0.00000,2,"2014-03-27 00:00:00",120,3,0.00000
819,138,4,0,0.00000,0.00000,2,"2014-03-27 00:00:00",120,3,0.00000
820,139,4,0,0.00000,0.00000,2,"2014-03-27 00:00:00",120,3,0.00000
821,140,4,0,0.00000,0.00000,2,"2014-03-27 00:00:00",120,3,0.00000
840,159,4,0,243.07500,24207.50000,2,"2019-12-18 00:00:00",120,3,0.00000
841,160,4,0,0.00000,0.00000,2,"2014-03-27 00:00:00",120,3,0.00000
842,161,4,0,0.00000,0.00000,2,"2014-03-27 00:00:00",120,3,0.00000
843,162,4,0,0.00000,0.00000,2,"2014-08-05 00:00:00",120,3,0.00000
844,163,4,0,0.00000,0.00000,2,"2014-08-05 00:00:00",120,3,0.00000
845,164,4,0,0.00000,0.00000,2,"2014-04-28 00:00:00",120,3,0.00000
846,165,4,0,0.00000,0.00000,2,"2014-04-28 00:00:00",120,3,0.00000
847,166,4,0,0.00000,3237.00000,2,"2014-04-28 00:00:00",120,3,0.00000
850,169,4,0,0.00000,0.00000,2,"2014-03-27 00:00:00",120,3,0.00000
851,170,4,0,0.00000,0.00000,2,"2014-03-27 00:00:00",120,3,0.00000
852,171,4,0,0.00000,0.00000,2,"2014-03-27 00:00:00",120,3,0.00000
853,172,4,0,0.00000,0.00000,2,"2014-03-27 00:00:00",120,3,0.00000
854,173,4,0,0.00000,0.00000,2,"2014-03-27 00:00:00",120,3,0.00000
855,174,4,0,0.00000,0.00000,2,"2014-03-27 00:00:00",120,3,0.00000
856,175,4,0,0.00000,0.00000,2,"2014-03-27 00:00:00",120,3,0.00000
857,176,4,0,0.00000,0.00000,2,"2014-03-27 00:00:00",120,3,0.00000
858,177,4,0,0.00000,0.00000,2,"2014-03-27 00:00:00",120,3,0.00000
859,178,4,0,0.00000,0.00000,2,"2014-03-27 00:00:00",120,3,0.00000
860,179,4,0,0.00000,0.00000,2,"2014-03-27 00:00:00",120,3,0.00000
861,180,4,0,0.00000,0.00000,2,"2014-03-27 00:00:00",120,3,0.00000
862,181,4,0,0.00000,0.00000,2,"2014-03-27 00:00:00",120,3,0.00000
863,182,4,0,0.00000,0.00000,2,"2014-03-27 00:00:00",120,3,0.00000
864,183,4,0,0.00000,0.00000,2,"2014-03-27 00:00:00",120,3,0.00000
865,184,4,0,0.00000,0.00000,2,"2014-03-27 00:00:00",120,3,0.00000
866,185,4,0,0.00000,0.00000,2,"2014-03-27 00:00:00",120,3,0.00000
867,186,4,0,0.00000,0.00000,2,"2014-03-27 00:00:00",120,3,0.00000
868,187,4,0,0.00000,0.00000,2,"2014-03-27 00:00:00",120,3,0.00000
869,188,4,0,0.00000,0.00000,2,"2014-03-27 00:00:00",120,3,0.00000
870,189,4,0,0.00000,0.00000,2,"2014-03-27 00:00:00",120,3,0.00000
871,190,4,0,0.00000,0.00000,2,"2014-03-27 00:00:00",120,3,0.00000
872,191,4,0,0.00000,0.00000,2,"2014-03-27 00:00:00",120,3,0.00000
873,192,4,0,0.00000,0.00000,2,"2014-03-27 00:00:00",120,3,0.00000
874,193,4,0,0.00000,0.00000,2,"2014-03-27 00:00:00",120,3,0.00000
875,194,4,0,0.00000,0.00000,2,"2014-03-27 00:00:00",120,3,0.00000
876,195,4,0,0.00000,0.00000,2,"2014-03-27 00:00:00",120,3,0.00000
877,196,4,0,0.00000,0.00000,2,"2014-03-27 00:00:00",120,3,0.00000
878,197,4,0,0.00000,0.00000,2,"2014-03-27 00:00:00",120,3,0.00000
879,198,4,0,0.00000,0.00000,2,"2014-03-27 00:00:00",120,3,0.00000
880,199,4,0,0.00000,0.00000,2,"2017-01-05 00:00:00",120,3,0.00000
881,200,4,0,0.00000,0.00000,2,"2014-03-27 00:00:00",120,3,0.00000
882,201,4,0,0.00000,0.00000,2,"2014-03-27 00:00:00",120,3,0.00000
883,202,4,0,0.00000,0.00000,2,"2014-03-27 00:00:00",120,3,0.00000
884,203,4,0,0.00000,0.00000,2,"2014-03-27 00:00:00",120,3,0.00000
885,204,4,0,0.00000,0.00000,2,"2014-03-27 00:00:00",120,3,0.00000
886,205,4,0,0.00000,0.00000,2,"2014-03-27 00:00:00",120,3,0.00000
887,206,4,0,0.00000,0.00000,2,"2014-03-27 00:00:00",120,3,0.00000
888,207,4,0,0.00000,0.00000,2,"2014-03-27 00:00:00",120,3,0.00000
889,208,4,0,0.00000,0.00000,2,"2014-03-27 00:00:00",120,3,0.00000
890,209,4,0,0.00000,136.00000,2,"2014-03-27 00:00:00",120,3,0.00000
892,211,4,0,0.00000,18.00000,2,"2014-03-27 00:00:00",120,3,0.00000
893,212,4,0,0.00000,18.00000,2,"2014-03-27 00:00:00",120,3,0.00000
894,213,4,0,0.00000,18.00000,2,"2014-03-27 00:00:00",120,3,0.00000
895,214,4,0,0.00000,0.00000,2,"2014-03-27 00:00:00",120,3,0.00000
896,215,4,0,0.00000,18.00000,2,"2014-03-27 00:00:00",120,3,0.00000
897,216,4,0,0.00000,18.00000,2,"2014-05-07 00:00:00",120,3,0.00000
898,217,4,0,0.00000,18.00000,2,"2014-03-27 00:00:00",120,3,0.00000
899,218,4,0,0.00000,18.00000,2,"2014-03-27 00:00:00",120,3,0.00000
900,219,4,0,0.00000,18.00000,2,"2014-03-27 00:00:00",120,3,0.00000
901,220,4,0,0.00000,18.00000,2,"2014-03-27 00:00:00",120,3,0.00000
902,221,4,0,0.00000,18.00000,2,"2014-03-27 00:00:00",120,3,0.00000
903,222,4,0,0.00000,0.00000,2,"2014-03-27 00:00:00",120,3,0.00000
904,223,4,0,0.00000,0.00000,2,"2014-03-27 00:00:00",120,3,0.00000
905,224,4,0,0.00000,0.00000,2,"2014-03-27 00:00:00",120,3,0.00000
910,5,5,0,289.61100,28861.10000,2,"2019-12-18 00:00:00",120,3,0.00000
911,6,5,0,289.61100,28861.10000,2,"2019-12-18 00:00:00",120,3,0.00000
912,7,5,0,0.00000,0.00000,2,"2015-09-08 00:00:00",120,3,0.00000
913,8,5,0,185.07300,18407.30000,2,"2019-12-18 00:00:00",120,3,0.00000
914,9,5,0,185.07300,18407.30000,2,"2019-12-18 00:00:00",120,3,0.00000
915,10,5,0,0.00000,0.00000,2,"2014-03-27 00:00:00",120,3,0.00000
916,11,5,0,120.91800,11991.80000,2,"2019-12-18 00:00:00",120,3,0.00000
917,12,5,0,185.07300,18407.30000,2,"2019-12-18 00:00:00",120,3,0.00000
918,13,5,0,185.07300,18407.30000,2,"2019-12-18 00:00:00",120,3,0.00000
919,14,5,0,321.72000,32072.00000,2,"2019-12-18 00:00:00",120,3,0.00000
920,15,5,0,220.08000,21908.00000,2,"2019-12-18 00:00:00",120,3,0.00000
921,16,5,0,185.07300,18407.30000,2,"2019-12-18 00:00:00",120,3,0.00000
922,17,5,0,0.00000,0.00000,2,"2014-03-27 00:00:00",120,3,0.00000
923,18,5,0,314.94750,31394.75000,2,"2019-12-18 00:00:00",120,3,0.00000
925,20,5,0,280.28700,27928.70000,2,"2019-12-18 00:00:00",120,3,0.00000
926,21,5,0,280.28700,27928.70000,2,"2019-12-18 00:00:00",120,3,0.00000
927,22,5,0,243.79950,24279.95000,2,"2019-12-18 00:00:00",120,3,0.00000
928,23,5,0,268.18050,26718.05000,2,"2019-12-18 00:00:00",120,3,0.00000
929,24,5,0,278.67000,27767.00000,2,"2019-12-18 00:00:00",120,3,0.00000
930,25,5,0,278.67000,27767.00000,2,"2019-12-18 00:00:00",120,3,0.00000
931,26,5,0,313.46700,31246.70000,2,"2019-12-18 00:00:00",120,3,0.00000
933,28,5,0,445.75650,44475.65000,2,"2019-12-18 00:00:00",120,3,0.00000
934,29,5,0,121.96800,12096.80000,2,"2019-12-18 00:00:00",120,3,0.00000
936,31,5,0,243.79950,24279.95000,2,"2019-12-18 00:00:00",120,3,0.00000
938,33,5,0,573.11100,57211.10000,2,"2019-12-18 00:00:00",120,3,0.00000
940,35,5,0,545.58000,54458.00000,2,"2019-12-18 00:00:00",120,3,0.00000
941,36,5,0,604.45350,60345.35000,2,"2019-12-18 00:00:00",120,3,0.00000
942,37,5,0,659.88300,65888.30000,2,"2019-12-18 00:00:00",120,3,0.00000
946,41,5,0,556.72050,55572.05000,2,"2019-12-18 00:00:00",120,3,0.00000
948,43,5,0,0.00000,0.00000,2,"2014-03-27 00:00:00",120,3,0.00000
950,45,5,0,536.86500,53586.50000,2,"2019-12-18 00:00:00",120,3,0.00000
951,46,5,0,536.86500,53586.50000,2,"2019-12-18 00:00:00",120,3,0.00000
953,48,5,0,536.27700,53527.70000,2,"2019-12-18 00:00:00",120,3,0.00000
954,49,5,0,0.00000,0.00000,2,"2014-03-27 00:00:00",120,3,0.00000
956,51,5,0,146.33850,14533.85000,2,"2019-12-18 00:00:00",120,3,0.00000
957,52,5,0,536.86500,53586.50000,2,"2019-12-18 00:00:00",120,3,0.00000
960,55,5,0,536.86500,53586.50000,2,"2019-12-18 00:00:00",120,3,0.00000
961,56,5,0,230.28600,22928.60000,2,"2019-12-18 00:00:00",120,3,0.00000
962,57,5,0,0.00000,0.00000,2,"2014-03-27 00:00:00",120,3,0.00000
963,58,5,0,230.28600,22928.60000,2,"2019-12-18 00:00:00",120,3,0.00000
964,59,5,0,0.00000,0.00000,2,"2014-03-27 00:00:00",120,3,0.00000
966,61,5,0,573.11100,57211.10000,2,"2019-12-18 00:00:00",120,3,0.00000
967,62,5,0,0.00000,0.00000,2,"2014-03-27 00:00:00",120,3,0.00000
968,63,5,0,0.00000,0.00000,2,"2014-03-27 00:00:00",120,3,0.00000
969,64,5,0,0.00000,0.00000,2,"2014-03-27 00:00:00",120,3,0.00000
970,65,5,0,0.00000,0.00000,2,"2014-03-27 00:00:00",120,3,0.00000
971,66,5,0,0.00000,0.00000,2,"2014-03-27 00:00:00",120,3,0.00000
972,67,5,0,46.28400,4528.40000,2,"2019-12-18 00:00:00",120,3,0.00000
974,69,5,0,0.00000,0.00000,2,"2015-08-21 00:00:00",120,3,0.00000
975,225,5,0,0.00000,0.00000,2,"2014-03-27 00:00:00",120,3,0.00000
976,70,5,0,259.02450,25802.45000,2,"2019-12-18 00:00:00",120,3,0.00000
977,71,5,0,0.00000,0.00000,2,"2014-03-27 00:00:00",120,3,0.00000
981,75,5,0,156.16650,15516.65000,2,"2019-12-18 00:00:00",120,3,0.00000
982,76,5,0,335.62200,33462.20000,2,"2019-12-18 00:00:00",120,3,0.00000
983,77,5,0,74.37150,7337.15000,2,"2019-12-18 00:00:00",120,3,0.00000
984,78,5,0,33.83100,3283.10000,2,"2019-12-18 00:00:00",120,3,0.00000
985,79,5,0,33.83100,3283.10000,2,"2019-12-18 00:00:00",120,3,0.00000
988,82,5,0,108.10800,10710.80000,2,"2019-12-18 00:00:00",120,3,0.00000
994,226,5,0,0.00000,0.00000,2,"2014-03-27 00:00:00",120,3,0.00000
995,88,5,0,0.00000,0.00000,2,"2014-03-27 00:00:00",120,3,0.00000
996,89,5,0,0.00000,0.00000,2,"2014-03-27 00:00:00",120,3,0.00000
997,90,5,0,0.00000,0.00000,2,"2014-03-27 00:00:00",120,3,0.00000
999,92,5,0,315.34650,31434.65000,2,"2019-12-18 00:00:00",120,3,0.00000
1002,95,5,0,0.00000,0.00000,2,"2014-03-27 00:00:00",120,3,0.00000
1003,96,5,0,326.62350,32562.35000,2,"2019-12-18 00:00:00",120,3,0.00000
1004,97,5,0,371.68950,37068.95000,2,"2019-12-18 00:00:00",120,3,0.00000
1005,98,5,0,0.00000,0.00000,2,"2014-03-27 00:00:00",120,3,0.00000
1015,108,5,0,368.68650,36768.65000,2,"2019-12-18 00:00:00",120,3,0.00000
1020,113,5,0,236.60700,23560.70000,2,"2019-12-18 00:00:00",120,3,0.00000
1026,119,5,0,142.70550,14170.55000,2,"2019-12-18 00:00:00",120,3,0.00000
1028,121,5,0,0.00000,0.00000,2,"2014-03-27 00:00:00",120,3,0.00000
1032,125,5,0,294.89250,29389.25000,2,"2019-12-18 00:00:00",120,3,0.00000
1033,126,5,0,0.00000,0.00000,2,"2014-03-27 00:00:00",120,3,0.00000
1034,127,5,0,380.58300,37958.30000,2,"2019-12-18 00:00:00",120,3,0.00000
1038,131,5,0,199.77300,19877.30000,2,"2019-12-18 00:00:00",120,3,0.00000
1039,132,5,0,0.00000,0.00000,2,"2014-03-27 00:00:00",120,3,0.00000
1041,134,5,0,355.17300,35417.30000,2,"2019-12-18 00:00:00",120,3,0.00000
1042,135,5,0,239.26350,23826.35000,2,"2019-12-18 00:00:00",120,3,0.00000
1043,136,5,0,269.57700,26857.70000,2,"2019-12-18 00:00:00",120,3,0.00000
1044,137,5,0,0.00000,0.00000,2,"2014-03-27 00:00:00",120,3,0.00000
1045,138,5,0,0.00000,0.00000,2,"2014-03-27 00:00:00",120,3,0.00000
1046,139,5,0,0.00000,0.00000,2,"2014-03-27 00:00:00",120,3,0.00000
1047,140,5,0,0.00000,0.00000,2,"2014-03-27 00:00:00",120,3,0.00000
1066,159,5,0,247.90500,24690.50000,2,"2019-12-18 00:00:00",120,3,0.00000
1067,160,5,0,0.00000,0.00000,2,"2014-03-27 00:00:00",120,3,0.00000
1068,161,5,0,0.00000,0.00000,2,"2014-03-27 00:00:00",120,3,0.00000
1069,162,5,0,0.00000,0.00000,2,"2014-08-05 00:00:00",120,3,0.00000
1070,163,5,0,0.00000,0.00000,2,"2014-08-05 00:00:00",120,3,0.00000
1071,164,5,0,0.00000,0.00000,2,"2014-04-28 00:00:00",120,3,0.00000
1072,165,5,0,0.00000,0.00000,2,"2014-04-28 00:00:00",120,3,0.00000
1073,166,5,0,0.00000,0.00000,2,"2014-04-28 00:00:00",120,3,0.00000
1076,169,5,0,0.00000,0.00000,2,"2014-03-27 00:00:00",120,3,0.00000
1077,170,5,0,0.00000,0.00000,2,"2014-03-27 00:00:00",120,3,0.00000
1078,171,5,0,0.00000,0.00000,2,"2014-03-27 00:00:00",120,3,0.00000
1079,172,5,0,0.00000,0.00000,2,"2014-03-27 00:00:00",120,3,0.00000
1080,173,5,0,0.00000,0.00000,2,"2014-03-27 00:00:00",120,3,0.00000
1081,174,5,0,0.00000,0.00000,2,"2014-03-27 00:00:00",120,3,0.00000
1082,175,5,0,0.00000,0.00000,2,"2014-03-27 00:00:00",120,3,0.00000
1083,176,5,0,0.00000,0.00000,2,"2014-03-27 00:00:00",120,3,0.00000
1084,177,5,0,0.00000,0.00000,2,"2014-03-27 00:00:00",120,3,0.00000
1085,178,5,0,0.00000,0.00000,2,"2014-03-27 00:00:00",120,3,0.00000
1086,179,5,0,0.00000,0.00000,2,"2014-03-27 00:00:00",120,3,0.00000
1087,180,5,0,0.00000,0.00000,2,"2014-03-27 00:00:00",120,3,0.00000
1088,181,5,0,0.00000,0.00000,2,"2014-03-27 00:00:00",120,3,0.00000
1089,182,5,0,0.00000,0.00000,2,"2014-03-27 00:00:00",120,3,0.00000
1090,183,5,0,0.00000,0.00000,2,"2014-03-27 00:00:00",120,3,0.00000
1091,184,5,0,0.00000,0.00000,2,"2014-03-27 00:00:00",120,3,0.00000
1092,185,5,0,0.00000,0.00000,2,"2014-03-27 00:00:00",120,3,0.00000
1093,186,5,0,0.00000,0.00000,2,"2014-03-27 00:00:00",120,3,0.00000
1094,187,5,0,0.00000,0.00000,2,"2014-03-27 00:00:00",120,3,0.00000
1095,188,5,0,0.00000,0.00000,2,"2014-03-27 00:00:00",120,3,0.00000
1096,189,5,0,0.00000,0.00000,2,"2014-03-27 00:00:00",120,3,0.00000
1097,190,5,0,0.00000,0.00000,2,"2014-03-27 00:00:00",120,3,0.00000
1098,191,5,0,0.00000,0.00000,2,"2014-03-27 00:00:00",120,3,0.00000
1099,192,5,0,0.00000,0.00000,2,"2014-03-27 00:00:00",120,3,0.00000
1100,193,5,0,0.00000,0.00000,2,"2014-03-27 00:00:00",120,3,0.00000
1101,194,5,0,0.00000,0.00000,2,"2014-03-27 00:00:00",120,3,0.00000
1102,195,5,0,0.00000,0.00000,2,"2014-03-27 00:00:00",120,3,0.00000
1103,196,5,0,0.00000,0.00000,2,"2014-03-27 00:00:00",120,3,0.00000
1104,197,5,0,0.00000,0.00000,2,"2014-03-27 00:00:00",120,3,0.00000
1105,198,5,0,0.00000,0.00000,2,"2014-03-27 00:00:00",120,3,0.00000
1106,199,5,0,0.00000,0.00000,2,"2017-01-05 00:00:00",120,3,0.00000
1107,200,5,0,0.00000,0.00000,2,"2014-03-27 00:00:00",120,3,0.00000
1108,201,5,0,0.00000,0.00000,2,"2014-03-27 00:00:00",120,3,0.00000
1109,202,5,0,0.00000,0.00000,2,"2014-03-27 00:00:00",120,3,0.00000
1110,203,5,0,0.00000,0.00000,2,"2014-03-27 00:00:00",120,3,0.00000
1111,204,5,0,0.00000,0.00000,2,"2014-03-27 00:00:00",120,3,0.00000
1112,205,5,0,0.00000,0.00000,2,"2014-03-27 00:00:00",120,3,0.00000
1113,206,5,0,0.00000,0.00000,2,"2014-03-27 00:00:00",120,3,0.00000
1114,207,5,0,0.00000,0.00000,2,"2014-03-27 00:00:00",120,3,0.00000
1115,208,5,0,0.00000,0.00000,2,"2014-03-27 00:00:00",120,3,0.00000
1116,209,5,0,0.00000,0.00000,2,"2014-03-27 00:00:00",120,3,0.00000
1118,211,5,0,0.00000,0.00000,2,"2014-03-27 00:00:00",120,3,0.00000
1119,212,5,0,0.00000,0.00000,2,"2014-03-27 00:00:00",120,3,0.00000
1120,213,5,0,0.00000,0.00000,2,"2014-03-27 00:00:00",120,3,0.00000
1121,214,5,0,0.00000,0.00000,2,"2014-03-27 00:00:00",120,3,0.00000
1122,215,5,0,0.00000,0.00000,2,"2014-03-27 00:00:00",120,3,0.00000
1123,216,5,0,0.00000,0.00000,2,"2014-05-07 00:00:00",120,3,0.00000
1124,217,5,0,0.00000,0.00000,2,"2014-03-27 00:00:00",120,3,0.00000
1125,218,5,0,0.00000,0.00000,2,"2014-03-27 00:00:00",120,3,0.00000
1126,219,5,0,0.00000,0.00000,2,"2014-03-27 00:00:00",120,3,0.00000
1127,220,5,0,0.00000,0.00000,2,"2014-03-27 00:00:00",120,3,0.00000
1128,221,5,0,0.00000,0.00000,2,"2014-03-27 00:00:00",120,3,0.00000
1129,222,5,0,0.00000,0.00000,2,"2014-03-27 00:00:00",120,3,0.00000
1130,223,5,0,0.00000,0.00000,2,"2014-03-27 00:00:00",120,3,0.00000
1131,224,5,0,0.00000,0.00000,2,"2014-03-27 00:00:00",120,3,0.00000
1362,5,7,0,201.27800,20027.80000,2,"2019-12-09 00:00:00",120,3,0.00000
1363,6,7,0,201.27800,20027.80000,2,"2019-12-09 00:00:00",120,3,0.00000
1364,7,7,0,0.00000,0.00000,2,"2015-09-08 00:00:00",120,3,0.00000
1365,8,7,0,139.28200,13828.20000,2,"2019-12-09 00:00:00",120,3,0.00000
1366,9,7,0,139.28200,13828.20000,2,"2019-12-09 00:00:00",120,3,0.00000
1367,10,7,0,0.00000,0.00000,2,"2014-03-27 00:00:00",120,3,0.00000
1368,11,7,0,0.00000,0.00000,2,"2014-03-27 00:00:00",120,3,0.00000
1369,12,7,0,139.28200,13828.20000,2,"2019-12-09 00:00:00",120,3,0.00000
1370,13,7,0,0.00000,0.00000,2,"2014-03-27 00:00:00",120,3,0.00000
1371,14,7,0,201.63000,20063.00000,2,"2019-12-09 00:00:00",120,3,0.00000
1372,15,7,0,139.28200,13828.20000,2,"2019-12-09 00:00:00",120,3,0.00000
1373,16,7,0,153.52700,15252.70000,2,"2019-12-09 00:00:00",120,3,0.00000
1374,17,7,0,0.00000,0.00000,2,"2014-03-27 00:00:00",120,3,0.00000
1375,18,7,0,0.00000,0.00000,2,"2014-03-27 00:00:00",120,3,0.00000
1377,20,7,0,112.38700,11138.70000,2,"2019-12-09 00:00:00",120,3,0.00000
1378,21,7,0,112.38700,11138.70000,2,"2019-12-09 00:00:00",120,3,0.00000
1379,22,7,0,90.23300,8923.30000,2,"2019-12-09 00:00:00",120,3,0.00000
1380,23,7,0,105.42400,10442.40000,2,"2019-12-09 00:00:00",120,3,0.00000
1381,24,7,0,112.95900,11195.90000,2,"2019-12-09 00:00:00",120,3,0.00000
1382,25,7,0,112.95900,11195.90000,2,"2019-12-09 00:00:00",120,3,0.00000
1383,26,7,0,112.95900,11195.90000,2,"2019-12-09 00:00:00",120,3,0.00000
1385,28,7,0,164.89000,16389.00000,2,"2019-12-09 00:00:00",120,3,0.00000
1386,29,7,0,0.00000,0.00000,2,"2014-03-27 00:00:00",120,3,0.00000
1388,31,7,0,0.00000,0.00000,2,"2014-03-27 00:00:00",120,3,0.00000
1390,33,7,0,213.59800,21259.80000,2,"2019-12-09 00:00:00",120,3,0.00000
1392,35,7,0,225.67600,22467.60000,2,"2019-12-09 00:00:00",120,3,0.00000
1393,36,7,0,285.90100,28490.10000,2,"2019-12-09 00:00:00",120,3,0.00000
1394,37,7,0,272.39300,27139.30000,2,"2019-12-09 00:00:00",120,3,0.00000
1398,41,7,0,150.51300,14951.30000,2,"2019-12-09 00:00:00",120,3,0.00000
1400,43,7,0,126.74200,12574.20000,2,"2019-12-09 00:00:00",120,3,0.00000
1402,45,7,0,215.76500,21476.50000,2,"2019-12-09 00:00:00",120,3,0.00000
1403,46,7,0,215.76500,21476.50000,2,"2019-12-09 00:00:00",120,3,0.00000
1405,48,7,0,215.76500,21476.50000,2,"2019-12-09 00:00:00",120,3,0.00000
1406,49,7,0,0.00000,0.00000,2,"2014-03-27 00:00:00",120,3,0.00000
1408,51,7,0,97.83400,9683.40000,2,"2019-12-09 00:00:00",120,3,0.00000
1409,52,7,0,215.76500,21476.50000,2,"2019-12-09 00:00:00",120,3,0.00000
1412,55,7,0,215.76500,21476.50000,2,"2019-12-09 00:00:00",120,3,0.00000
1413,56,7,0,101.60700,10060.70000,2,"2019-12-09 00:00:00",120,3,0.00000
1414,57,7,0,0.00000,0.00000,2,"2014-03-27 00:00:00",120,3,0.00000
1415,58,7,0,0.00000,0.00000,2,"2014-03-27 00:00:00",120,3,0.00000
1416,59,7,0,0.00000,0.00000,2,"2014-03-27 00:00:00",120,3,0.00000
1418,61,7,0,0.00000,0.00000,2,"2014-03-27 00:00:00",120,3,0.00000
1419,62,7,0,0.00000,0.00000,2,"2014-03-27 00:00:00",120,3,0.00000
1420,63,7,0,0.00000,0.00000,2,"2014-03-27 00:00:00",120,3,0.00000
1421,64,7,0,0.00000,0.00000,2,"2014-03-27 00:00:00",120,3,0.00000
1422,65,7,0,0.00000,0.00000,2,"2014-03-27 00:00:00",120,3,0.00000
1423,66,7,0,0.00000,0.00000,2,"2014-03-27 00:00:00",120,3,0.00000
1424,67,7,0,0.00000,0.00000,2,"2014-03-27 00:00:00",120,3,0.00000
1426,69,7,0,0.00000,0.00000,2,"2015-08-21 00:00:00",120,3,0.00000
1427,225,7,0,0.00000,0.00000,2,"2014-03-27 00:00:00",120,3,0.00000
1428,70,7,0,0.00000,0.00000,2,"2017-01-12 00:00:00",120,3,0.00000
1429,71,7,0,0.00000,0.00000,2,"2014-03-27 00:00:00",120,3,0.00000
1433,75,7,0,99.03300,9803.30000,2,"2019-12-09 00:00:00",120,3,0.00000
1434,76,7,0,147.57600,14657.60000,2,"2019-12-09 00:00:00",120,3,0.00000
1435,77,7,0,35.86000,3486.00000,2,"2019-12-09 00:00:00",120,3,0.00000
1436,78,7,0,23.78200,2278.20000,2,"2019-12-09 00:00:00",120,3,0.00000
1437,79,7,0,39.72100,3872.10000,2,"2019-12-09 00:00:00",120,3,0.00000
1440,82,7,0,55.68200,5468.20000,2,"2019-12-09 00:00:00",120,3,0.00000
1446,226,7,0,0.00000,0.00000,2,"2014-03-27 00:00:00",120,3,0.00000
1447,88,7,0,0.00000,0.00000,2,"2014-03-27 00:00:00",120,3,0.00000
1448,89,7,0,0.00000,0.00000,2,"2014-03-27 00:00:00",120,3,0.00000
1449,90,7,0,0.00000,0.00000,2,"2014-03-27 00:00:00",120,3,0.00000
1451,92,7,0,0.00000,0.00000,2,"2014-03-27 00:00:00",120,3,0.00000
1454,95,7,0,0.00000,0.00000,2,"2014-03-27 00:00:00",120,3,0.00000
1455,96,7,0,165.09900,16409.90000,2,"2019-12-09 00:00:00",120,3,0.00000
1456,97,7,0,166.24300,16524.30000,2,"2019-12-09 00:00:00",120,3,0.00000
1457,98,7,0,0.00000,0.00000,2,"2014-03-27 00:00:00",120,3,0.00000
1467,108,7,0,167.98100,16698.10000,2,"2019-12-09 00:00:00",120,3,0.00000
1472,113,7,0,102.05800,10105.80000,2,"2019-12-09 00:00:00",120,3,0.00000
1478,119,7,0,77.68200,7668.20000,2,"2019-12-09 00:00:00",120,3,0.00000
1480,121,7,0,0.00000,0.00000,2,"2014-03-27 00:00:00",120,3,0.00000
1484,125,7,0,0.00000,0.00000,2,"2014-03-27 00:00:00",120,3,0.00000
1485,126,7,0,0.00000,0.00000,2,"2014-03-27 00:00:00",120,3,0.00000
1486,127,7,0,199.35300,19835.30000,2,"2019-12-09 00:00:00",120,3,0.00000
1490,131,7,0,0.00000,0.00000,2,"2014-03-27 00:00:00",120,3,0.00000
1491,132,7,0,0.00000,0.00000,2,"2014-03-27 00:00:00",120,3,0.00000
1493,134,7,0,0.00000,0.00000,2,"2014-03-27 00:00:00",120,3,0.00000
1494,135,7,0,0.00000,0.00000,2,"2014-03-27 00:00:00",120,3,0.00000
1495,136,7,0,0.00000,0.00000,2,"2014-03-27 00:00:00",120,3,0.00000
1496,137,7,0,0.00000,0.00000,2,"2014-03-27 00:00:00",120,3,0.00000
1497,138,7,0,0.00000,0.00000,2,"2014-03-27 00:00:00",120,3,0.00000
1498,139,7,0,0.00000,0.00000,2,"2014-03-27 00:00:00",120,3,0.00000
1499,140,7,0,0.00000,0.00000,2,"2014-03-27 00:00:00",120,3,0.00000
1518,159,7,0,0.00000,0.00000,2,"2014-03-27 00:00:00",120,3,0.00000
1519,160,7,0,0.00000,0.00000,2,"2014-03-27 00:00:00",120,3,0.00000
1520,161,7,0,0.00000,0.00000,2,"2014-03-27 00:00:00",120,3,0.00000
1521,162,7,0,0.00000,0.00000,2,"2014-08-05 00:00:00",120,3,0.00000
1522,163,7,0,0.00000,0.00000,2,"2014-08-05 00:00:00",120,3,0.00000
1523,164,7,0,0.00000,0.00000,2,"2014-04-28 00:00:00",120,3,0.00000
1524,165,7,0,0.00000,0.00000,2,"2014-04-28 00:00:00",120,3,0.00000
1525,166,7,0,0.00000,0.00000,2,"2014-04-28 00:00:00",120,3,0.00000
1528,169,7,0,0.00000,0.00000,2,"2014-03-27 00:00:00",120,3,0.00000
1529,170,7,0,0.00000,0.00000,2,"2014-03-27 00:00:00",120,3,0.00000
1530,171,7,0,0.00000,0.00000,2,"2014-03-27 00:00:00",120,3,0.00000
1531,172,7,0,0.00000,0.00000,2,"2014-03-27 00:00:00",120,3,0.00000
1532,173,7,0,0.00000,0.00000,2,"2014-03-27 00:00:00",120,3,0.00000
1533,174,7,0,0.00000,0.00000,2,"2014-03-27 00:00:00",120,3,0.00000
1534,175,7,0,0.00000,0.00000,2,"2014-03-27 00:00:00",120,3,0.00000
1535,176,7,0,0.00000,0.00000,2,"2014-03-27 00:00:00",120,3,0.00000
1536,177,7,0,0.00000,0.00000,2,"2014-03-27 00:00:00",120,3,0.00000
1537,178,7,0,0.00000,0.00000,2,"2014-03-27 00:00:00",120,3,0.00000
1538,179,7,0,0.00000,0.00000,2,"2014-03-27 00:00:00",120,3,0.00000
1539,180,7,0,0.00000,0.00000,2,"2014-03-27 00:00:00",120,3,0.00000
1540,181,7,0,0.00000,0.00000,2,"2014-03-27 00:00:00",120,3,0.00000
1541,182,7,0,0.00000,0.00000,2,"2014-03-27 00:00:00",120,3,0.00000
1542,183,7,0,0.00000,0.00000,2,"2014-03-27 00:00:00",120,3,0.00000
1543,184,7,0,0.00000,0.00000,2,"2014-03-27 00:00:00",120,3,0.00000
1544,185,7,0,0.00000,0.00000,2,"2014-03-27 00:00:00",120,3,0.00000
1545,186,7,0,0.00000,0.00000,2,"2014-03-27 00:00:00",120,3,0.00000
1546,187,7,0,0.00000,0.00000,2,"2014-03-27 00:00:00",120,3,0.00000
1547,188,7,0,0.00000,0.00000,2,"2014-03-27 00:00:00",120,3,0.00000
1548,189,7,0,0.00000,0.00000,2,"2014-03-27 00:00:00",120,3,0.00000
1549,190,7,0,0.00000,0.00000,2,"2014-03-27 00:00:00",120,3,0.00000
1550,191,7,0,0.00000,0.00000,2,"2014-03-27 00:00:00",120,3,0.00000
1551,192,7,0,0.00000,0.00000,2,"2014-03-27 00:00:00",120,3,0.00000
1552,193,7,0,0.00000,0.00000,2,"2014-03-27 00:00:00",120,3,0.00000
1553,194,7,0,0.00000,0.00000,2,"2014-03-27 00:00:00",120,3,0.00000
1554,195,7,0,0.00000,0.00000,2,"2014-03-27 00:00:00",120,3,0.00000
1555,196,7,0,0.00000,0.00000,2,"2014-03-27 00:00:00",120,3,0.00000
1556,197,7,0,0.00000,0.00000,2,"2014-03-27 00:00:00",120,3,0.00000
1557,198,7,0,0.00000,0.00000,2,"2014-03-27 00:00:00",120,3,0.00000
1558,199,7,0,0.00000,0.00000,2,"2017-01-05 00:00:00",120,3,0.00000
1559,200,7,0,0.00000,0.00000,2,"2014-03-27 00:00:00",120,3,0.00000
1560,201,7,0,0.00000,0.00000,2,"2014-03-27 00:00:00",120,3,0.00000
1561,202,7,0,0.00000,0.00000,2,"2014-03-27 00:00:00",120,3,0.00000
1562,203,7,0,0.00000,0.00000,2,"2014-03-27 00:00:00",120,3,0.00000
1563,204,7,0,0.00000,0.00000,2,"2014-03-27 00:00:00",120,3,0.00000
1564,205,7,0,0.00000,0.00000,2,"2014-03-27 00:00:00",120,3,0.00000
1565,206,7,0,0.00000,0.00000,2,"2014-03-27 00:00:00",120,3,0.00000
1566,207,7,0,0.00000,0.00000,2,"2014-03-27 00:00:00",120,3,0.00000
1567,208,7,0,0.00000,0.00000,2,"2014-03-27 00:00:00",120,3,0.00000
1568,209,7,0,0.00000,0.00000,2,"2014-03-27 00:00:00",120,3,0.00000
1570,211,7,0,0.00000,0.00000,2,"2014-03-27 00:00:00",120,3,0.00000
1571,212,7,0,0.00000,0.00000,2,"2014-03-27 00:00:00",120,3,0.00000
1572,213,7,0,0.00000,0.00000,2,"2014-03-27 00:00:00",120,3,0.00000
1573,214,7,0,0.00000,0.00000,2,"2014-03-27 00:00:00",120,3,0.00000
1574,215,7,0,0.00000,0.00000,2,"2014-03-27 00:00:00",120,3,0.00000
1575,216,7,0,0.00000,0.00000,2,"2014-05-07 00:00:00",120,3,0.00000
1576,217,7,0,0.00000,0.00000,2,"2014-03-27 00:00:00",120,3,0.00000
1577,218,7,0,0.00000,0.00000,2,"2014-03-27 00:00:00",120,3,0.00000
1578,219,7,0,0.00000,0.00000,2,"2014-03-27 00:00:00",120,3,0.00000
1579,220,7,0,0.00000,0.00000,2,"2014-03-27 00:00:00",120,3,0.00000
1580,221,7,0,0.00000,0.00000,2,"2014-03-27 00:00:00",120,3,0.00000
1581,222,7,0,0.00000,0.00000,2,"2014-03-27 00:00:00",120,3,0.00000
1582,223,7,0,0.00000,0.00000,2,"2014-03-27 00:00:00",120,3,0.00000
1583,224,7,0,0.00000,0.00000,2,"2014-03-27 00:00:00",120,3,0.00000
1814,5,9,0,113.27800,11227.80000,2,"2019-12-09 00:00:00",120,3,0.00000
1815,6,9,0,113.27800,11227.80000,2,"2019-12-09 00:00:00",120,3,0.00000
1816,7,9,0,0.00000,0.00000,2,"2015-09-08 00:00:00",120,3,0.00000
1817,8,9,0,103.58700,10258.70000,2,"2019-12-09 00:00:00",120,3,0.00000
1818,9,9,0,103.58700,10258.70000,2,"2019-12-09 00:00:00",120,3,0.00000
1819,10,9,0,2.64000,164.00000,2,"2019-12-09 00:00:00",120,3,0.00000
1820,11,9,0,0.00000,0.00000,2,"2014-03-27 00:00:00",120,3,0.00000
1821,12,9,0,103.58700,10258.70000,2,"2019-12-09 00:00:00",120,3,0.00000
1822,13,9,0,0.00000,0.00000,2,"2014-03-27 00:00:00",120,3,0.00000
1823,14,9,0,129.52500,12852.50000,2,"2019-12-09 00:00:00",120,3,0.00000
1824,15,9,0,99.29700,9829.70000,2,"2019-12-09 00:00:00",120,3,0.00000
1825,16,9,0,103.58700,10258.70000,2,"2019-12-09 00:00:00",120,3,0.00000
1826,17,9,0,53.17400,5217.40000,2,"2019-12-09 00:00:00",120,3,0.00000
1827,18,9,0,171.50100,17050.10000,2,"2019-12-09 00:00:00",120,3,0.00000
1829,20,9,0,86.72400,8572.40000,2,"2019-12-09 00:00:00",120,3,0.00000
1830,21,9,0,86.72400,8572.40000,2,"2019-12-09 00:00:00",120,3,0.00000
1831,22,9,0,86.72400,8572.40000,2,"2019-12-09 00:00:00",120,3,0.00000
1832,23,9,0,86.72400,8572.40000,2,"2019-12-09 00:00:00",120,3,0.00000
1833,24,9,0,86.72400,8572.40000,2,"2019-12-09 00:00:00",120,3,0.00000
1834,25,9,0,77.35200,7635.20000,2,"2019-12-09 00:00:00",120,3,0.00000
1835,26,9,0,92.05900,9105.90000,2,"2019-12-09 00:00:00",120,3,0.00000
1837,28,9,0,115.63200,11463.20000,2,"2019-12-09 00:00:00",120,3,0.00000
1838,29,9,0,0.00000,0.00000,2,"2014-03-27 00:00:00",120,3,0.00000
1840,31,9,0,0.00000,0.00000,2,"2014-03-27 00:00:00",120,3,0.00000
1842,33,9,0,211.99200,21099.20000,2,"2019-12-09 00:00:00",120,3,0.00000
1844,35,9,0,211.99200,21099.20000,2,"2019-12-09 00:00:00",120,3,0.00000
1845,36,9,0,231.23100,23023.10000,2,"2019-12-09 00:00:00",120,3,0.00000
1846,37,9,0,211.99200,21099.20000,2,"2019-12-09 00:00:00",120,3,0.00000
1850,41,9,0,211.99200,21099.20000,2,"2019-12-09 00:00:00",120,3,0.00000
1852,43,9,0,171.50100,17050.10000,2,"2019-12-09 00:00:00",120,3,0.00000
1854,45,9,0,211.99200,21099.20000,2,"2019-12-09 00:00:00",120,3,0.00000
1855,46,9,0,211.99200,21099.20000,2,"2019-12-09 00:00:00",120,3,0.00000
1857,48,9,0,211.99200,21099.20000,2,"2019-12-09 00:00:00",120,3,0.00000
1858,49,9,0,211.99200,21099.20000,2,"2019-12-09 00:00:00",120,3,0.00000
1860,51,9,0,57.79400,5679.40000,2,"2019-12-09 00:00:00",120,3,0.00000
1861,52,9,0,0.00000,0.00000,2,"2014-03-27 00:00:00",120,3,0.00000
1864,55,9,0,211.99200,21099.20000,2,"2019-12-09 00:00:00",120,3,0.00000
1865,56,9,0,0.00000,0.00000,2,"2014-03-27 00:00:00",120,3,0.00000
1866,57,9,0,0.00000,0.00000,2,"2014-03-27 00:00:00",120,3,0.00000
1867,58,9,0,0.00000,0.00000,2,"2014-03-27 00:00:00",120,3,0.00000
1868,59,9,0,0.00000,0.00000,2,"2014-03-27 00:00:00",120,3,0.00000
1870,61,9,0,0.00000,0.00000,2,"2014-03-27 00:00:00",120,3,0.00000
1871,62,9,0,0.00000,0.00000,2,"2014-03-27 00:00:00",120,3,0.00000
1872,63,9,0,0.00000,0.00000,2,"2014-03-27 00:00:00",120,3,0.00000
1873,64,9,0,0.00000,0.00000,2,"2014-03-27 00:00:00",120,3,0.00000
1874,65,9,0,0.00000,0.00000,2,"2014-03-27 00:00:00",120,3,0.00000
1875,66,9,0,0.00000,0.00000,2,"2014-03-27 00:00:00",120,3,0.00000
1876,67,9,0,0.00000,0.00000,2,"2014-03-27 00:00:00",120,3,0.00000
1878,69,9,0,0.00000,0.00000,2,"2015-08-21 00:00:00",120,3,0.00000
1879,225,9,0,0.00000,0.00000,2,"2014-03-27 00:00:00",120,3,0.00000
1880,70,9,0,0.00000,0.00000,2,"2017-01-12 00:00:00",120,3,0.00000
1881,71,9,0,0.00000,0.00000,2,"2014-03-27 00:00:00",120,3,0.00000
1885,75,9,0,72.83100,7183.10000,2,"2019-12-09 00:00:00",120,3,0.00000
1886,76,9,0,105.65500,10465.50000,2,"2019-12-09 00:00:00",120,3,0.00000
1887,77,9,0,12.45200,1145.20000,2,"2019-12-09 00:00:00",120,3,0.00000
1888,78,9,0,3.93800,293.80000,2,"2019-12-09 00:00:00",120,3,0.00000
1889,79,9,0,6.52300,552.30000,2,"2019-12-09 00:00:00",120,3,0.00000
1892,82,9,0,34.71600,3371.60000,2,"2019-12-09 00:00:00",120,3,0.00000
1898,226,9,0,0.00000,0.00000,2,"2014-03-27 00:00:00",120,3,0.00000
1899,88,9,0,13.18900,1218.90000,2,"2019-12-09 00:00:00",120,3,0.00000
1900,89,9,0,10.45000,945.00000,2,"2019-12-09 00:00:00",120,3,0.00000
1901,90,9,0,26.09200,2509.20000,2,"2019-12-09 00:00:00",120,3,0.00000
1903,92,9,0,208.78000,20778.00000,2,"2019-12-09 00:00:00",120,3,0.00000
1906,95,9,0,13.06800,1206.80000,2,"2019-12-09 00:00:00",120,3,0.00000
1907,96,9,0,81.66400,8066.40000,2,"2019-12-09 00:00:00",120,3,0.00000
1908,97,9,0,106.54600,10554.60000,2,"2019-12-09 00:00:00",120,3,0.00000
1909,98,9,0,26.09200,2509.20000,2,"2019-12-09 00:00:00",120,3,0.00000
1919,108,9,0,104.65400,10365.40000,2,"2019-12-09 00:00:00",120,3,0.00000
1924,113,9,0,59.90600,5890.60000,2,"2019-12-09 00:00:00",120,3,0.00000
1930,119,9,0,42.79000,4179.00000,2,"2019-12-09 00:00:00",120,3,0.00000
1932,121,9,0,0.00000,0.00000,2,"2014-03-27 00:00:00",120,3,0.00000
1936,125,9,0,85.56900,8456.90000,2,"2019-12-09 00:00:00",120,3,0.00000
1937,126,9,0,100.83700,9983.70000,2,"2019-12-09 00:00:00",120,3,0.00000
1938,127,9,0,121.63800,12063.80000,2,"2019-12-09 00:00:00",120,3,0.00000
1942,131,9,0,0.00000,0.00000,2,"2014-03-27 00:00:00",120,3,0.00000
1943,132,9,0,0.00000,0.00000,2,"2014-03-27 00:00:00",120,3,0.00000
1945,134,9,0,26.48800,2548.80000,2,"2019-12-09 00:00:00",120,3,0.00000
1946,135,9,0,61.02800,6002.80000,2,"2019-12-09 00:00:00",120,3,0.00000
1947,136,9,0,79.35400,7835.40000,2,"2019-12-09 00:00:00",120,3,0.00000
1948,137,9,0,0.00000,0.00000,2,"2014-03-27 00:00:00",120,3,0.00000
1949,138,9,0,0.00000,0.00000,2,"2014-03-27 00:00:00",120,3,0.00000
1950,139,9,0,0.00000,0.00000,2,"2014-03-27 00:00:00",120,3,0.00000
1951,140,9,0,0.00000,0.00000,2,"2014-03-27 00:00:00",120,3,0.00000
1970,159,9,0,0.00000,0.00000,2,"2014-03-27 00:00:00",120,3,0.00000
1971,160,9,0,34.22100,3322.10000,2,"2019-12-09 00:00:00",120,3,0.00000
1972,161,9,0,0.00000,0.00000,2,"2014-03-27 00:00:00",120,3,0.00000
1973,162,9,0,0.00000,0.00000,2,"2014-08-05 00:00:00",120,3,0.00000
1974,163,9,0,0.00000,0.00000,2,"2014-08-05 00:00:00",120,3,0.00000
1975,164,9,0,0.00000,0.00000,2,"2014-04-28 00:00:00",120,3,0.00000
1976,165,9,0,0.00000,0.00000,2,"2014-04-28 00:00:00",120,3,0.00000
1977,166,9,0,0.00000,0.00000,2,"2014-04-28 00:00:00",120,3,0.00000
1980,169,9,0,0.00000,0.00000,2,"2014-03-27 00:00:00",120,3,0.00000
1981,170,9,0,0.00000,0.00000,2,"2014-03-27 00:00:00",120,3,0.00000
1982,171,9,0,0.00000,0.00000,2,"2014-03-27 00:00:00",120,3,0.00000
1983,172,9,0,0.00000,0.00000,2,"2014-03-27 00:00:00",120,3,0.00000
1984,173,9,0,0.00000,0.00000,2,"2014-03-27 00:00:00",120,3,0.00000
1985,174,9,0,0.00000,0.00000,2,"2014-03-27 00:00:00",120,3,0.00000
1986,175,9,0,0.00000,0.00000,2,"2014-03-27 00:00:00",120,3,0.00000
1987,176,9,0,0.00000,0.00000,2,"2014-03-27 00:00:00",120,3,0.00000
1988,177,9,0,0.00000,0.00000,2,"2014-03-27 00:00:00",120,3,0.00000
1989,178,9,0,0.00000,0.00000,2,"2014-03-27 00:00:00",120,3,0.00000
1990,179,9,0,0.00000,0.00000,2,"2014-03-27 00:00:00",120,3,0.00000
1991,180,9,0,0.00000,0.00000,2,"2014-03-27 00:00:00",120,3,0.00000
1992,181,9,0,0.00000,0.00000,2,"2014-03-27 00:00:00",120,3,0.00000
1993,182,9,0,0.00000,0.00000,2,"2014-03-27 00:00:00",120,3,0.00000
1994,183,9,0,0.00000,0.00000,2,"2014-03-27 00:00:00",120,3,0.00000
1995,184,9,0,0.00000,0.00000,2,"2014-03-27 00:00:00",120,3,0.00000
1996,185,9,0,0.00000,0.00000,2,"2014-03-27 00:00:00",120,3,0.00000
1997,186,9,0,0.00000,0.00000,2,"2014-03-27 00:00:00",120,3,0.00000
1998,187,9,0,0.00000,0.00000,2,"2014-03-27 00:00:00",120,3,0.00000
1999,188,9,0,0.00000,0.00000,2,"2014-03-27 00:00:00",120,3,0.00000
2000,189,9,0,0.00000,0.00000,2,"2014-03-27 00:00:00",120,3,0.00000
2001,190,9,0,0.00000,0.00000,2,"2014-03-27 00:00:00",120,3,0.00000
2002,191,9,0,0.00000,0.00000,2,"2014-03-27 00:00:00",120,3,0.00000
2003,192,9,0,0.00000,0.00000,2,"2014-03-27 00:00:00",120,3,0.00000
2004,193,9,0,0.00000,0.00000,2,"2014-03-27 00:00:00",120,3,0.00000
2005,194,9,0,0.00000,0.00000,2,"2014-03-27 00:00:00",120,3,0.00000
2006,195,9,0,0.00000,0.00000,2,"2014-03-27 00:00:00",120,3,0.00000
2007,196,9,0,0.00000,0.00000,2,"2014-03-27 00:00:00",120,3,0.00000
2008,197,9,0,0.00000,0.00000,2,"2014-03-27 00:00:00",120,3,0.00000
2009,198,9,0,0.00000,0.00000,2,"2014-03-27 00:00:00",120,3,0.00000
2010,199,9,0,0.00000,0.00000,2,"2017-01-05 00:00:00",120,3,0.00000
2011,200,9,0,0.00000,0.00000,2,"2014-03-27 00:00:00",120,3,0.00000
2012,201,9,0,0.00000,0.00000,2,"2014-03-27 00:00:00",120,3,0.00000
