<?xml version = "1.0" encoding="iso-8859-1" standalone="yes"?>
<VFPData>
	<csrcatectacte>
		<id>1100000001</id>
		<numero>1</numero>
		<nombre>MINORISTA A</nombre>
		<tasa1>0.0200</tasa1>
		<tasa2>0.00</tasa2>
		<tasa3>0.00</tasa3>
		<switch>00000</switch>
		<haydevol>0</haydevol>
	</csrcatectacte>
	<csrcatectacte>
		<id>1100000002</id>
		<numero>2</numero>
		<nombre>AUTOSERVICIO A</nombre>
		<tasa1>0.0200</tasa1>
		<tasa2>0.00</tasa2>
		<tasa3>0.00</tasa3>
		<switch>00000</switch>
		<haydevol>0</haydevol>
	</csrcatectacte>
	<csrcatectacte>
		<id>1100000003</id>
		<numero>3</numero>
		<nombre>PROXIMIDAD</nombre>
		<tasa1>0.0200</tasa1>
		<tasa2>0.00</tasa2>
		<tasa3>0.00</tasa3>
		<switch>00000</switch>
		<haydevol>0</haydevol>
	</csrcatectacte>
	<csrcatectacte>
		<id>1100000004</id>
		<numero>4</numero>
		<nombre>AUTOSERVICIO B</nombre>
		<tasa1>0.0200</tasa1>
		<tasa2>0.00</tasa2>
		<tasa3>0.00</tasa3>
		<switch>00000</switch>
		<haydevol>0</haydevol>
	</csrcatectacte>
	<csrcatectacte>
		<id>1100000005</id>
		<numero>5</numero>
		<nombre>MINORISTA B</nombre>
		<tasa1>0.0200</tasa1>
		<tasa2>0.00</tasa2>
		<tasa3>0.00</tasa3>
		<switch>00000</switch>
		<haydevol>0</haydevol>
	</csrcatectacte>
	<csrcatectacte>
		<id>1100000006</id>
		<numero>6</numero>
		<nombre>OTROS</nombre>
		<tasa1>0.0200</tasa1>
		<tasa2>0.00</tasa2>
		<tasa3>0.00</tasa3>
		<switch>00000</switch>
		<haydevol>0</haydevol>
	</csrcatectacte>
	<csrcatectacte>
		<id>1100000007</id>
		<numero>7</numero>
		<nombre>LOGISTICA</nombre>
		<tasa1>0.0020</tasa1>
		<tasa2>0.00</tasa2>
		<tasa3>0.00</tasa3>
		<switch>00000</switch>
		<haydevol>0</haydevol>
	</csrcatectacte>
	<csrcatectacte>
		<id>1100000008</id>
		<numero>8</numero>
		<nombre>COOPERATIVAS</nombre>
		<tasa1>0.0030</tasa1>
		<tasa2>0.00</tasa2>
		<tasa3>0.00</tasa3>
		<switch>00000</switch>
		<haydevol>0</haydevol>
	</csrcatectacte>
	<csrcatectacte>
		<id>1100000009</id>
		<numero>9</numero>
		<nombre>HELADERAS DANONE</nombre>
		<tasa1>0.0200</tasa1>
		<tasa2>0.00</tasa2>
		<tasa3>0.00</tasa3>
		<switch>00000</switch>
		<haydevol>1</haydevol>
	</csrcatectacte>
	<csrcatectacte>
		<id>1100000010</id>
		<numero>20</numero>
		<nombre>CTA CTE BANCO</nombre>
		<tasa1>0.0000</tasa1>
		<tasa2>0.00</tasa2>
		<tasa3>0.00</tasa3>
		<switch>00000</switch>
		<haydevol>0</haydevol>
	</csrcatectacte>
	<csrcatectacte>
		<id>1100000011</id>
		<numero>21</numero>
		<nombre>CTA CTE PROVEEDOR</nombre>
		<tasa1>0.0000</tasa1>
		<tasa2>0.00</tasa2>
		<tasa3>0.00</tasa3>
		<switch>01000</switch>
		<haydevol>0</haydevol>
	</csrcatectacte>
	<csrcatectacte>
		<id>1100000012</id>
		<numero>22</numero>
		<nombre>CTA CTE SERVICIO</nombre>
		<tasa1>0.0000</tasa1>
		<tasa2>0.00</tasa2>
		<tasa3>0.00</tasa3>
		<switch>00000</switch>
		<haydevol>0</haydevol>
	</csrcatectacte>
	<csrcatectacte>
		<id>1100000014</id>
		<numero>23</numero>
		<nombre>CHINOS</nombre>
		<tasa1>0.0000</tasa1>
		<tasa2>0.00</tasa2>
		<tasa3>0.00</tasa3>
		<switch>00000</switch>
		<haydevol>0</haydevol>
	</csrcatectacte>
	<csrcatectacte>
		<id>1100000015</id>
		<numero>10</numero>
		<nombre>KIOSCOS</nombre>
		<tasa1>0.0000</tasa1>
		<tasa2>0.00</tasa2>
		<tasa3>0.00</tasa3>
		<switch>00000</switch>
		<haydevol>0</haydevol>
	</csrcatectacte>
	<csrcatectacte>
		<id>1100000016</id>
		<numero>11</numero>
		<nombre>OFERTISIMA</nombre>
		<tasa1>0.0000</tasa1>
		<tasa2>0.00</tasa2>
		<tasa3>0.00</tasa3>
		<switch>00000</switch>
		<haydevol>0</haydevol>
	</csrcatectacte>
</VFPData>
