ok,numero,nomarticulo,id,codalfa,codalfaprov,preconfciva,prepubfciva,endolar,nomproveedor,nommarca,nomrubro,nomfamilia,nomtipo,fechamodif,cantstock,cantreserva,cantacopio,existe,existedisp,existeacopio,moneda,codprecio,alicuota,fecactu
0,143,"""ARANDELAS CON ESPIGA PARA MAMPOSTERIA SISTEMA EIFS XUNIDAD"",1100000165,"ARANDM","1.ARANDM",155.379,155.380,1,"INDEPLAC","GENERICO","GENERAL","GENERAL","GENERAL","03-10-2024",0.00,0.00,0.00,0.00,0.00,0.00,"U$D","",21.00,04-12-2024 12:02:49
0,310,"ACUSTIVER R 400 ISOVER , 70 MM., ROLLO 0,40 X 13,00 M.X 03 UNID.",1200000350,"AR40070","1.AR40070",117839.320,117839.320,0,"INDEPLAC","GENERICO","GENERAL","GENERAL","GENERAL","04-12-2024",0.00,0.00,0.00,0.00,0.00,0.00,"$","",21.00,04-12-2024 12:02:49
0,117,"ADHESIVO PARA MOLDURAS ATN-05 - CARTUCHO 0,5 KG.",1100000139,"ATN05","1.ATN05",3308.521,3308.520,0,"INDEPLAC","GENERICO","GENERAL","GENERAL","GENERAL","25-11-2024",0.00,0.00,0.00,0.00,0.00,0.00,"$","",21.00,04-12-2024 12:02:49
0,108,"ADHESIVO REVOQUE SECO 60' - BOLSA 25KG",1100000130,"ADRS","1.ADRS",20979.784,20979.780,0,"DURLOCK","GENERICO","GENERAL","GENERAL","GENERAL","12-11-2024",0.00,0.00,0.00,0.00,0.00,0.00,"$","",21.00,04-12-2024 12:02:49
0,59,"ALAMBRE GALVANIZADO N° 16 .",1100000078,"144472","1.144472",7.083,7.080,1,"INDEPLAC","GENERICO","GENERAL","GENERAL","GENERAL","03-10-2024",0.00,0.00,0.00,0.00,0.00,0.00,"U$D","",21.00,04-12-2024 12:02:49
0,179,"ANCLAJE L 160 X 70 MM.",1100000202,"ANCL","1.ANCL",2.805,2.810,1,"INDEPLAC","GENERICO","GENERAL","GENERAL","GENERAL","25-11-2024",0.00,0.00,0.00,0.00,0.00,0.00,"U$D","",21.00,04-12-2024 12:02:49
0,78,"ANCLAJE MECANICO FISCHER FWA 10 X 95 MM.",1100000098,"FWA1095","1.FWA1095",2932.422,2932.420,0,"INDEPLAC","GENERICO","GENERAL","GENERAL","GENERAL","27-09-2024",0.00,0.00,0.00,0.00,0.00,0.00,"$","",21.00,04-12-2024 12:02:49
0,79,"ANCLAJE MECANICO FISCHER FWA 8 X 95 MM.",1100000099,"FWA8X95","1.FWA8X95",1820.123,1820.120,0,"INDEPLAC","GENERICO","GENERAL","GENERAL","GENERAL","27-09-2024",0.00,0.00,0.00,0.00,0.00,0.00,"$","",21.00,04-12-2024 12:02:49
0,80,"ANCLAJE RM 12 MM. FIJACION QUIMICA",1100000100,"RM12","1.RM12",8432.620,8432.620,0,"INDEPLAC","GENERICO","GENERAL","GENERAL","GENERAL","27-09-2024",0.00,0.00,0.00,0.00,0.00,0.00,"$","",21.00,04-12-2024 12:02:49
0,81,"ANCLAJE RM 16 MM. FIJACION QUIMICA",1100000101,"RM16","1.RM16",12414.005,12414.010,0,"INDEPLAC","GENERICO","GENERAL","GENERAL","GENERAL","03-10-2024",0.00,0.00,0.00,0.00,0.00,0.00,"$","",21.00,04-12-2024 12:02:49
0,180,"ANCLAJE S/A 23",1100000203,"SA23","1.SA23",0.407,0.410,1,"INDEPLAC","GENERICO","GENERAL","GENERAL","GENERAL","25-11-2024",0.00,0.00,0.00,0.00,0.00,0.00,"U$D","",21.00,04-12-2024 12:02:49
0,181,"ANCLAJE S/HTT 14",1100000204,"SHTT","1.SHTT",8.117,8.120,1,"INDEPLAC","GENERICO","GENERAL","GENERAL","GENERAL","25-11-2024",0.00,0.00,0.00,0.00,0.00,0.00,"U$D","",21.00,04-12-2024 12:02:49
0,82,"ANCLAJE VARILLA ROSCADA FTR/RGM 12 X 160 MM",1100000102,"VRRGM12","1.VRRGM12",8139.475,8139.480,0,"INDEPLAC","GENERICO","GENERAL","GENERAL","GENERAL","27-09-2024",0.00,0.00,0.00,0.00,0.00,0.00,"$","",21.00,04-12-2024 12:02:49
0,83,"ANCLAJE VARILLA ROSCADA FTR/RGM 16 X 190 MM",1100000103,"VRRGM16","1.VRRGM16",15026.800,15026.800,0,"INDEPLAC","GENERICO","GENERAL","GENERAL","GENERAL","27-09-2024",0.00,0.00,0.00,0.00,0.00,0.00,"$","",21.00,04-12-2024 12:02:49
0,276,"APRIETA TUERCAS MAGNÉTICO IMPACTO 1/4 ENC. 1/4 - MILWAUKEE",1100000307,"49-66-4502","1.49-66-4502",4812.214,4812.210,0,"WEIMAR TOOLS","GENERICO","GENERAL","GENERAL","GENERAL","04-10-2024",0.00,0.00,0.00,0.00,0.00,0.00,"$","",21.00,04-12-2024 12:02:49
0,275,"APRIETA TUERCAS MAGNÉTICO IMPACTO 3/8 ENC. 1/4 - MILWAUKEE",1100000306,"49-66-4505","1.49-66-4505",5260.282,5260.280,0,"WEIMAR TOOLS","GENERICO","GENERAL","GENERAL","GENERAL","04-10-2024",0.00,0.00,0.00,0.00,0.00,0.00,"$","",21.00,04-12-2024 12:02:49
0,277,"APRIETA TUERCAS MAGNÉTICO IMPACTO 5/16 ENC. 1/4 - MILWAUKEE",1100000308,"49-66-4503","1.49-66-4503",4940.422,4940.420,0,"WEIMAR TOOLS","GENERICO","GENERAL","GENERAL","GENERAL","04-10-2024",0.00,0.00,0.00,0.00,0.00,0.00,"$","",21.00,04-12-2024 12:02:49
0,182,"ARANDELA PARA ANCLAJE ESP. 3,2 MM.",1100000205,"ARANDANC","1.ARANDANC",0.470,0.470,1,"INDEPLAC","GENERICO","GENERAL","GENERAL","GENERAL","25-11-2024",0.00,0.00,0.00,0.00,0.00,0.00,"U$D","",21.00,04-12-2024 12:02:49
0,144,"ARANDELAS PARA SISTEMA EIFS X UNIDAD",1100000166,"ARAND","1.ARAND",21.295,21.300,0,"INDEPLAC","GENERICO","GENERAL","GENERAL","GENERAL","03-10-2024",0.00,0.00,0.00,0.00,0.00,0.00,"$","",21.00,04-12-2024 12:02:49
0,92,"BANDA ACUSTICA E HIDRAULICA 100 MM X 25 M.",1100000113,"BAH100","1.BAH100",18686.710,18686.710,0,"INDEPLAC","GENERICO","GENERAL","GENERAL","GENERAL","27-09-2024",0.00,0.00,0.00,0.00,0.00,0.00,"$","",21.00,04-12-2024 12:02:49
0,93,"BANDA ACUSTICA E HIDRAULICA 70 MM X 25 M.",1100000114,"BAH70","1.BAH70",13098.214,13098.210,0,"INDEPLAC","GENERICO","GENERAL","GENERAL","GENERAL","27-09-2024",0.00,0.00,0.00,0.00,0.00,0.00,"$","",21.00,04-12-2024 12:02:49
0,229,"BARRERA DE AGUA Y VIENTO DURLOCK 1,50 X 20M",1100000258,"BAYV","9.BAYV",59.293,59.290,1,"DURLOCK","ETERNIT","AISLANTES","GENERAL","GENERAL","02-12-2024",0.00,0.00,0.00,0.00,0.00,0.00,"U$D","",21.00,04-12-2024 12:02:49
0,183,"BASE COAT ANCLAFLEX MONOCOMPONENTE BOLSA X 25 KG",1100000206,"BCOATAN","1.BCOATAN",14659.648,14659.650,0,"INDEPLAC","GENERICO","GENERAL","GENERAL","GENERAL","04-10-2024",0.00,0.00,0.00,0.00,0.00,0.00,"$","",21.00,04-12-2024 12:02:49
0,126,"CABALLETE F-47 AJUSTE RAPIDO",1100000148,"CABF47","1.CABF47",1.019,1.020,1,"INDEPLAC","GENERICO","GENERAL","GENERAL","GENERAL","27-09-2024",0.00,0.00,0.00,0.00,0.00,0.00,"U$D","",21.00,04-12-2024 12:02:49
0,184,"CANTONERA PVC CON MALLA X 2,60 M.",1100000207,"CMLL2,60","1.CMLL2,60",3910.089,3910.090,0,"INDEPLAC","GENERICO","GENERAL","GENERAL","GENERAL","04-10-2024",0.00,0.00,0.00,0.00,0.00,0.00,"$","",21.00,04-12-2024 12:02:49
0,185,"CARTELA 200 X 200 X 1,29 MM. PERFORADA",1100000209,"CART200","1.CART200",2.335,2.340,1,"INDEPLAC","GENERICO","GENERAL","GENERAL","GENERAL","25-11-2024",0.00,0.00,0.00,0.00,0.00,0.00,"U$D","",21.00,04-12-2024 12:02:49
0,186,"CARTELA 300 X 300 X 1,29 MM. PERFORADA",1100000210,"CART300","1.CART300",4.341,4.340,1,"INDEPLAC","GENERICO","GENERAL","GENERAL","GENERAL","25-11-2024",0.00,0.00,0.00,0.00,0.00,0.00,"U$D","",21.00,04-12-2024 12:02:49
0,285,"CINCEL SDS MAX 25X400MM MADE IN GERMANY - MILWAUKEE",1100000316,"4932-3437-38","1.4932-3437-38",20786.030,20786.030,0,"WEIMAR TOOLS","GENERICO","GENERAL","GENERAL","GENERAL","04-10-2024",0.00,0.00,0.00,0.00,0.00,0.00,"$","",21.00,04-12-2024 12:02:49
0,283,"CINCEL SDS PLUS 20MM X 250MM MADE IN GERMANY - MILWAUKEE",1100000314,"4933-3396-26","1.4933-3396-26",18036.754,18036.750,0,"WEIMAR TOOLS","GENERICO","GENERAL","GENERAL","GENERAL","04-10-2024",0.00,0.00,0.00,0.00,0.00,0.00,"$","",21.00,04-12-2024 12:02:49
0,284,"CINCEL SDS PLUS 40MM X 250MM MADE IN GERMANY - MILWAUKEE",1100000315,"4932-3671-46","1.4932-3671-46",27455.283,27455.280,0,"WEIMAR TOOLS","GENERICO","GENERAL","GENERAL","GENERAL","04-10-2024",0.00,0.00,0.00,0.00,0.00,0.00,"$","",21.00,04-12-2024 12:02:49
0,60,"CINTA AUTOADHESIVA TRAMADA X 20 M.",1100000079,"CT20","1.CT20",2.131,2.130,1,"INDEPLAC","GENERICO","GENERAL","GENERAL","GENERAL","03-10-2024",0.00,0.00,0.00,0.00,0.00,0.00,"U$D","",21.00,04-12-2024 12:02:49
0,61,"CINTA AUTOADHESIVA TRAMADA X 45 M.",1100000080,"CT45","1.CT45",4.059,4.060,1,"INDEPLAC","GENERICO","GENERAL","GENERAL","GENERAL","03-10-2024",0.00,0.00,0.00,0.00,0.00,0.00,"U$D","",21.00,04-12-2024 12:02:49
0,62,"CINTA AUTOADHESIVA TRAMADA X 90 M.",1100000081,"CT90","1.CT90",6.895,6.900,1,"INDEPLAC","GENERICO","GENERAL","GENERAL","GENERAL","03-10-2024",0.00,0.00,0.00,0.00,0.00,0.00,"U$D","",21.00,04-12-2024 12:02:49
0,228,"CINTA DURLOCK MICROPERFORADA 150 FRANCIA",1100000257,"DCP150","10.DCP150",8.242,8.240,1,"DURLOCK","ETERNIT","ACCESORIOS","GENERAL","GENERAL","29-11-2024",0.00,0.00,0.00,0.00,0.00,0.00,"U$D","",21.00,04-12-2024 12:02:49
0,227,"CINTA DURLOCK MICROPERFORADA 75 FRANCIA",1100000256,"DCP75","10.DCP75",5.422,5.420,1,"DURLOCK","ETERNIT","ACCESORIOS","GENERAL","GENERAL","29-11-2024",0.00,0.00,0.00,0.00,0.00,0.00,"U$D","",21.00,04-12-2024 12:02:49
0,187,"CINTA FLEX CORNER X 30 ML.",1100000211,"CF30","1.CF30",20.355,20.360,1,"INDEPLAC","GENERICO","GENERAL","GENERAL","GENERAL","04-10-2024",0.00,0.00,0.00,0.00,0.00,0.00,"U$D","",21.00,04-12-2024 12:02:49
0,63,"CINTA PAPEL MICROPERFORADA X 23 M.",1100000082,"CP23","1.CP23",2.476,2.480,1,"INDEPLAC","GENERICO","GENERAL","GENERAL","GENERAL","03-10-2024",0.00,0.00,0.00,0.00,0.00,0.00,"U$D","",21.00,04-12-2024 12:02:49
0,259,"CINTAS METRICAS GLOBAL PLUS STANLEY 5 M 3/4",1100000288,"6030-797","1.6030-797",20694.709,20694.710,0,"DISTRIBUIDORA RC","GENERICO","GENERAL","GENERAL","GENERAL","25-11-2024",0.00,0.00,0.00,0.00,0.00,0.00,"$","",21.00,04-12-2024 12:02:49
0,199,"CLIP DE FIJACION PARA ZOCALO EPS",1100000223,"CLIP","1.CLIP",286.831,286.830,0,"INDEPLAC","GENERICO","GENERAL","GENERAL","GENERAL","04-10-2024",0.00,0.00,0.00,0.00,0.00,0.00,"$","",21.00,04-12-2024 12:02:49
0,299,"CUTTER SNAP-OFF (18X100)MM",1200000337,"90ESNK18102","1.90ESNK18102",2305.924,2305.920,0,"DISTRIBUIDORA RC","GENERICO","GENERAL","GENERAL","GENERAL","12-11-2024",0.00,0.00,0.00,0.00,0.00,0.00,"$","",21.00,04-12-2024 12:02:49
0,258,"DESPRENDEDOR PLACA DE YESO LAMINADO",1100000287,"Ç","1.60STHT16069LA",37124.415,37124.420,0,"DISTRIBUIDORA RC","GENERICO","GENERAL","GENERAL","GENERAL","04-10-2024",0.00,0.00,0.00,0.00,0.00,0.00,"$","",21.00,04-12-2024 12:02:49
0,252,"DISCO CLASSIC CORTE PLANO 115 X 1,0 X 22",1100000281,"DCORTE","1.DCORTE",438.746,438.750,0,"DISTRIBUIDORA RC","GENERICO","GENERAL","GENERAL","GENERAL","25-11-2024",0.00,0.00,0.00,0.00,0.00,0.00,"$","",21.00,04-12-2024 12:02:49
0,267,"DISCO HOJA SIERRA CIRCULAR 7 1/4 184MM 24D - MILWAUKEE",1100000298,"48-40-0720","1.48-40-0720",30774.365,30774.370,0,"WEIMAR TOOLS","GENERICO","GENERAL","GENERAL","GENERAL","04-10-2024",0.00,0.00,0.00,0.00,0.00,0.00,"$","",21.00,04-12-2024 12:02:49
0,127,"EMPALME PARA F-47",1100000149,"EMPF47","1.EMPF47",0.925,0.930,1,"INDEPLAC","GENERICO","GENERAL","GENERAL","GENERAL","27-09-2024",0.00,0.00,0.00,0.00,0.00,0.00,"U$D","",21.00,04-12-2024 12:02:49
0,212,"ENDUIDO INTERIOR DURLOCK X 20 LITROS",1100000241,"ED20","5.ED20",42878.521,42878.520,0,"DURLOCK","DURLOCK","FORMULADOS DURLOCK","GENERAL","GENERAL","02-12-2024",0.00,0.00,0.00,0.00,0.00,0.00,"$","",21.00,04-12-2024 12:02:49
0,298,"ESPATULA 6"(150MM) ACERO INOXIDABLE",1200000336,"EPTL15001","1.EPTL15001",4711.756,4711.760,0,"DISTRIBUIDORA RC","GENERICO","GENERAL","GENERAL","GENERAL","12-11-2024",0.00,0.00,0.00,0.00,0.00,0.00,"$","",21.00,04-12-2024 12:02:49
0,262,"FENOLICO PINO PLYWOODHOME IV/IV 12MM",1100000292,"FEN12","1.FEN12",25042.995,25043.000,0,"MADERWIL","GENERICO","GENERAL","GENERAL","GENERAL","04-10-2024",0.00,0.00,0.00,0.00,0.00,0.00,"$","",21.00,04-12-2024 12:02:49
0,263,"FENOLICO PINO PLYWOODHOME IV/IV 18MM",1100000293,"FEN18","1.FEN18",29751.680,29751.680,0,"MADERWIL","GENERICO","GENERAL","GENERAL","GENERAL","04-10-2024",0.00,0.00,0.00,0.00,0.00,0.00,"$","",21.00,04-12-2024 12:02:49
0,99,"FIELTRO LIVIANO ISOVER 100 MM., ROLLO 1,20X11 ML.",1100000120,"FL100","1.FL100",105320.915,105320.920,0,"INDEPLAC","GENERICO","GENERAL","GENERAL","GENERAL","25-11-2024",0.00,0.00,0.00,0.00,0.00,0.00,"$","",21.00,04-12-2024 12:02:49
0,100,"FIELTRO LIVIANO ISOVER 50 MM., ROLLO 1,20X18 ML.",1100000121,"FL50","1.FL50",95039.012,95039.010,0,"INDEPLAC","GENERICO","GENERAL","GENERAL","GENERAL","25-11-2024",0.00,0.00,0.00,0.00,0.00,0.00,"$","",21.00,04-12-2024 12:02:49
0,101,"FIELTRO LIVIANO ISOVER 80 MM., ROLLO 1,20X12 ML.",1100000122,"FL80","1.FL80",91307.885,91307.890,0,"INDEPLAC","GENERICO","GENERAL","GENERAL","GENERAL","25-11-2024",0.00,0.00,0.00,0.00,0.00,0.00,"$","",21.00,04-12-2024 12:02:49
0,85,"FISCHER ESPUMA MONOCOMPONENTE DE APLICACIÓN MANUAL 500",1100000106,"18558","1.18558",13062.001,13062.000,0,"INDEPLAC","GENERICO","GENERAL","GENERAL","GENERAL","27-09-2024",0.00,0.00,0.00,0.00,0.00,0.00,"$","",21.00,04-12-2024 12:02:49
0,86,"FISCHER PEGADO TOTAL ADHESIVO MULTIMATERIAL BLANCO",1100000107,"546527","1.546527",8576.638,8576.640,0,"INDEPLAC","GENERICO","GENERAL","GENERAL","GENERAL","27-09-2024",0.00,0.00,0.00,0.00,0.00,0.00,"$","",21.00,04-12-2024 12:02:49
0,87,"FISCHER SELLADOR ACRILICO BLANCO INT/EXT. PINTABLE 310 ML.",1100000108,"545072","1.545072",6025.017,6025.020,0,"INDEPLAC","GENERICO","GENERAL","GENERAL","GENERAL","27-09-2024",0.00,0.00,0.00,0.00,0.00,0.00,"$","",21.00,04-12-2024 12:02:49
0,88,"FISCHER SELLADOR ADHESIVO MS BLANCO 290 ML.",1100000109,"538111","1.538111",18021.383,18021.380,0,"INDEPLAC","GENERICO","GENERAL","GENERAL","GENERAL","27-09-2024",0.00,0.00,0.00,0.00,0.00,0.00,"$","",21.00,04-12-2024 12:02:49
0,89,"FISCHER SELLADOR ADHESIVO MS GRIS 290 ML.",1100000110,"540015","1.540015",18021.383,18021.380,0,"INDEPLAC","GENERICO","GENERAL","GENERAL","GENERAL","27-09-2024",0.00,0.00,0.00,0.00,0.00,0.00,"$","",21.00,04-12-2024 12:02:49
0,90,"FISCHER SELLADOR ADHESIVO MS NEGRO 290 ML.",1100000111,"538488","1.538488",18021.383,18021.380,0,"INDEPLAC","GENERICO","GENERAL","GENERAL","GENERAL","03-10-2024",0.00,0.00,0.00,0.00,0.00,0.00,"$","",21.00,04-12-2024 12:02:49
0,91,"FISCHER SILICONA ACETICA TRANSPARENTE CON FUNGICIDA 260 ML.",1100000112,"18607","1.18607",5702.147,5702.150,0,"INDEPLAC","GENERICO","GENERAL","GENERAL","GENERAL","27-09-2024",0.00,0.00,0.00,0.00,0.00,0.00,"$","",21.00,04-12-2024 12:02:49
0,188,"FLEJE CRUZ DE SAN ANDRES 50 M. X 0,52 MM.",1100000212,"FLEJE052","1.FLEJE052",41.008,41.010,1,"INDEPLAC","GENERICO","GENERAL","GENERAL","GENERAL","25-11-2024",0.00,0.00,0.00,0.00,0.00,0.00,"U$D","",21.00,04-12-2024 12:02:49
0,308,"FONDOFLEX 963 X 20 LTS.",1200000346,"FON963X20","1.FON963X20",68252.379,68252.380,0,"INDEPLAC","GENERICO","GENERAL","GENERAL","GENERAL","03-12-2024",0.00,0.00,0.00,0.00,0.00,0.00,"$","",21.00,04-12-2024 12:02:49
0,253,"FRATACHO CON GOMA ESPUMA DE 20 CM",1100000282,"FRAT20","1.FRAT20",2065.397,2065.400,0,"DISTRIBUIDORA RC","GENERICO","GENERAL","GENERAL","GENERAL","04-10-2024",0.00,0.00,0.00,0.00,0.00,0.00,"$","",21.00,04-12-2024 12:02:49
0,254,"FRATACHO CON GOMA ESPUMA DE 25 CM",1100000283,"FRAT25","1.FRAT25",2383.206,2383.210,0,"DISTRIBUIDORA RC","GENERICO","GENERAL","GENERAL","GENERAL","04-10-2024",0.00,0.00,0.00,0.00,0.00,0.00,"$","",21.00,04-12-2024 12:02:49
0,255,"FRATACHO CON GOMA ESPUMA DE 30 CM",1100000284,"FRAT30","1.FRAT30",2971.094,2971.090,0,"DISTRIBUIDORA RC","GENERICO","GENERAL","GENERAL","GENERAL","04-10-2024",0.00,0.00,0.00,0.00,0.00,0.00,"$","",21.00,04-12-2024 12:02:49
0,189,"GOTERON PVC VF 20 MM. X 3,00 M.",1100000213,"VFGOT","1.VFGOT",5.860,5.860,1,"INDEPLAC","GENERICO","GENERAL","GENERAL","GENERAL","04-10-2024",0.00,0.00,0.00,0.00,0.00,0.00,"U$D","",21.00,04-12-2024 12:02:49
0,260,"GUANTE MOTEADO",1100000289,"GUANTES","1.GUANTES",1099.138,1099.140,0,"DISTRIBUIDORA RC","GENERICO","GENERAL","GENERAL","GENERAL","25-11-2024",0.00,0.00,0.00,0.00,0.00,0.00,"$","",21.00,04-12-2024 12:02:49
0,120,"INGLETADORA PARA MOLDURAS",1100000142,"INGLET","1.INGLET",7239.497,7239.500,0,"INDEPLAC","GENERICO","GENERAL","GENERAL","GENERAL","25-11-2024",0.00,0.00,0.00,0.00,0.00,0.00,"$","",21.00,04-12-2024 12:02:49
0,95,"ISOLANT RUFI 10 ALUMINIO UNA CARA ROLLO 20 X 1,00 X 10 MM.",1100000116,"RUF10A","1.RUF10A",49209.611,49209.610,0,"INDEPLAC","GENERICO","GENERAL","GENERAL","GENERAL","03-10-2024",0.00,0.00,0.00,0.00,0.00,0.00,"$","",21.00,04-12-2024 12:02:49
0,96,"ISOLANT RUFI 10 ALUMINIZADO UNA CARA ROLLO 20 X 1,00 X 10 MM.",1100000117,"RUF10AL","1.RUF10AL",38021.885,38021.890,0,"INDEPLAC","GENERICO","GENERAL","GENERAL","GENERAL","03-10-2024",0.00,0.00,0.00,0.00,0.00,0.00,"$","",21.00,04-12-2024 12:02:49
0,97,"ISOLANT RUFI 5 ALUMINIO UNA CARA ROLLO 20 X 1,00 X 5 MM.",1100000118,"RUF5A","1.RUF5A",28168.199,28168.200,0,"INDEPLAC","GENERICO","GENERAL","GENERAL","GENERAL","27-09-2024",0.00,0.00,0.00,0.00,0.00,0.00,"$","",21.00,04-12-2024 12:02:49
0,98,"ISOLANT RUFI 5 DOBLE ALUMINIO ROLLO 20 X 1,05 X 5 MM. CON SOLAPE TERMOSOLDABLE .",1100000119,"RUF5AA","1.RUF5AA",52461.204,52461.200,0,"INDEPLAC","GENERICO","GENERAL","GENERAL","GENERAL","27-09-2024",0.00,0.00,0.00,0.00,0.00,0.00,"$","",21.00,04-12-2024 12:02:49
0,309,"ITALFLEX 963 AI TEXTURA MEDIANA X 30 KG.",1200000347,"IT963MX30","1.IT963MX30",72228.939,72228.940,0,"INDEPLAC","GENERICO","GENERAL","GENERAL","GENERAL","03-12-2024",0.00,0.00,0.00,0.00,0.00,0.00,"$","",21.00,04-12-2024 12:02:49
0,190,"JUNTA DE DILATACION PVC VF X 3,00 M.",1100000214,"VFJDIL","1.VFJDIL",4.592,4.590,1,"INDEPLAC","GENERICO","GENERAL","GENERAL","GENERAL","04-10-2024",0.00,0.00,0.00,0.00,0.00,0.00,"U$D","",21.00,04-12-2024 12:02:49
0,233,"LANA DE VIDRIO 7,5X1,2/70 MM",1100000262,"DLV70","9.DLV70",127.691,127.690,1,"DURLOCK","ETERNIT","AISLANTES","GENERAL","GENERAL","02-12-2024",0.00,0.00,0.00,0.00,0.00,0.00,"U$D","",21.00,04-12-2024 12:02:49
0,232,"LANA DE VIDRIO CON ALUMINIO DURLOCK 14,5X1,2/50 MM.",1100000261,"DLV50A","9.DLV50A",120.718,120.720,1,"DURLOCK","ETERNIT","AISLANTES","GENERAL","GENERAL","02-12-2024",0.00,0.00,0.00,0.00,0.00,0.00,"U$D","",21.00,04-12-2024 12:02:49
0,231,"LANA PET CIELORRASO 1,2M X 12,5M X 50MM",1100000260,"PET50","9.PET50",80.401,80.400,1,"DURLOCK","ETERNIT","AISLANTES","GENERAL","GENERAL","02-12-2024",0.00,0.00,0.00,0.00,0.00,0.00,"U$D","",21.00,04-12-2024 12:02:49
0,306,"LANA PET TABIQUES 3 X 0,4M X 12,5M X 70MM",1200000344,"PET70","9.PET70",96.070,96.070,1,"DURLOCK","ETERNIT","AISLANTES","GENERAL","GENERAL","02-12-2024",0.00,0.00,0.00,0.00,0.00,0.00,"U$D","",21.00,04-12-2024 12:02:49
0,230,"LANA PET TECHO 1,2M X 12,5M X 50MM C/BARRERA",1100000259,"PETA50","9.PETA50",101.586,101.590,1,"DURLOCK","ETERNIT","AISLANTES","GENERAL","GENERAL","02-12-2024",0.00,0.00,0.00,0.00,0.00,0.00,"U$D","",21.00,04-12-2024 12:02:49
0,301,"LIJA AL AGUA CS G080",1200000339,"56004080","1.56004080",561.110,561.110,0,"DISTRIBUIDORA RC","GENERICO","GENERAL","GENERAL","GENERAL","25-11-2024",0.00,0.00,0.00,0.00,0.00,0.00,"$","",21.00,04-12-2024 12:02:49
0,302,"LIJA KOLN AL AGUA G 100",1200000340,"71000200","1.71000200",561.110,561.110,0,"DISTRIBUIDORA RC","GENERICO","GENERAL","GENERAL","GENERAL","25-11-2024",0.00,0.00,0.00,0.00,0.00,0.00,"$","",21.00,04-12-2024 12:02:49
0,303,"LIJA KOLN AL AGUA G 120",1200000341,"71000201","1.71000201",561.110,561.110,0,"DISTRIBUIDORA RC","GENERICO","GENERAL","GENERAL","GENERAL","25-11-2024",0.00,0.00,0.00,0.00,0.00,0.00,"$","",21.00,04-12-2024 12:02:49
0,300,"LLANA LISA (280X130)MM ACERO INOXIDABLE",1200000338,"90EPTE28138","1.90EPTE28138",9001.564,9001.560,0,"DISTRIBUIDORA RC","GENERICO","GENERAL","GENERAL","GENERAL","12-11-2024",0.00,0.00,0.00,0.00,0.00,0.00,"$","",21.00,04-12-2024 12:02:49
0,128,"MAESTRA F-47 KNAUF 4000 MM.",1100000150,"F474000","1.F474000",6.581,6.580,1,"INDEPLAC","GENERICO","GENERAL","GENERAL","GENERAL","25-11-2024",0.00,0.00,0.00,0.00,0.00,0.00,"U$D","",21.00,04-12-2024 12:02:49
0,297,"MALLA FIBRA DE VIDRIO 5X5 - 160GR.",1200000335,"MFV160X50","10.MFV160X50",121735.014,121735.010,1,"DURLOCK","ETERNIT","ACCESORIOS","GENERAL","GENERAL","07-11-2024",0.00,0.00,0.00,0.00,0.00,0.00,"U$D","",21.00,04-12-2024 12:02:49
0,191,"MALLA FIBRA DE VIDRIO 90 GRS/M2 ROLLO 1 X 50 M.",1100000215,"MFV90X50","1.MFV90X50",54651.440,54651.440,0,"INDEPLAC","GENERICO","GENERAL","GENERAL","GENERAL","04-10-2024",0.00,0.00,0.00,0.00,0.00,0.00,"$","",21.00,04-12-2024 12:02:49
0,104,"MASILLA ANCLAFLEX PLUS , ENVASE X 1,8 KG.",1100000126,"MAP1,8","1.MAP1,8",4135.260,4135.260,0,"INDEPLAC","GENERICO","GENERAL","GENERAL","GENERAL","27-09-2024",0.00,0.00,0.00,0.00,0.00,0.00,"$","",21.00,04-12-2024 12:02:49
0,105,"MASILLA ANCLAFLEX PLUS , ENVASE X 15 KG.",1100000127,"MAP15","1.MAP15",14112.375,14112.380,0,"INDEPLAC","GENERICO","GENERAL","GENERAL","GENERAL","27-09-2024",0.00,0.00,0.00,0.00,0.00,0.00,"$","",21.00,04-12-2024 12:02:49
0,106,"MASILLA ANCLAFLEX PLUS , ENVASE X 32 KG.",1100000128,"MAP32","1.MAP32",24503.055,24503.060,0,"INDEPLAC","GENERICO","GENERAL","GENERAL","GENERAL","27-09-2024",0.00,0.00,0.00,0.00,0.00,0.00,"$","",21.00,04-12-2024 12:02:49
0,107,"MASILLA ANCLAFLEX PLUS , ENVASE X 7 KG.",1100000129,"MAP7","1.MAP7",8138.441,8138.440,0,"INDEPLAC","GENERICO","GENERAL","GENERAL","GENERAL","27-09-2024",0.00,0.00,0.00,0.00,0.00,0.00,"$","",21.00,04-12-2024 12:02:49
0,206,"MASILLA DURLOCK LPU MULTIUSO BALDE 18 KG",1100000235,"MD18","5.MD18",23032.990,23032.990,0,"DURLOCK","DURLOCK","FORMULADOS DURLOCK","GENERAL","GENERAL","02-12-2024",0.00,0.00,0.00,0.00,0.00,0.00,"$","",21.00,04-12-2024 12:02:49
0,207,"MASILLA DURLOCK LPU MULTIUSO BALDE 32 KG",1100000236,"MD32","5.MD32",36696.621,36696.620,0,"DURLOCK","DURLOCK","FORMULADOS DURLOCK","GENERAL","GENERAL","02-12-2024",0.00,0.00,0.00,0.00,0.00,0.00,"$","",21.00,04-12-2024 12:02:49
0,205,"MASILLA DURLOCK LPU MULTIUSO BALDE 7 KG",1100000234,"MD7","5.MD7",12923.906,12923.910,0,"DURLOCK","DURLOCK","FORMULADOS DURLOCK","GENERAL","GENERAL","02-12-2024",0.00,0.00,0.00,0.00,0.00,0.00,"$","",21.00,04-12-2024 12:02:49
0,208,"MASILLA DURLOCK LPU MULTIUSO CAJA 22 KG",1100000237,"MD22","5.MD22",21390.858,21390.860,0,"DURLOCK","DURLOCK","FORMULADOS DURLOCK","GENERAL","GENERAL","02-12-2024",0.00,0.00,0.00,0.00,0.00,0.00,"$","",21.00,04-12-2024 12:02:49
0,211,"MASILLA DURLOCK SC BALDE 18 KG",1100000240,"MDSC18","11.MDSC18",34473.449,34473.450,0,"DURLOCK","DURLOCK","SC. SEMI CUBIERTOS","GENERAL","GENERAL","07-11-2024",0.00,0.00,0.00,0.00,0.00,0.00,"$","",21.00,04-12-2024 12:02:49
0,209,"MASILLA SECADO RAPIDO 30' BOLSA X 10 KG",1100000238,"MSR10","5.MSR10",14804.450,14804.450,0,"DURLOCK","DURLOCK","FORMULADOS DURLOCK","GENERAL","GENERAL","02-12-2024",0.00,0.00,0.00,0.00,0.00,0.00,"$","",21.00,04-12-2024 12:02:49
0,210,"MASILLA SECADO RAPIDO 30' BOLSA X 25 KG",1100000239,"MSR25","5.MSR25",31062.575,31062.580,0,"DURLOCK","DURLOCK","FORMULADOS DURLOCK","GENERAL","GENERAL","02-12-2024",0.00,0.00,0.00,0.00,0.00,0.00,"$","",21.00,04-12-2024 12:02:49
0,257,"MECHA DE PERCUSION WIDIA 6 X 330MM",1100000286,"8505DWA5606C","1.8505DWA5606C",4139.522,4139.520,0,"DISTRIBUIDORA RC","GENERICO","GENERAL","GENERAL","GENERAL","04-10-2024",0.00,0.00,0.00,0.00,0.00,0.00,"$","",21.00,04-12-2024 12:02:49
0,290,"MECHA PARA HORMIGON SDS MAX Ø 10 X 160MM - BREMEN",1100000321,"2741","1.2741",5568.486,5568.490,0,"WEIMAR TOOLS","GENERICO","GENERAL","GENERAL","GENERAL","04-10-2024",0.00,0.00,0.00,0.00,0.00,0.00,"$","",21.00,04-12-2024 12:02:49
0,289,"MECHA PARA HORMIGON SDS MAX Ø 12 X 160MM - BREMEN",1100000320,"2744","1.2744",5956.996,5957.000,0,"WEIMAR TOOLS","GENERICO","GENERAL","GENERAL","GENERAL","04-10-2024",0.00,0.00,0.00,0.00,0.00,0.00,"$","",21.00,04-12-2024 12:02:49
0,272,"MECHA PILOTO 6 MM GUIA PARA SOPORTE DE SIERRA COPA - MILWAUKEE",1100000303,"49-56-8010","1.49-56-8010",3335.911,3335.910,0,"WEIMAR TOOLS","GENERICO","GENERAL","GENERAL","GENERAL","04-10-2024",0.00,0.00,0.00,0.00,0.00,0.00,"$","",21.00,04-12-2024 12:02:49
0,121,"MOLDURA AT-35     35 X 35 X 2000 MM.",1100000143,"AT35","1.AT35",1724.428,1724.430,0,"INDEPLAC","GENERICO","GENERAL","GENERAL","GENERAL","27-09-2024",0.00,0.00,0.00,0.00,0.00,0.00,"$","",21.00,04-12-2024 12:02:49
0,37,"PANEL CIELORRASO BLANCO 200 X 13 MM. X 3,50 M.",1100000055,"P350","1.P350",10.248,10.250,1,"INDEPLAC","GENERICO","GENERAL","GENERAL","GENERAL","25-11-2024",0.00,0.00,0.00,0.00,0.00,0.00,"U$D","",21.00,04-12-2024 12:02:49
0,38,"PANEL CIELORRASO BLANCO 200 X 13 MM. X 4,00 M.",1100000057,"P400","1.P400",11.721,11.720,1,"INDEPLAC","GENERICO","GENERAL","GENERAL","GENERAL","25-11-2024",0.00,0.00,0.00,0.00,0.00,0.00,"U$D","",21.00,04-12-2024 12:02:49
0,39,"PANEL CIELORRASO BLANCO 200 X 13 MM. X 4,50 M.",1100000058,"P450","1.P450",13.179,13.180,1,"INDEPLAC","GENERICO","GENERAL","GENERAL","GENERAL","25-11-2024",0.00,0.00,0.00,0.00,0.00,0.00,"U$D","",21.00,04-12-2024 12:02:49
0,40,"PANEL CIELORRASO BLANCO 200 X 13 MM. X 5,00 M.",1100000059,"P500","1.P500",14.652,14.650,1,"INDEPLAC","GENERICO","GENERAL","GENERAL","GENERAL","25-11-2024",0.00,0.00,0.00,0.00,0.00,0.00,"U$D","",21.00,04-12-2024 12:02:49
0,41,"PANEL CIELORRASO BLANCO 200 X 13 MM. X 5,50 M.",1100000060,"P550","1.P550",16.108,16.110,1,"INDEPLAC","GENERICO","GENERAL","GENERAL","GENERAL","25-11-2024",0.00,0.00,0.00,0.00,0.00,0.00,"U$D","",21.00,04-12-2024 12:02:49
0,42,"PANEL CIELORRASO BLANCO 200 X 13 MM. X 6,00 M.",1100000061,"P600","1.P600",17.566,17.570,1,"INDEPLAC","GENERICO","GENERAL","GENERAL","GENERAL","25-11-2024",0.00,0.00,0.00,0.00,0.00,0.00,"U$D","",21.00,04-12-2024 12:02:49
0,43,"PANEL CIELORRASO BOSQUE ARRAYAN NT 200 X 13 MM. X 4,00 M.",1100000062,"5020105302","1.5020105302",15.560,15.560,1,"INDEPLAC","GENERICO","GENERAL","GENERAL","GENERAL","25-11-2024",0.00,0.00,0.00,0.00,0.00,0.00,"U$D","",21.00,04-12-2024 12:02:49
0,44,"PANEL CIELORRASO BOSQUE CEDRO NT 200 X 13 MM. X 4,00 M.",1100000063,"5020105202","1.5020105202",15.560,15.560,1,"INDEPLAC","GENERICO","GENERAL","GENERAL","GENERAL","25-11-2024",0.00,0.00,0.00,0.00,0.00,0.00,"U$D","",21.00,04-12-2024 12:02:49
0,45,"PANEL CIELORRASO BOSQUE CIPRES NT 200 X 13 MM. X 4,00 M.",1100000064,"5020105102","1.5020105102",15.560,15.560,1,"INDEPLAC","GENERICO","GENERAL","GENERAL","GENERAL","25-11-2024",0.00,0.00,0.00,0.00,0.00,0.00,"U$D","",21.00,04-12-2024 12:02:49
0,46,"PANEL CIELORRASO BOSQUE HAYA NT 200 X 13 MM. X 4,00 M.",1100000065,"5020105402","1.5020105402",15.560,15.560,1,"INDEPLAC","GENERICO","GENERAL","GENERAL","GENERAL","25-11-2024",0.00,0.00,0.00,0.00,0.00,0.00,"U$D","",21.00,04-12-2024 12:02:49
0,7,"PERFIL ANGULO DE AJUSTE X 2600 MM",1100000010,"ANG","1.ANG",1.427,1.430,1,"ACERO PERFIL","GENERICO","GENERAL","GENERAL","GENERAL","07-11-2024",0.00,0.00,0.00,0.00,0.00,0.00,"U$D","",21.00,04-12-2024 12:02:49
0,8,"PERFIL BUÑA Z X 2600 MM",1100000011,"BUÑA","1.BUÑA",2.304,2.300,1,"ACERO PERFIL","GENERICO","GENERAL","GENERAL","GENERAL","07-11-2024",0.00,0.00,0.00,0.00,0.00,0.00,"U$D","",21.00,04-12-2024 12:02:49
0,9,"PERFIL CANTONERA X 2600 MM",1100000012,"CANT","1.CANT",1.724,1.720,1,"ACERO PERFIL","GENERICO","GENERAL","GENERAL","GENERAL","07-11-2024",0.00,0.00,0.00,0.00,0.00,0.00,"U$D","",21.00,04-12-2024 12:02:49
0,122,"PERFIL LARGUERO TX LP 15/16" X 3,66 M.",1100000144,"T3,66","1.T3,66",4.168,4.170,1,"INDEPLAC","GENERICO","GENERAL","GENERAL","GENERAL","25-11-2024",0.00,0.00,0.00,0.00,0.00,0.00,"U$D","",21.00,04-12-2024 12:02:49
0,1,"PERFIL MONTANTE 34 MM X 2600 MM",1100000003,"MON34","1.MON34",2.821,2.820,1,"ACERO PERFIL","GENERICO","GENERAL","GENERAL","GENERAL","07-11-2024",-4.00,0.00,0.00,-4.00,-4.00,1.00,"U$D","",21.00,04-12-2024 12:02:49
0,2,"PERFIL MONTANTE 69 MM X 2600 MM",1100000004,"MON69","1.MON69",3.729,3.730,1,"ACERO PERFIL","GENERICO","GENERAL","GENERAL","GENERAL","07-11-2024",0.00,0.00,0.00,0.00,0.00,0.00,"U$D","",21.00,04-12-2024 12:02:49
0,3,"PERFIL MONTANTE 99 MM X 2600 MM",1100000005,"MON99","1.MON99",4.826,4.830,1,"ACERO PERFIL","GENERICO","GENERAL","GENERAL","GENERAL","07-11-2024",0.00,0.00,0.00,0.00,0.00,0.00,"U$D","",21.00,04-12-2024 12:02:49
0,10,"PERFIL OMEGA X 2600 MM",1100000013,"OMEGA","1.OMEGA",2.586,2.590,1,"ACERO PERFIL","GENERICO","GENERAL","GENERAL","GENERAL","07-11-2024",0.00,0.00,0.00,0.00,0.00,0.00,"U$D","",21.00,04-12-2024 12:02:49
0,123,"PERFIL PERIMETRAL "L" TX P 15/16" X 3,00 M.",1100000145,"L3,00","1.L3,00",2.162,2.160,1,"INDEPLAC","GENERICO","GENERAL","GENERAL","GENERAL","25-11-2024",0.00,0.00,0.00,0.00,0.00,0.00,"U$D","",21.00,04-12-2024 12:02:49
0,47,"PERFIL PERIMETRAL J BOSQUE ARRAYAN X 3,00 M.",1100000066,"5020204301","1.5020204301",4.450,4.450,1,"INDEPLAC","GENERICO","GENERAL","GENERAL","GENERAL","25-11-2024",0.00,0.00,0.00,0.00,0.00,0.00,"U$D","",21.00,04-12-2024 12:02:49
0,48,"PERFIL PERIMETRAL J BOSQUE CEDRO X 3,00 M.",1100000067,"5020204201","1.5020204201",4.341,4.340,1,"INDEPLAC","GENERICO","GENERAL","GENERAL","GENERAL","25-11-2024",0.00,0.00,0.00,0.00,0.00,0.00,"U$D","",21.00,04-12-2024 12:02:49
0,49,"PERFIL PERIMETRAL J BOSQUE CIPRES X 3,00 M.",1100000068,"5020204101","1.5020204101",4.450,4.450,1,"INDEPLAC","GENERICO","GENERAL","GENERAL","GENERAL","25-11-2024",0.00,0.00,0.00,0.00,0.00,0.00,"U$D","",21.00,04-12-2024 12:02:49
0,50,"PERFIL PERIMETRAL J BOSQUE HAYA X 3,00 M.",1100000069,"5020204401","1.5020204401",4.450,4.450,1,"INDEPLAC","GENERICO","GENERAL","GENERAL","GENERAL","25-11-2024",0.00,0.00,0.00,0.00,0.00,0.00,"U$D","",21.00,04-12-2024 12:02:49
0,51,"PERFIL PERIMETRAL J X 3,00 M.",1100000070,"J","1.J",3.479,3.480,1,"INDEPLAC","GENERICO","GENERAL","GENERAL","GENERAL","25-11-2024",0.00,0.00,0.00,0.00,0.00,0.00,"U$D","",21.00,04-12-2024 12:02:49
0,6,"PERFIL SOLERA 100 MM X 2600 MM",1100000009,"SOL100","1.SOL100",4.481,4.480,1,"ACERO PERFIL","GENERICO","GENERAL","GENERAL","GENERAL","07-11-2024",0.00,0.00,0.00,0.00,0.00,0.00,"U$D","",21.00,04-12-2024 12:02:49
0,4,"PERFIL SOLERA 35 MM X 2600 MM",1100000007,"SOL35","1.SOL35",2.444,2.440,1,"ACERO PERFIL","GENERICO","GENERAL","GENERAL","GENERAL","07-11-2024",0.00,0.00,0.00,0.00,0.00,0.00,"U$D","",21.00,04-12-2024 12:02:49
0,5,"PERFIL SOLERA 70 MM X 2600 MM",1100000008,"SOL70","1.SOL70",3.353,3.350,1,"ACERO PERFIL","GENERICO","GENERAL","GENERAL","GENERAL","07-11-2024",0.00,0.00,0.00,0.00,0.00,0.00,"U$D","",21.00,04-12-2024 12:02:49
0,124,"PERFIL TRAVESAÑO CORTO TX TP 15/16" X 0,61 M.",1100000146,"T0,61","1.T0,61",0.737,0.740,1,"INDEPLAC","GENERICO","GENERAL","GENERAL","GENERAL","25-11-2024",0.00,0.00,0.00,0.00,0.00,0.00,"U$D","",21.00,04-12-2024 12:02:49
0,125,"PERFIL TRAVESAÑO LARGO TX TP 15/16" X 1,22 M.",1100000147,"T1,22","1.T1,22",1.364,1.360,1,"INDEPLAC","GENERICO","GENERAL","GENERAL","GENERAL","25-11-2024",0.00,0.00,0.00,0.00,0.00,0.00,"U$D","",21.00,04-12-2024 12:02:49
0,129,"PERFIL U 25/20 KNAUF 2600 MM.",1100000151,"U2600","1.U2600",3.213,3.210,1,"INDEPLAC","GENERICO","GENERAL","GENERAL","GENERAL","25-11-2024",0.00,0.00,0.00,0.00,0.00,0.00,"U$D","",21.00,04-12-2024 12:02:49
0,52,"PERFIL UNION H BOSQUE ARRAYAN X 3,00 M.",1100000071,"HARRAYAN","1.HARRAYAN",6.613,6.610,1,"INDEPLAC","GENERICO","GENERAL","GENERAL","GENERAL","25-11-2024",0.00,0.00,0.00,0.00,0.00,0.00,"U$D","",21.00,04-12-2024 12:02:49
0,53,"PERFIL UNION H BOSQUE CEDRO X 3,00 M.",1100000072,"HCEDRO","1.HCEDRO",6.613,6.610,1,"INDEPLAC","GENERICO","GENERAL","GENERAL","GENERAL","25-11-2024",0.00,0.00,0.00,0.00,0.00,0.00,"U$D","",21.00,04-12-2024 12:02:49
0,54,"PERFIL UNION H BOSQUE CIPRES X 3,00 M.",1100000073,"HCIPRES","1.HCIPRES",6.613,6.610,1,"INDEPLAC","GENERICO","GENERAL","GENERAL","GENERAL","25-11-2024",0.00,0.00,0.00,0.00,0.00,0.00,"U$D","",21.00,04-12-2024 12:02:49
0,55,"PERFIL UNION H BOSQUE HAYA X 3,00 M.",1100000074,"HHAYA","1.HHAYA",6.613,6.610,1,"INDEPLAC","GENERICO","GENERAL","GENERAL","GENERAL","25-11-2024",0.00,0.00,0.00,0.00,0.00,0.00,"U$D","",21.00,04-12-2024 12:02:49
0,56,"PERFIL UNION H X 3,00 M.",1100000075,"H","1.H",5.171,5.170,1,"INDEPLAC","GENERICO","GENERAL","GENERAL","GENERAL","25-11-2024",0.00,0.00,0.00,0.00,0.00,0.00,"U$D","",21.00,04-12-2024 12:02:49
0,12,"PGC 100 X 40 X 15 ESPESOR 0,94 X 6000 MM.",1100000016,"PGC100094","8.PGC100094",20.857,20.860,1,"DURLOCK","ETERNIT","PERFILES STEEL","GENERAL","GENERAL","02-12-2024",0.00,0.00,0.00,0.00,0.00,0.00,"U$D","",21.00,04-12-2024 12:02:49
0,18,"PGC 100 X 40 X 15 ESPESOR 1,29 X 6000 MM.",1100000035,"PGC100129","1.PGC100129",30.556,30.560,1,"ACERO PERFIL","GENERICO","GENERAL","GENERAL","GENERAL","07-11-2024",0.00,0.00,0.00,0.00,0.00,0.00,"U$D","",21.00,04-12-2024 12:02:49
0,25,"PGC 100 X 40 X 15 ESPESOR 1,64 X 6000 MM.",1100000043,"PGC100164","1.PGC100164",64.763,64.760,1,"ACERO PERFIL","GENERICO","GENERAL","GENERAL","GENERAL","07-11-2024",0.00,0.00,0.00,0.00,0.00,0.00,"U$D","",21.00,04-12-2024 12:02:49
0,13,"PGC 150 X 40 X 15 ESPESOR 0,94 X 6000 MM.",1100000017,"PGC150094","1.PGC150094",27.860,27.860,1,"ACERO PERFIL","GENERICO","GENERAL","GENERAL","GENERAL","07-11-2024",0.00,0.00,0.00,0.00,0.00,0.00,"U$D","",21.00,04-12-2024 12:02:49
0,19,"PGC 150 X 40 X 15 ESPESOR 1,29 X 6000 MM.",1100000037,"PGC150129","1.PGC150129",38.234,38.230,1,"ACERO PERFIL","GENERICO","GENERAL","GENERAL","GENERAL","07-11-2024",0.00,0.00,0.00,0.00,0.00,0.00,"U$D","",21.00,04-12-2024 12:02:49
0,26,"PGC 150 X 40 X 15 ESPESOR 1,64 X 6000 MM.",1100000044,"PGC150164","1.PGC150164",48.607,48.610,1,"ACERO PERFIL","GENERICO","GENERAL","GENERAL","GENERAL","07-11-2024",0.00,0.00,0.00,0.00,0.00,0.00,"U$D","",21.00,04-12-2024 12:02:49
0,31,"PGC 150 X 40 X 15 ESPESOR 2,04 X 6000 MM.",1100000049,"PGC150204","1.PGC150204",57.586,57.590,1,"ACERO PERFIL","GENERICO","GENERAL","GENERAL","GENERAL","07-11-2024",0.00,0.00,0.00,0.00,0.00,0.00,"U$D","",21.00,04-12-2024 12:02:49
0,20,"PGC 200 X 40 X 15 ESPESOR 1,29 X 6000 MM.",1100000038,"PGC200129","1.PGC200129",46.225,46.230,1,"ACERO PERFIL","GENERICO","GENERAL","GENERAL","GENERAL","07-11-2024",0.00,0.00,0.00,0.00,0.00,0.00,"U$D","",21.00,04-12-2024 12:02:49
0,27,"PGC 200 X 40 X 15 ESPESOR 1,64 X 6000 MM.",1100000045,"PGC200164","1.PGC200164",58.777,58.780,1,"ACERO PERFIL","GENERICO","GENERAL","GENERAL","GENERAL","07-11-2024",0.00,0.00,0.00,0.00,0.00,0.00,"U$D","",21.00,04-12-2024 12:02:49
0,32,"PGC 200 X 40 X 15 ESPESOR 2,04 X 6000 MM.",1100000050,"PGC200204","1.PGC200204",69.635,69.640,1,"ACERO PERFIL","GENERICO","GENERAL","GENERAL","GENERAL","07-11-2024",0.00,0.00,0.00,0.00,0.00,0.00,"U$D","",21.00,04-12-2024 12:02:49
0,11,"PGC 70 X 40 X 15 ESPESOR 0,94 X 6000 MM.",1100000014,"PGC700094","8.PGC700094",18.302,18.300,1,"DURLOCK","ETERNIT","PERFILES STEEL","GENERAL","GENERAL","02-12-2024",0.00,0.00,0.00,0.00,0.00,0.00,"U$D","",21.00,04-12-2024 12:02:49
0,17,"PGC 70 X 40 X 15 ESPESOR 1,29 X 6000 MM.",1100000034,"PGC700129","1.PGC700129",25.698,25.700,1,"ACERO PERFIL","GENERICO","GENERAL","GENERAL","GENERAL","07-11-2024",0.00,0.00,0.00,0.00,0.00,0.00,"U$D","",21.00,04-12-2024 12:02:49
0,293,"PGO - PERFIL OMEGA REFORZADO",1100000324,"PGO22","1.PGO22",6.362,6.360,0,"ACERO PERFIL","GENERICO","GENERAL","GENERAL","GENERAL","25-11-2024",0.00,0.00,0.00,0.00,0.00,0.00,"$","",21.00,04-12-2024 12:02:49
0,307,"PGO DURLOCK 37X31X13 0,90MM - 6MTS",1200000345,"PGO037","8.PGO037",14.134,14.130,1,"DURLOCK","ETERNIT","PERFILES STEEL","GENERAL","GENERAL","02-12-2024",0.00,0.00,0.00,0.00,0.00,0.00,"U$D","",21.00,04-12-2024 12:02:49
0,15,"PGU 100 X 35 ESPESOR 0,94 X 6000 MM.",1100000032,"PGU100094","8.PGU100094",17.832,17.830,1,"DURLOCK","ETERNIT","PERFILES STEEL","GENERAL","GENERAL","02-12-2024",0.00,0.00,0.00,0.00,0.00,0.00,"U$D","",21.00,04-12-2024 12:02:49
0,22,"PGU 100 X 35 ESPESOR 1,29 X 6000 MM.",1100000040,"PGU100129","1.PGU100129",25.698,25.700,1,"ACERO PERFIL","GENERICO","GENERAL","GENERAL","GENERAL","07-11-2024",0.00,0.00,0.00,0.00,0.00,0.00,"U$D","",21.00,04-12-2024 12:02:49
0,28,"PGU 100 X 35 ESPESOR 1,64 X 6000 MM.",1100000046,"PGU100164","1.PGU100164",54.452,54.450,1,"ACERO PERFIL","GENERICO","GENERAL","GENERAL","GENERAL","07-11-2024",0.00,0.00,0.00,0.00,0.00,0.00,"U$D","",21.00,04-12-2024 12:02:49
0,16,"PGU 150 X 35 ESPESOR 0,94 X 6000 MM.",1100000033,"PGU150094","1.PGU150094",24.444,24.440,1,"ACERO PERFIL","GENERICO","GENERAL","GENERAL","GENERAL","07-11-2024",0.00,0.00,0.00,0.00,0.00,0.00,"U$D","",21.00,04-12-2024 12:02:49
0,23,"PGU 150 X 35 ESPESOR 1,29 X 6000 MM.",1100000041,"PGU150129","1.PGU150129",33.533,33.530,1,"ACERO PERFIL","GENERICO","GENERAL","GENERAL","GENERAL","07-11-2024",0.00,0.00,0.00,0.00,0.00,0.00,"U$D","",21.00,04-12-2024 12:02:49
0,29,"PGU 150 X 35 ESPESOR 1,64 X 6000 MM.",1100000047,"PGU150164","1.PGU150164",42.637,42.640,1,"ACERO PERFIL","GENERICO","GENERAL","GENERAL","GENERAL","07-11-2024",0.00,0.00,0.00,0.00,0.00,0.00,"U$D","",21.00,04-12-2024 12:02:49
0,33,"PGU 150 X 35 ESPESOR 2,04 X 6000 MM.",1100000051,"PGU150204","1.PGU150204",50.518,50.520,1,"ACERO PERFIL","GENERICO","GENERAL","GENERAL","GENERAL","07-11-2024",0.00,0.00,0.00,0.00,0.00,0.00,"U$D","",21.00,04-12-2024 12:02:49
0,24,"PGU 200 X 35 ESPESOR 1,29 X 6000 MM.",1100000042,"PGU200129","1.PGU200129",41.681,41.680,1,"ACERO PERFIL","GENERICO","GENERAL","GENERAL","GENERAL","07-11-2024",0.00,0.00,0.00,0.00,0.00,0.00,"U$D","",21.00,04-12-2024 12:02:49
0,30,"PGU 200 X 35 ESPESOR 1,64 X 6000 MM.",1100000048,"PGU200164","1.PGU200164",52.994,52.990,1,"ACERO PERFIL","GENERICO","GENERAL","GENERAL","GENERAL","07-11-2024",0.00,0.00,0.00,0.00,0.00,0.00,"U$D","",21.00,04-12-2024 12:02:49
0,34,"PGU 200 X 35 ESPESOR 2,04 X 6000 MM.",1100000052,"PGU200204","1.PGU200204",62.788,62.790,1,"ACERO PERFIL","GENERICO","GENERAL","GENERAL","GENERAL","07-11-2024",0.00,0.00,0.00,0.00,0.00,0.00,"U$D","",21.00,04-12-2024 12:02:49
0,14,"PGU 70 X 35 ESPESOR 0,94 X 6000 MM.",1100000031,"PGU700094","8.PGU700094",14.667,14.670,1,"DURLOCK","ETERNIT","PERFILES STEEL","GENERAL","GENERAL","02-12-2024",0.00,0.00,0.00,0.00,0.00,0.00,"U$D","",21.00,04-12-2024 12:02:49
0,21,"PGU 70 X 35 ESPESOR 1,29 X 6000 MM.",1100000039,"PGU700129","1.PGU700129",20.840,20.840,1,"ACERO PERFIL","GENERICO","GENERAL","GENERAL","GENERAL","07-11-2024",0.00,0.00,0.00,0.00,0.00,0.00,"U$D","",21.00,04-12-2024 12:02:49
0,226,"PLACA CEDRAL SMART NATURAL 3,20 X 100MM",1100000255,"SMART","6.SMART",13557.565,13557.570,0,"DURLOCK","ETERNIT","CEDRAL","GENERAL","GENERAL","07-11-2024",0.00,0.00,0.00,0.00,0.00,0.00,"$","",21.00,04-12-2024 12:02:49
0,294,"PLACA DECO CLASIC 0,606 X 0,606M",1200000331,"DECOC60","3.DECOC60",1573.767,1573.770,0,"DURLOCK","DURLOCK","PLACA DESMONTABLE","GENERAL","GENERAL","02-12-2024",0.00,0.00,0.00,0.00,0.00,0.00,"$","",21.00,04-12-2024 12:02:49
0,213,"PLACA DECO CLASIC 0,606 X 1,216M",1100000242,"DECOC","3.DECOC",5934.071,5934.070,0,"DURLOCK","DURLOCK","PLACA DESMONTABLE","GENERAL","GENERAL","02-12-2024",0.00,0.00,0.00,0.00,0.00,0.00,"$","",21.00,04-12-2024 12:02:49
0,295,"PLACA DURLOCK 4 DIMENSIONES 12,5MM 1,20 X 2,40M",1200000333,"D4D12","2.D4D12",21388.915,21388.920,0,"DURLOCK","DURLOCK","PLACAS YESO","GENERAL","GENERAL","02-12-2024",0.00,0.00,0.00,0.00,0.00,0.00,"$","",21.00,04-12-2024 12:02:49
0,221,"PLACA DURLOCK ACUSTICA 12,5MM 1,20 X 2,40M",1100000250,"DA12,5","2.DA12,5",14611.856,14611.860,0,"DURLOCK","DURLOCK","PLACAS YESO","GENERAL","GENERAL","02-12-2024",0.00,0.00,0.00,0.00,0.00,0.00,"$","",21.00,04-12-2024 12:02:49
0,214,"PLACA DURLOCK CIEL 7MM 1,20 X 2,40M",1100000243,"CIEL","2.CIEL",11040.040,11040.040,0,"DURLOCK","DURLOCK","PLACAS YESO","GENERAL","GENERAL","02-12-2024",0.00,0.00,0.00,0.00,0.00,0.00,"$","",21.00,04-12-2024 12:02:49
0,218,"PLACA DURLOCK EST REF 12,5MM 1,20 3,00M",1100000247,"D12,53","2.D12,53",15221.039,15221.040,0,"DURLOCK","DURLOCK","PLACAS YESO","GENERAL","GENERAL","02-12-2024",0.00,0.00,0.00,0.00,0.00,0.00,"$","",21.00,04-12-2024 12:02:49
0,216,"PLACA DURLOCK EST REF 12,5MM 1,20 X 2,40M",1100000245,"D12,5","2.D12,5",12176.565,12176.570,0,"DURLOCK","DURLOCK","PLACAS YESO","GENERAL","GENERAL","02-12-2024",0.00,0.00,0.00,0.00,0.00,0.00,"$","",21.00,04-12-2024 12:02:49
0,217,"PLACA DURLOCK EST REF 12,5MM 1,20 X 2,60M",1100000246,"D12,526","2.D12,526",13191.400,13191.400,0,"DURLOCK","DURLOCK","PLACAS YESO","GENERAL","GENERAL","02-12-2024",0.00,0.00,0.00,0.00,0.00,0.00,"$","",21.00,04-12-2024 12:02:49
0,215,"PLACA DURLOCK EST REF 9,5MM 1,20 X 2,40M",1100000244,"D9,5","2.D9,5",11041.325,11041.330,0,"DURLOCK","DURLOCK","PLACAS YESO","GENERAL","GENERAL","02-12-2024",0.00,0.00,0.00,0.00,0.00,0.00,"$","",21.00,04-12-2024 12:02:49
0,220,"PLACA DURLOCK RF 12,5MM 1,20 X 2,40M",1100000249,"DROJA","2.DROJA",17078.486,17078.490,0,"DURLOCK","DURLOCK","PLACAS YESO","GENERAL","GENERAL","02-12-2024",0.00,0.00,0.00,0.00,0.00,0.00,"$","",21.00,04-12-2024 12:02:49
0,219,"PLACA DURLOCK RH 12,5MM 1,20 X 2,40M",1100000248,"DVERDE","2.DVERDE",19772.496,19772.500,0,"DURLOCK","DURLOCK","PLACAS YESO","GENERAL","GENERAL","02-12-2024",0.00,0.00,0.00,0.00,0.00,0.00,"$","",21.00,04-12-2024 12:02:49
0,222,"PLACA DURLOCK SC 12,5MM 1,20 X 2,40M",1100000251,"DSC12","11.DSC12",34436.720,34436.720,0,"DURLOCK","DURLOCK","SC. SEMI CUBIERTOS","GENERAL","GENERAL","25-11-2024",0.00,0.00,0.00,0.00,0.00,0.00,"$","",21.00,04-12-2024 12:02:49
0,145,"PLACA EPS 1000 X 1000 X 20 MM. 20 KG/M3.",1100000167,"EPS20","1.EPS20",4.717,4.720,1,"INDEPLAC","GENERICO","GENERAL","GENERAL","GENERAL","03-10-2024",0.00,0.00,0.00,0.00,0.00,0.00,"U$D","",21.00,04-12-2024 12:02:49
0,146,"PLACA EPS 1000 X 1000 X 30 MM. 20 KG/M3.",1100000168,"EPS30","1.EPS30",7.068,7.070,1,"INDEPLAC","GENERICO","GENERAL","GENERAL","GENERAL","03-10-2024",0.00,0.00,0.00,0.00,0.00,0.00,"U$D","",21.00,04-12-2024 12:02:49
0,147,"PLACA EPS 1000 X 1000 X 50 MM. 20 KG/M3.",1100000169,"EPS50","1.EPS50",11.783,11.780,1,"INDEPLAC","GENERICO","GENERAL","GENERAL","GENERAL","03-10-2024",0.00,0.00,0.00,0.00,0.00,0.00,"U$D","",21.00,04-12-2024 12:02:49
0,148,"PLACA EPS 2000 X 1000 X 20 MM. 20 KG/M3.",1100000170,"EPS202M","1.EPS202M",9.449,9.450,1,"INDEPLAC","GENERICO","GENERAL","GENERAL","GENERAL","03-10-2024",0.00,0.00,0.00,0.00,0.00,0.00,"U$D","",21.00,04-12-2024 12:02:49
0,149,"PLACA EPS 2000 X 1000 X 30 MM. 20 KG/M3.",1100000171,"EPS302M","1.EPS302M",14.150,14.150,1,"INDEPLAC","GENERICO","GENERAL","GENERAL","GENERAL","03-10-2024",0.00,0.00,0.00,0.00,0.00,0.00,"U$D","",21.00,04-12-2024 12:02:49
0,150,"PLACA EPS 2000 X 1000 X 50 MM. 20 KG/M3.",1100000172,"EPS502M","1.EPS502M",23.552,23.550,1,"INDEPLAC","GENERICO","GENERAL","GENERAL","GENERAL","03-10-2024",0.00,0.00,0.00,0.00,0.00,0.00,"U$D","",21.00,04-12-2024 12:02:49
0,223,"PLACA GYPLAC 12,5MM AQ 1,20 X 2,40M BR",1100000252,"GYPLAC","12.GYPLAC",53.825,53.830,1,"DURLOCK","DURLOCK","AQUABOARD","GENERAL","GENERAL","29-11-2024",0.00,0.00,0.00,0.00,0.00,0.00,"U$D","",21.00,04-12-2024 12:02:49
0,155,"PLACA LP OSB 11,1 MM. 1,22X2,44 M.",1100000177,"OSB11,1","1.OSB11,1",31948.638,31948.640,0,"INDEPLAC","GENERICO","GENERAL","GENERAL","GENERAL","04-10-2024",0.00,0.00,0.00,0.00,0.00,0.00,"$","",21.00,04-12-2024 12:02:49
0,156,"PLACA LP OSB 15,1 MM. 1,22X2,44 M.",1100000178,"OSB15,1","1.OSB15,1",43461.803,43461.800,0,"INDEPLAC","GENERICO","GENERAL","GENERAL","GENERAL","25-11-2024",0.00,0.00,0.00,0.00,0.00,0.00,"$","",21.00,04-12-2024 12:02:49
0,157,"PLACA LP OSB 18,3 MM. 1,22X2,44 M.",1100000179,"OSB18,3","1.OSB18,3",52672.132,52672.130,0,"INDEPLAC","GENERICO","GENERAL","GENERAL","GENERAL","25-11-2024",0.00,0.00,0.00,0.00,0.00,0.00,"$","",21.00,04-12-2024 12:02:49
0,158,"PLACA LP OSB 9,5 MM. 1,22X2,44 M.",1100000180,"OSB9,5","1.OSB9,5",27343.309,27343.310,0,"INDEPLAC","GENERICO","GENERAL","GENERAL","GENERAL","04-10-2024",0.00,0.00,0.00,0.00,0.00,0.00,"$","",21.00,04-12-2024 12:02:49
0,225,"PLACA SUPERBOARD PAREDES EXTERIORES 8MM",1100000254,"DSUP8","4.DSUP8",50316.457,50316.460,0,"DURLOCK","ETERNIT","PLACAS DE CEMENTO","GENERAL","GENERAL","07-11-2024",0.00,0.00,0.00,0.00,0.00,0.00,"$","",21.00,04-12-2024 12:02:49
0,224,"PLACA SUPERBOARD USOS MULTIPLES 6MM",1100000253,"DSUP6","4.DSUP6",37759.358,37759.360,0,"DURLOCK","ETERNIT","PLACAS DE CEMENTO","GENERAL","GENERAL","07-11-2024",0.00,0.00,0.00,0.00,0.00,0.00,"$","",21.00,04-12-2024 12:02:49
0,288,"PLATO P MASILLA CON ESPONJA AANTI CALLOS 13 X 13 ALUMINIO - BREMEN",1100000319,"7258","1.7258",36259.991,36259.990,0,"WEIMAR TOOLS","GENERICO","GENERAL","GENERAL","GENERAL","04-10-2024",0.00,0.00,0.00,0.00,0.00,0.00,"$","",21.00,04-12-2024 12:02:49
0,268,"PORTAPUNTAS PIVOTANTE DE IMPACTO 1/4 - MILWAUKEE",1100000299,"48-32-2300","1.48-32-2300",38561.214,38561.210,0,"WEIMAR TOOLS","GENERICO","GENERAL","GENERAL","GENERAL","04-10-2024",0.00,0.00,0.00,0.00,0.00,0.00,"$","",21.00,04-12-2024 12:02:49
0,130,"PRADERA LATEX EXTERIOR BLANCO X 10 LTS.",1100000152,"PLEXT10","1.PLEXT10",44845.687,44845.690,0,"INDEPLAC","GENERICO","GENERAL","GENERAL","GENERAL","03-10-2024",0.00,0.00,0.00,0.00,0.00,0.00,"$","",21.00,04-12-2024 12:02:49
0,131,"PRADERA LATEX EXTERIOR BLANCO X 20 LTS.",1100000153,"PLEXT20","1.PLEXT20",84787.445,84787.450,0,"INDEPLAC","GENERICO","GENERAL","GENERAL","GENERAL","03-10-2024",0.00,0.00,0.00,0.00,0.00,0.00,"$","",21.00,04-12-2024 12:02:49
0,132,"PRADERA LATEX EXTERIOR BLANCO X 4 LTS.",1100000154,"PLEXT4","1.PLEXT4",21025.257,21025.260,0,"INDEPLAC","GENERICO","GENERAL","GENERAL","GENERAL","03-10-2024",0.00,0.00,0.00,0.00,0.00,0.00,"$","",21.00,04-12-2024 12:02:49
0,133,"PRADERA LATEX INTERIOR BLANCO X 10 LTS.",1100000155,"PLINT10","1.PLINT10",34586.583,34586.580,0,"INDEPLAC","GENERICO","GENERAL","GENERAL","GENERAL","03-10-2024",0.00,0.00,0.00,0.00,0.00,0.00,"$","",21.00,04-12-2024 12:02:49
0,134,"PRADERA LATEX INTERIOR BLANCO X 20 LTS.",1100000156,"PLINT20","1.PLINT20",65470.979,65470.980,0,"INDEPLAC","GENERICO","GENERAL","GENERAL","GENERAL","03-10-2024",0.00,0.00,0.00,0.00,0.00,0.00,"$","",21.00,04-12-2024 12:02:49
0,135,"PRADERA LATEX INTERIOR BLANCO X 4 LTS.",1100000157,"PLINT4","1.PLINT4",16631.106,16631.110,0,"INDEPLAC","GENERICO","GENERAL","GENERAL","GENERAL","03-10-2024",0.00,0.00,0.00,0.00,0.00,0.00,"$","",21.00,04-12-2024 12:02:49
0,136,"PRADERA SELLADOR / FIJADOR AL AGUA X 1 LT.",1100000158,"PSFIJA1","1.PSFIJA1",3783.668,3783.670,0,"INDEPLAC","GENERICO","GENERAL","GENERAL","GENERAL","03-10-2024",0.00,0.00,0.00,0.00,0.00,0.00,"$","",21.00,04-12-2024 12:02:49
0,137,"PRADERA SELLADOR / FIJADOR AL AGUA X 10 LTS.",1100000159,"PSFIJA10","1.PSFIJA10",22572.949,22572.950,0,"INDEPLAC","GENERICO","GENERAL","GENERAL","GENERAL","03-10-2024",0.00,0.00,0.00,0.00,0.00,0.00,"$","",21.00,04-12-2024 12:02:49
0,138,"PRADERA SELLADOR / FIJADOR AL AGUA X 20 LTS.",1100000160,"PSFIJA20","1.PSFIJA20",39257.143,39257.140,0,"INDEPLAC","GENERICO","GENERAL","GENERAL","GENERAL","03-10-2024",0.00,0.00,0.00,0.00,0.00,0.00,"$","",21.00,04-12-2024 12:02:49
0,139,"PRADERA SELLADOR / FIJADOR AL AGUA X 4 LTS.",1100000161,"PSFIJA4","1.PSFIJA4",10420.186,10420.190,0,"INDEPLAC","GENERICO","GENERAL","GENERAL","GENERAL","03-10-2024",0.00,0.00,0.00,0.00,0.00,0.00,"$","",21.00,04-12-2024 12:02:49
0,159,"PUERTA PLACA CORREDIZA DE EMBUTIR CEDRO 60X200 MARCO CH. 18",1100000181,"CORCED60","1.CORCED60",263922.109,263922.110,0,"INDEPLAC","GENERICO","GENERAL","GENERAL","GENERAL","25-11-2024",0.00,0.00,0.00,0.00,0.00,0.00,"$","",21.00,04-12-2024 12:02:49
0,160,"PUERTA PLACA CORREDIZA DE EMBUTIR CEDRO 70X200 MARCO CH. 18",1100000182,"CORCED70","1.CORCED70",275966.612,275966.610,0,"INDEPLAC","GENERICO","GENERAL","GENERAL","GENERAL","25-11-2024",0.00,0.00,0.00,0.00,0.00,0.00,"$","",21.00,04-12-2024 12:02:49
0,161,"PUERTA PLACA CORREDIZA DE EMBUTIR CEDRO 80X200 MARCO CH. 18",1100000183,"CORCED80","1.CORCED80",290247.951,290247.950,0,"INDEPLAC","GENERICO","GENERAL","GENERAL","GENERAL","25-11-2024",0.00,0.00,0.00,0.00,0.00,0.00,"$","",21.00,04-12-2024 12:02:49
0,162,"PUERTA PLACA CORREDIZA DE EMBUTIR MDF 60X200 MARCO CH. 18",1100000184,"CORMDF60","1.CORMDF60",244096.573,244096.570,0,"INDEPLAC","GENERICO","GENERAL","GENERAL","GENERAL","25-11-2024",0.00,0.00,0.00,0.00,0.00,0.00,"$","",21.00,04-12-2024 12:02:49
0,163,"PUERTA PLACA CORREDIZA DE EMBUTIR MDF 70X200 MARCO CH. 18",1100000185,"CORMDF70","1.CORMDF70",251571.864,251571.860,0,"INDEPLAC","GENERICO","GENERAL","GENERAL","GENERAL","25-11-2024",0.00,0.00,0.00,0.00,0.00,0.00,"$","",21.00,04-12-2024 12:02:49
0,164,"PUERTA PLACA CORREDIZA DE EMBUTIR MDF 80X200 MARCO CH. 18",1100000186,"CORMDF80","1.CORMDF80",263363.617,263363.620,0,"INDEPLAC","GENERICO","GENERAL","GENERAL","GENERAL","25-11-2024",0.00,0.00,0.00,0.00,0.00,0.00,"$","",21.00,04-12-2024 12:02:49
0,165,"PUERTA PLACA DOBLE CONTACTO CEDRO 60X200 DER. MARCO CH. 18",1100000187,"CED60D","1.CED60D",187667.287,187667.290,0,"INDEPLAC","GENERICO","GENERAL","GENERAL","GENERAL","25-11-2024",0.00,0.00,0.00,0.00,0.00,0.00,"$","",21.00,04-12-2024 12:02:49
0,166,"PUERTA PLACA DOBLE CONTACTO CEDRO 60X200 IZQ. MARCO CH. 18",1100000188,"CED60I","1.CED60I",187667.287,187667.290,0,"INDEPLAC","GENERICO","GENERAL","GENERAL","GENERAL","25-11-2024",0.00,0.00,0.00,0.00,0.00,0.00,"$","",21.00,04-12-2024 12:02:49
0,167,"PUERTA PLACA DOBLE CONTACTO CEDRO 70X200 DER. MARCO CH. 18",1100000189,"CED70D","1.CED70D",192388.679,192388.680,0,"INDEPLAC","GENERICO","GENERAL","GENERAL","GENERAL","25-11-2024",0.00,0.00,0.00,0.00,0.00,0.00,"$","",21.00,04-12-2024 12:02:49
0,168,"PUERTA PLACA DOBLE CONTACTO CEDRO 70X200 IZQ. MARCO CH. 18",1100000190,"CED70I","1.CED70I",192388.679,192388.680,0,"INDEPLAC","GENERICO","GENERAL","GENERAL","GENERAL","25-11-2024",0.00,0.00,0.00,0.00,0.00,0.00,"$","",21.00,04-12-2024 12:02:49
0,169,"PUERTA PLACA DOBLE CONTACTO CEDRO 80X200 DER. MARCO CH. 18",1100000191,"CED80D","1.CED80D",198031.454,198031.450,0,"INDEPLAC","GENERICO","GENERAL","GENERAL","GENERAL","25-11-2024",0.00,0.00,0.00,0.00,0.00,0.00,"$","",21.00,04-12-2024 12:02:49
0,170,"PUERTA PLACA DOBLE CONTACTO CEDRO 80X200 IZQ. MARCO CH. 18",1100000192,"CED80I","1.CED80I",198031.454,198031.450,0,"INDEPLAC","GENERICO","GENERAL","GENERAL","GENERAL","25-11-2024",0.00,0.00,0.00,0.00,0.00,0.00,"$","",21.00,04-12-2024 12:02:49
0,171,"PUERTA PLACA DOBLE CONTACTO MDF 60X200 DER. MARCO CH. 18",1100000194,"MDFA60D","1.MDFA60D",143598.996,143599.000,0,"INDEPLAC","GENERICO","GENERAL","GENERAL","GENERAL","25-11-2024",0.00,0.00,0.00,0.00,0.00,0.00,"$","",21.00,04-12-2024 12:02:49
0,172,"PUERTA PLACA DOBLE CONTACTO MDF 60X200 IZQ. MARCO CH. 18",1100000195,"MDFA60I","1.MDFA60I",143598.996,143599.000,0,"INDEPLAC","GENERICO","GENERAL","GENERAL","GENERAL","25-11-2024",0.00,0.00,0.00,0.00,0.00,0.00,"$","",21.00,04-12-2024 12:02:49
0,173,"PUERTA PLACA DOBLE CONTACTO MDF 70X200 DER. MARCO CH. 18",1100000196,"MDFA70D","1.MDFA70D",144903.310,144903.310,0,"INDEPLAC","GENERICO","GENERAL","GENERAL","GENERAL","25-11-2024",0.00,0.00,0.00,0.00,0.00,0.00,"$","",21.00,04-12-2024 12:02:49
0,174,"PUERTA PLACA DOBLE CONTACTO MDF 70X200 IZQ. MARCO CH. 18",1100000197,"MDFA70I","1.MDFA70I",144903.310,144903.310,0,"INDEPLAC","GENERICO","GENERAL","GENERAL","GENERAL","25-11-2024",0.00,0.00,0.00,0.00,0.00,0.00,"$","",21.00,04-12-2024 12:02:49
0,175,"PUERTA PLACA DOBLE CONTACTO MDF 80X200 DER. MARCO CH. 18",1100000198,"MDFA80D","1.MDFA80D",148277.831,148277.830,0,"INDEPLAC","GENERICO","GENERAL","GENERAL","GENERAL","25-11-2024",0.00,0.00,0.00,0.00,0.00,0.00,"$","",21.00,04-12-2024 12:02:49
0,176,"PUERTA PLACA DOBLE CONTACTO MDF 80X200 IZQ. MARCO CH. 18",1100000199,"MDFA80I","1.MDFA80I",148277.831,148277.830,0,"INDEPLAC","GENERICO","GENERAL","GENERAL","GENERAL","25-11-2024",0.00,0.00,0.00,0.00,0.00,0.00,"$","",21.00,04-12-2024 12:02:49
0,177,"PUERTA PLACA DOBLE CONTACTO MDF 90X200 DER. MARCO CH. 18",1100000200,"MDFA90D","1.MDFA90D",156549.806,156549.810,0,"INDEPLAC","GENERICO","GENERAL","GENERAL","GENERAL","25-11-2024",0.00,0.00,0.00,0.00,0.00,0.00,"$","",21.00,04-12-2024 12:02:49
0,178,"PUERTA PLACA DOBLE CONTACTO MDF 90X200 IZQ. MARCO CH. 18",1100000201,"MDFA90I","1.MDFA90I",156549.806,156549.810,0,"INDEPLAC","GENERICO","GENERAL","GENERAL","GENERAL","25-11-2024",0.00,0.00,0.00,0.00,0.00,0.00,"$","",21.00,04-12-2024 12:02:49
0,264,"PUNTA IMPACTO PH2 X 25MM CORTA - MILWAUKEE",1100000295,"48-32-4712","1.48-32-4712",895.763,895.760,0,"WEIMAR TOOLS","GENERICO","GENERAL","GENERAL","GENERAL","04-10-2024",0.00,0.00,0.00,0.00,0.00,0.00,"$","",21.00,04-12-2024 12:02:49
0,265,"PUNTA PH 2 50MM ALTO IMPACTO - MILWAUKEE",1100000296,"48-32-4762","1.48-32-4762",1217.081,1217.080,0,"WEIMAR TOOLS","GENERICO","GENERAL","GENERAL","GENERAL","04-10-2024",0.00,0.00,0.00,0.00,0.00,0.00,"$","",21.00,04-12-2024 12:02:49
0,266,"PUNTA PH2 X 88,9MM ALTO IMPACTO - MILWAUKEE",1100000297,"48-32-4564","1.48-32-4564",2586.361,2586.360,0,"WEIMAR TOOLS","GENERICO","GENERAL","GENERAL","GENERAL","04-10-2024",0.00,0.00,0.00,0.00,0.00,0.00,"$","",21.00,04-12-2024 12:02:49
0,282,"PUNTA SDS PLUS 20MM X 250MM MADE IN GERMANY - MILWAUKEE",1100000313,"4932-3396-25","1.4932-3396-25",18036.754,18036.750,0,"WEIMAR TOOLS","GENERICO","GENERAL","GENERAL","GENERAL","04-10-2024",0.00,0.00,0.00,0.00,0.00,0.00,"$","",21.00,04-12-2024 12:02:49
0,270,"REPUESTO CUCHILLA CUTTER TRAPEZOIDAL X 5U. - MILWAUKEE",1100000301,"48-22-1933","1.48-22-1933",29516.637,29516.640,0,"WEIMAR TOOLS","GENERICO","GENERAL","GENERAL","GENERAL","25-11-2024",0.00,0.00,0.00,0.00,0.00,0.00,"$","",21.00,04-12-2024 12:02:49
0,102,"ROLAC PLATA CUBIERTA ISOVER 50 MM., ROLLO 1,20X18 ML.",1100000124,"RPC50","1.RPC50",144759.339,144759.340,0,"INDEPLAC","GENERICO","GENERAL","GENERAL","GENERAL","25-11-2024",0.00,0.00,0.00,0.00,0.00,0.00,"$","",21.00,04-12-2024 12:02:49
0,103,"ROLAC PLATA MUROS ISOVER 100 MM., ROLLO 0,40 X 7,00 ML. X 03 UNID.",1100000125,"RPM100","1.RPM100",116728.640,116728.640,0,"INDEPLAC","GENERICO","GENERAL","GENERAL","GENERAL","25-11-2024",0.00,0.00,0.00,0.00,0.00,0.00,"$","",21.00,04-12-2024 12:02:49
0,304,"SELLADOR SUPERBOARD 280ML",1200000342,"4088105","10.4088105",14.683,14.680,1,"DURLOCK","ETERNIT","ACCESORIOS","GENERAL","GENERAL","29-11-2024",0.00,0.00,0.00,0.00,0.00,0.00,"U$D","",21.00,04-12-2024 12:02:49
0,153,"SIDING TEXTURADO 6 MM - PLACAS 0,20 X 3,60 M.",1100000175,"82022","6.82022",8122.505,8122.510,0,"DURLOCK","ETERNIT","CEDRAL","GENERAL","GENERAL","07-11-2024",0.00,0.00,0.00,0.00,0.00,0.00,"$","",21.00,04-12-2024 12:02:49
0,154,"SIDING TEXTURADO 8 MM - PLACAS 0,20 X 3,60 M.",1100000176,"82023","6.82023",8630.353,8630.350,0,"DURLOCK","ETERNIT","CEDRAL","GENERAL","GENERAL","07-11-2024",0.00,0.00,0.00,0.00,0.00,0.00,"$","",21.00,04-12-2024 12:02:49
0,281,"SIERRA COPA BI-METALICA 114MM DIENTES ACERO RAPIDO - MILWAUKEE",1100000312,"49-56-0233","1.49-56-0233",39204.823,39204.820,0,"WEIMAR TOOLS","GENERICO","GENERAL","GENERAL","GENERAL","04-10-2024",0.00,0.00,0.00,0.00,0.00,0.00,"$","",21.00,04-12-2024 12:02:49
0,278,"SIERRA COPA BI-METALICA 29MM DIENTES ACERO RAPIDO - MILWAUKEE",1100000309,"49-56-0052","1.49-56-0052",20328.905,20328.910,0,"WEIMAR TOOLS","GENERICO","GENERAL","GENERAL","GENERAL","04-10-2024",0.00,0.00,0.00,0.00,0.00,0.00,"$","",21.00,04-12-2024 12:02:49
0,279,"SIERRA COPA BI-METALICA 54MM DIENTES ACERO RAPIDO - MILWAUKEE",1100000310,"49-56-0127","1.49-56-0127",23488.706,23488.710,0,"WEIMAR TOOLS","GENERICO","GENERAL","GENERAL","GENERAL","04-10-2024",0.00,0.00,0.00,0.00,0.00,0.00,"$","",21.00,04-12-2024 12:02:49
0,280,"SIERRA COPA BI-METALICA 67MM DIENTES ACERO RAPIDO - MILWAUKEE",1100000311,"49-56-0158","1.49-56-0158",25685.022,25685.020,0,"WEIMAR TOOLS","GENERICO","GENERAL","GENERAL","GENERAL","04-10-2024",0.00,0.00,0.00,0.00,0.00,0.00,"$","",21.00,04-12-2024 12:02:49
0,296,"SIFING CERDAL FAJA DE TERMINACION 2,40M. X 0,10M.",1200000334,"CEDRALFAJA","6.CEDRALFAJA",14406.695,14406.700,0,"DURLOCK","ETERNIT","CEDRAL","GENERAL","GENERAL","25-11-2024",0.00,0.00,0.00,0.00,0.00,0.00,"$","",21.00,04-12-2024 12:02:49
0,274,"SOPORTE PARA SIERRA COPA BIMETAL 14-30MM - MILWAUKEE",1100000305,"49-56-7010","1.49-56-7010",11121.459,11121.460,0,"WEIMAR TOOLS","GENERICO","GENERAL","GENERAL","GENERAL","04-10-2024",0.00,0.00,0.00,0.00,0.00,0.00,"$","",21.00,04-12-2024 12:02:49
0,273,"SOPORTE PARA SIERRA COPA BIMETAL 32-175MM - MILWAUKEE",1100000304,"49-56-7055","1.49-56-7055",13335.904,13335.900,0,"WEIMAR TOOLS","GENERICO","GENERAL","GENERAL","GENERAL","04-10-2024",0.00,0.00,0.00,0.00,0.00,0.00,"$","",21.00,04-12-2024 12:02:49
0,234,"TARUGO NYLON CON TOPE 6",1100000263,"93002006","1.93002006",14.604,14.600,0,"DISTRIBUIDORA RC","GENERICO","GENERAL","GENERAL","GENERAL","25-11-2024",0.00,0.00,0.00,0.00,0.00,0.00,"$","",21.00,04-12-2024 12:02:49
0,235,"TARUGO NYLON CON TOPE 8",1100000264,"93002008","1.93002008",29.678,29.680,0,"DISTRIBUIDORA RC","GENERICO","GENERAL","GENERAL","GENERAL","25-11-2024",0.00,0.00,0.00,0.00,0.00,0.00,"$","",21.00,04-12-2024 12:02:49
0,291,"TARUGO P/PLACA YESO, 6 MM.",1100000322,"93005041","1.93005041",97.966,97.970,0,"INDEPLAC","GENERICO","GENERAL","GENERAL","GENERAL","25-09-2024",0.00,0.00,0.00,0.00,0.00,0.00,"$","",21.00,04-12-2024 12:02:49
0,292,"TARUGO P/PLACA YESO, 8 MM.",1100000323,"93005042","1.93005042",150.349,150.350,0,"INDEPLAC","GENERICO","GENERAL","GENERAL","GENERAL","25-09-2024",0.00,0.00,0.00,0.00,0.00,0.00,"$","",21.00,04-12-2024 12:02:49
0,192,"TENSOR PARA CRUZ DE SAN ANDRES C/TORN.",1100000216,"TENSOR","1.TENSOR",1.160,1.160,1,"INDEPLAC","GENERICO","GENERAL","GENERAL","GENERAL","25-11-2024",0.00,0.00,0.00,0.00,0.00,0.00,"U$D","",21.00,04-12-2024 12:02:49
0,74,"TORNICLAVOS FISCHER 6 MM. CAJA X 100 UNIDADES .",1100000094,"8256","1.8256",10370.091,10370.090,0,"INDEPLAC","GENERICO","GENERAL","GENERAL","GENERAL","27-09-2024",0.00,0.00,0.00,0.00,0.00,0.00,"$","",21.00,04-12-2024 12:02:49
0,75,"TORNICLAVOS FISCHER 8 MM. CAJA X 50 UNIDADES .",1100000095,"8258","1.8258",9293.941,9293.940,0,"INDEPLAC","GENERICO","GENERAL","GENERAL","GENERAL","27-09-2024",0.00,0.00,0.00,0.00,0.00,0.00,"$","",21.00,04-12-2024 12:02:49
0,76,"TORNICLAVOS PY 6 MM. CAJA X 50 UNIDADES.",1100000096,"490133","1.490133",3787.115,3787.120,0,"INDEPLAC","GENERICO","GENERAL","GENERAL","GENERAL","27-09-2024",0.00,0.00,0.00,0.00,0.00,0.00,"$","",21.00,04-12-2024 12:02:49
0,77,"TORNICLAVOS PY 8 MM. CAJA X 25 UNIDADES.",1100000097,"490134","1.490134",3967.252,3967.250,0,"INDEPLAC","GENERICO","GENERAL","GENERAL","GENERAL","27-09-2024",0.00,0.00,0.00,0.00,0.00,0.00,"$","",21.00,04-12-2024 12:02:49
0,237,"TORNILLO AUTOPERFORANTE TECHO 14 X 1 1/2" C/ARANDELA VULCANIZADA",1100000266,"95001015","1.95001015",195.352,195.350,0,"DISTRIBUIDORA RC","GENERICO","GENERAL","GENERAL","GENERAL","25-11-2024",0.00,0.00,0.00,0.00,0.00,0.00,"$","",21.00,04-12-2024 12:02:49
0,239,"TORNILLO AUTOPERFORANTE TECHO 14 X 2 1/2" C/ARANDELA VULCANIZADA.FN",1100000268,"82101017","1.82101017",149.597,149.600,0,"DISTRIBUIDORA RC","GENERICO","GENERAL","GENERAL","GENERAL","25-11-2024",0.00,0.00,0.00,0.00,0.00,0.00,"$","",21.00,04-12-2024 12:02:49
0,238,"TORNILLO AUTOPERFORANTE TECHO 14 X 2" C/ARANDELA VULCANIZADA",1100000267,"95001016","1.95001016",227.600,227.600,0,"DISTRIBUIDORA RC","GENERICO","GENERAL","GENERAL","GENERAL","25-11-2024",0.00,0.00,0.00,0.00,0.00,0.00,"$","",21.00,04-12-2024 12:02:49
0,240,"TORNILLO MADERA DORADO 6 MM. 8 X 1 1/2".",1100000269,"96005023","1.96005023",38.547,38.550,0,"DISTRIBUIDORA RC","GENERICO","GENERAL","GENERAL","GENERAL","25-11-2024",0.00,0.00,0.00,0.00,0.00,0.00,"$","",21.00,04-12-2024 12:02:49
0,241,"TORNILLO MADERA DORADO 6 MM. 8 X 1 3/4".",1100000270,"96005024","1.96005024",49.954,49.950,0,"DISTRIBUIDORA RC","GENERICO","GENERAL","GENERAL","GENERAL","25-11-2024",0.00,0.00,0.00,0.00,0.00,0.00,"$","",21.00,04-12-2024 12:02:49
0,242,"TORNILLO MADERA DORADO 6 MM. 8 X 2 1/2".",1100000271,"96005027","1.96005027",84.427,84.430,0,"DISTRIBUIDORA RC","GENERICO","GENERAL","GENERAL","GENERAL","25-11-2024",0.00,0.00,0.00,0.00,0.00,0.00,"$","",21.00,04-12-2024 12:02:49
0,243,"TORNILLO MADERA DORADO 8 MM. 10 X 1 3/4".",1100000272,"96005034","1.96005034",39.174,39.170,0,"DISTRIBUIDORA RC","GENERICO","GENERAL","GENERAL","GENERAL","25-11-2024",0.00,0.00,0.00,0.00,0.00,0.00,"$","",21.00,04-12-2024 12:02:49
0,244,"TORNILLO T1 AGUJA 8 X 9/16" BRILLANTE.",1100000273,"96001002","1.96001002",18.772,18.770,0,"DISTRIBUIDORA RC","GENERICO","GENERAL","GENERAL","GENERAL","25-11-2024",0.00,0.00,0.00,0.00,0.00,0.00,"$","",21.00,04-12-2024 12:02:49
0,248,"TORNILLO T1 MECHA 8 X 9/16" BRILLANTE",1100000277,"96001008","1.96001008",20.527,20.530,0,"DISTRIBUIDORA RC","GENERICO","GENERAL","GENERAL","GENERAL","25-11-2024",0.00,0.00,0.00,0.00,0.00,0.00,"$","",21.00,04-12-2024 12:02:49
0,245,"TORNILLO T2 AGUJA 6 X 1" FOSF.NEGRO",1100000274,"96001003","1.96001003",10.561,10.560,0,"DISTRIBUIDORA RC","GENERICO","GENERAL","GENERAL","GENERAL","25-11-2024",0.00,0.00,0.00,0.00,0.00,0.00,"$","",21.00,04-12-2024 12:02:49
0,251,"TORNILLO T2 ALAS 8 X 1 1/4"",1100000280,"96001014","1.96001014",37.278,37.280,0,"DISTRIBUIDORA RC","GENERICO","GENERAL","GENERAL","GENERAL","04-10-2024",0.00,0.00,0.00,0.00,0.00,0.00,"$","",21.00,04-12-2024 12:02:49
0,249,"TORNILLO T2 MECHA 6 X 1 1/8" BRILLANTE",1100000278,"96001012","1.96001012",25.228,25.230,0,"DISTRIBUIDORA RC","GENERICO","GENERAL","GENERAL","GENERAL","25-11-2024",0.00,0.00,0.00,0.00,0.00,0.00,"$","",21.00,04-12-2024 12:02:49
0,246,"TORNILLO T3 AGUJA 6 X 1 1/2" FOSF.NEGRO",1100000275,"96001004","1.96001004",23.661,23.660,0,"DISTRIBUIDORA RC","GENERICO","GENERAL","GENERAL","GENERAL","25-11-2024",0.00,0.00,0.00,0.00,0.00,0.00,"$","",21.00,04-12-2024 12:02:49
0,250,"TORNILLO T3 MECHA 6 X 1 5/8" BRILLANTE",1100000279,"96001013","1.96001013",34.395,34.400,0,"DISTRIBUIDORA RC","GENERICO","GENERAL","GENERAL","GENERAL","25-11-2024",0.00,0.00,0.00,0.00,0.00,0.00,"$","",21.00,04-12-2024 12:02:49
0,247,"TORNILLO T4 AGUJA 6 X 2" FOSF.NEGRO",1100000276,"96001005","1.96001005",29.663,29.660,0,"DISTRIBUIDORA RC","GENERICO","GENERAL","GENERAL","GENERAL","25-11-2024",0.00,0.00,0.00,0.00,0.00,0.00,"$","",21.00,04-12-2024 12:02:49
0,236,"TORNILLOS AUTOPERFORANTES T1 EXAGONAL 10 X 3/4 "",1100000265,"95001004","1.95001004",63.164,63.160,0,"DISTRIBUIDORA RC","GENERICO","GENERAL","GENERAL","GENERAL","04-10-2024",0.00,0.00,0.00,0.00,0.00,0.00,"$","",21.00,04-12-2024 12:02:49
0,116,"YESO KNAUF UNIVERSAL , ENVASE X 1,5 KG.",1100000138,"723669","1.723669",1879.416,1879.420,0,"INDEPLAC","GENERICO","GENERAL","GENERAL","GENERAL","27-09-2024",0.00,0.00,0.00,0.00,0.00,0.00,"$","",21.00,04-12-2024 12:02:49
0,200,"ZOCALO PVC PERFIL CLASSIC BLANCO 80 X 12 X 3,00 M.",1100000224,"ZOCCLABL","1.ZOCCLABL",21.828,21.830,1,"INDEPLAC","GENERICO","GENERAL","GENERAL","GENERAL","04-10-2024",0.00,0.00,0.00,0.00,0.00,0.00,"U$D","",21.00,04-12-2024 12:02:49
0,201,"ZOCALO PVC PERFIL CLASSIC CEDRO 80 X 12  X 3,00 M.",1100000225,"ZOCCLACE","1.ZOCCLACE",21.828,21.830,1,"INDEPLAC","GENERICO","GENERAL","GENERAL","GENERAL","04-10-2024",0.00,0.00,0.00,0.00,0.00,0.00,"U$D","",21.00,04-12-2024 12:02:49
0,202,"ZOCALO PVC PERFIL CLASSIC GRIS 80 X 12  X 3,00 M.",1100000226,"ZOCCLAG","1.ZOCCLAG",21.828,21.830,1,"INDEPLAC","GENERICO","GENERAL","GENERAL","GENERAL","04-10-2024",0.00,0.00,0.00,0.00,0.00,0.00,"U$D","",21.00,04-12-2024 12:02:49
0,203,"ZOCALO PVC PERFIL CLASSIC HAYA 80 X 12  X 3,00 M.",1100000227,"ZOCCLAHA","1.ZOCCLAHA",21.828,21.830,1,"INDEPLAC","GENERICO","GENERAL","GENERAL","GENERAL","04-10-2024",0.00,0.00,0.00,0.00,0.00,0.00,"U$D","",21.00,04-12-2024 12:02:49
0,57,"ZOCALO SANITARIO J , PARA PISO , COLOR BLANCO X 3,00 M.",1100000076,"ZOCJBL","1.ZOCJBL",10.655,10.660,1,"INDEPLAC","GENERICO","GENERAL","GENERAL","GENERAL","25-11-2024",0.00,0.00,0.00,0.00,0.00,0.00,"U$D","",21.00,04-12-2024 12:02:49
0,58,"ZOCALO SANITARIO PARA CIELORRASO (1/2 CAÑA) X 3,00 M.",1100000077,"ZOCSANIT","1.ZOCSANIT",17.644,17.640,1,"INDEPLAC","GENERICO","GENERAL","GENERAL","GENERAL","03-10-2024",0.00,0.00,0.00,0.00,0.00,0.00,"U$D","",21.00,04-12-2024 12:02:49
