<?xml version = "1.0" encoding="iso-8859-1" standalone="yes"?>
<VFPData>
	<csrmarca>
		<id>1100000013</id>
		<numero>3</numero>
		<nombre>MATERIA PRIMA</nombre>
		<flete>0.000</flete>
		<flete2>0.000</flete2>
		<idfuerzavta>1100000001</idfuerzavta>
	</csrmarca>
	<csrmarca>
		<id>1100000025</id>
		<numero>14</numero>
		<nombre>COOPERATIVA</nombre>
		<flete>0.000</flete>
		<flete2>0.000</flete2>
		<idfuerzavta>1100000001</idfuerzavta>
	</csrmarca>
	<csrmarca>
		<id>1100000014</id>
		<numero>4</numero>
		<nombre>COCA COLA POLAR</nombre>
		<flete>0.000</flete>
		<flete2>0.000</flete2>
		<idfuerzavta>1100000001</idfuerzavta>
	</csrmarca>
	<csrmarca>
		<id>1100000045</id>
		<numero>34</numero>
		<nombre>COMPLEJO AMERICANO</nombre>
		<flete>0.000</flete>
		<flete2>0.000</flete2>
		<idfuerzavta>1100000001</idfuerzavta>
	</csrmarca>
	<csrmarca>
		<id>1100000060</id>
		<numero>48</numero>
		<nombre>ARCOR</nombre>
		<flete>0.000</flete>
		<flete2>0.000</flete2>
		<idfuerzavta>1100000001</idfuerzavta>
	</csrmarca>
	<csrmarca>
		<id>1100000058</id>
		<numero>47</numero>
		<nombre>SIN MARCA</nombre>
		<flete>0.000</flete>
		<flete2>0.000</flete2>
		<idfuerzavta>1100000001</idfuerzavta>
	</csrmarca>
	<csrmarca>
		<id>1100000044</id>
		<numero>33</numero>
		<nombre>REPARTO MONTE</nombre>
		<flete>0.000</flete>
		<flete2>0.000</flete2>
		<idfuerzavta>1100000001</idfuerzavta>
	</csrmarca>
	<csrmarca>
		<id>1100000001</id>
		<numero>1</numero>
		<nombre>MARCA PROPIA</nombre>
		<flete>0.000</flete>
		<flete2>0.000</flete2>
		<idfuerzavta>1100000001</idfuerzavta>
	</csrmarca>
	<csrmarca>
		<id>1100000018</id>
		<numero>7</numero>
		<nombre>TERCEROS</nombre>
		<flete>0.000</flete>
		<flete2>0.000</flete2>
		<idfuerzavta>1100000001</idfuerzavta>
	</csrmarca>
	<csrmarca>
		<id>1100000015</id>
		<numero>5</numero>
		<nombre>ENVASES</nombre>
		<flete>0.000</flete>
		<flete2>0.000</flete2>
		<idfuerzavta>1100000001</idfuerzavta>
	</csrmarca>
</VFPData>
