<?xml version = "1.0" encoding="iso-8859-1" standalone="yes"?>
<VFPData>
	<csrrubro>
		<id>1100000001</id>
		<numero>1</numero>
		<nombre>PANIFICADOS</nombre>
		<recargo>0.00</recargo>
		<idtipovta>1</idtipovta>
		<idtipoprod>1</idtipoprod>
		<perceibruto>0</perceibruto>
		<idfuerzavta>1100000001</idfuerzavta>
		<nolista>0</nolista>
		<porcecomi>0.000</porcecomi>
		<porcedev>0.000</porcedev>
		<porcesuge>0.000</porcesuge>
		<tasavied>0.000</tasavied>
		<tasapata>0.000</tasapata>
		<produccion>1</produccion>
		<vtamostrador>1</vtamostrador>
	</csrrubro>
	<csrrubro>
		<id>1100000002</id>
		<numero>2</numero>
		<nombre>BEBIDAS</nombre>
		<recargo>0.00</recargo>
		<idtipovta>1</idtipovta>
		<idtipoprod>1</idtipoprod>
		<perceibruto>0</perceibruto>
		<idfuerzavta>1100000001</idfuerzavta>
		<nolista>0</nolista>
		<porcecomi>0.000</porcecomi>
		<porcedev>0.000</porcedev>
		<porcesuge>0.000</porcesuge>
		<tasavied>0.000</tasavied>
		<tasapata>0.000</tasapata>
		<produccion>0</produccion>
		<vtamostrador>1</vtamostrador>
	</csrrubro>
	<csrrubro>
		<id>1100000005</id>
		<numero>6</numero>
		<nombre>OPCIONES NOTA DE CREDITO</nombre>
		<recargo>0.00</recargo>
		<idtipovta>1</idtipovta>
		<idtipoprod>1</idtipoprod>
		<perceibruto>0</perceibruto>
		<idfuerzavta>1100000001</idfuerzavta>
		<nolista>0</nolista>
		<porcecomi>0.000</porcecomi>
		<porcedev>0.000</porcedev>
		<porcesuge>0.000</porcesuge>
		<tasavied>0.000</tasavied>
		<tasapata>0.000</tasapata>
		<produccion>0</produccion>
		<vtamostrador>1</vtamostrador>
	</csrrubro>
	<csrrubro>
		<id>1100000006</id>
		<numero>7</numero>
		<nombre>OPCIONES NOTA DE DEBITO</nombre>
		<recargo>0.00</recargo>
		<idtipovta>1</idtipovta>
		<idtipoprod>1</idtipoprod>
		<perceibruto>0</perceibruto>
		<idfuerzavta>1100000001</idfuerzavta>
		<nolista>0</nolista>
		<porcecomi>0.000</porcecomi>
		<porcedev>0.000</porcedev>
		<porcesuge>0.000</porcesuge>
		<tasavied>0.000</tasavied>
		<tasapata>0.000</tasapata>
		<produccion>0</produccion>
		<vtamostrador>1</vtamostrador>
	</csrrubro>
	<csrrubro>
		<id>1100000010</id>
		<numero>4</numero>
		<nombre>COOPERATIVA</nombre>
		<recargo>0.00</recargo>
		<idtipovta>1</idtipovta>
		<idtipoprod>1</idtipoprod>
		<perceibruto>0</perceibruto>
		<idfuerzavta>1100000001</idfuerzavta>
		<nolista>0</nolista>
		<porcecomi>0.000</porcecomi>
		<porcedev>0.000</porcedev>
		<porcesuge>0.000</porcesuge>
		<tasavied>0.000</tasavied>
		<tasapata>0.000</tasapata>
		<produccion>0</produccion>
		<vtamostrador>1</vtamostrador>
	</csrrubro>
	<csrrubro>
		<id>1100000011</id>
		<numero>11</numero>
		<nombre>CONEJOS</nombre>
		<recargo>0.00</recargo>
		<idtipovta>1</idtipovta>
		<idtipoprod>1</idtipoprod>
		<perceibruto>0</perceibruto>
		<idfuerzavta>1100000001</idfuerzavta>
		<nolista>0</nolista>
		<porcecomi>0.000</porcecomi>
		<porcedev>0.000</porcedev>
		<porcesuge>0.000</porcesuge>
		<tasavied>0.000</tasavied>
		<tasapata>0.000</tasapata>
		<produccion>0</produccion>
		<vtamostrador>1</vtamostrador>
	</csrrubro>
	<csrrubro>
		<id>1100000017</id>
		<numero>22</numero>
		<nombre>Articulos de libreria y comput</nombre>
		<recargo>0.00</recargo>
		<idtipovta>1</idtipovta>
		<idtipoprod>1</idtipoprod>
		<perceibruto>0</perceibruto>
		<idfuerzavta>1100000001</idfuerzavta>
		<nolista>0</nolista>
		<porcecomi>0.000</porcecomi>
		<porcedev>0.000</porcedev>
		<porcesuge>0.000</porcesuge>
		<tasavied>0.000</tasavied>
		<tasapata>0.000</tasapata>
		<produccion>0</produccion>
		<vtamostrador>1</vtamostrador>
	</csrrubro>
	<csrrubro>
		<id>1100000019</id>
		<numero>23</numero>
		<nombre>ROTISERIA</nombre>
		<recargo>0.00</recargo>
		<idtipovta>1</idtipovta>
		<idtipoprod>1</idtipoprod>
		<perceibruto>0</perceibruto>
		<idfuerzavta>1100000001</idfuerzavta>
		<nolista>0</nolista>
		<porcecomi>0.000</porcecomi>
		<porcedev>0.000</porcedev>
		<porcesuge>0.000</porcesuge>
		<tasavied>0.000</tasavied>
		<tasapata>0.000</tasapata>
		<produccion>1</produccion>
		<vtamostrador>1</vtamostrador>
	</csrrubro>
	<csrrubro>
		<id>1100000021</id>
		<numero>24</numero>
		<nombre>PROMOCIONES</nombre>
		<recargo>0.00</recargo>
		<idtipovta>2</idtipovta>
		<idtipoprod>1</idtipoprod>
		<perceibruto>0</perceibruto>
		<idfuerzavta>1100000001</idfuerzavta>
		<nolista>0</nolista>
		<porcecomi>0.000</porcecomi>
		<porcedev>0.000</porcedev>
		<porcesuge>0.000</porcesuge>
		<tasavied>0.000</tasavied>
		<tasapata>0.000</tasapata>
		<produccion>0</produccion>
		<vtamostrador>1</vtamostrador>
	</csrrubro>
	<csrrubro>
		<id>1100000023</id>
		<numero>25</numero>
		<nombre>HELADOS</nombre>
		<recargo>0.00</recargo>
		<idtipovta>2</idtipovta>
		<idtipoprod>1</idtipoprod>
		<perceibruto>0</perceibruto>
		<idfuerzavta>1100000001</idfuerzavta>
		<nolista>0</nolista>
		<porcecomi>0.000</porcecomi>
		<porcedev>0.000</porcedev>
		<porcesuge>0.000</porcesuge>
		<tasavied>0.000</tasavied>
		<tasapata>0.000</tasapata>
		<produccion>1</produccion>
		<vtamostrador>1</vtamostrador>
	</csrrubro>
	<csrrubro>
		<id>1100000026</id>
		<numero>27</numero>
		<nombre>HUEVOS DE PASCUA</nombre>
		<recargo>0.00</recargo>
		<idtipovta>1</idtipovta>
		<idtipoprod>1</idtipoprod>
		<perceibruto>0</perceibruto>
		<idfuerzavta>1100000001</idfuerzavta>
		<nolista>0</nolista>
		<porcecomi>0.000</porcecomi>
		<porcedev>0.000</porcedev>
		<porcesuge>0.000</porcesuge>
		<tasavied>0.000</tasavied>
		<tasapata>0.000</tasapata>
		<produccion>1</produccion>
		<vtamostrador>1</vtamostrador>
	</csrrubro>
</VFPData>
