CodigoSucursal;CodigoFuerza;CodigoModoAtencion;CodigoRuta;DescripcionRuta;CodigoPersonal;FechaDesde;Periodicidad;Semana;AtiendeLunes;AtiendeMartes;AtiendeMiercoles;AtiendeJueves;AtiendeViernes;AtiendeSabado;AtiendeDomingo
1;1;PRE;1;CLAROMECO   5;105;01/01/2009;1;1;1;1;1;1;1;1;0
1;1;PRE;2;ORENSE  13;113;01/01/2009;1;1;0;1;1;0;0;0;0
1;1;PRE;5;TRES ARROYOS   1;101;01/01/2009;1;1;1;1;1;1;1;1;0
1;1;PRE;7;A.G.CHAVES   8;108;01/01/2009;1;1;1;0;0;1;0;0;0
1;1;PRE;10;ORIENTE   3;103;01/01/2009;1;1;1;0;0;1;1;0;0
1;1;PRE;15;TRES ARROYOS  11;111;01/01/2009;1;1;1;1;1;1;1;1;0
