ID,r01,r02,r03,r04,r05,r06,r07,r08,r09,r10,r11,r12,r13,r14,r15,r16,r17,r18,r19,r20,r21,r22,r23,r24,r25,r26,r27,r28,r29,r30,r31,r32,r33,r34,r35,r36,r37,r38,r39,r40,r41,r42,r43
0,00000000,NULL,"2018-11-16 00:00:00",61,1.00000,0.00000,0.00000,0.00000,NULL,0,0,0,"2000-01-01 00:00:00",0.00000,0.00000,0.00000,180,0.00000,0.00000,0,00000,1,-82877.40000,NULL,0.00000,0.00000,"2019-09-02 11:53:03",0,0,0,0,0,NULL,NULL,NULL,NULL,NULL,0,NULL,Bultos,0.00000,0,120
1,00000101,"CHORIZO ESPECIAL DE CERDO","1995-03-14 00:00:00",0,1.00000,0.00000,0.00000,0.00000,,0,0,0,"2020-02-11 00:00:00",0.00000,0.00000,0.00000,110,0.00000,0.00000,99,,201,-1679.06000,"2020-01-11 00:00:00",0.00000,0.00000,"2020-01-16 15:22:15",0,0,0,4100,0,,"CHORIZO ESPECIAL DE CERDO",0.00000,0,0,1,,Bultos,0.00000,0,2
2,00000102,"CHORIZOS COLORADOS","1994-04-06 00:00:00",0,1.00000,0.00000,0.00000,0.00000,,0,0,0,"2020-02-10 00:00:00",0.00000,0.00000,0.00000,110,0.00000,0.00000,99,,201,-167.08000,"2019-10-01 00:00:00",0.00000,0.00000,"2020-01-16 15:22:16",0,0,0,4100,0,,"CHORIZOS COLORADOS",0.00000,0,0,1,,Bultos,0.00000,0,2
3,00000103,"CHORIZO ESPECIAL","1994-04-06 00:00:00",0,1.00000,0.00000,0.00000,0.00000,,0,0,0,"2020-02-11 00:00:00",0.00000,0.00000,0.00000,110,0.00000,0.00000,99,,201,-927.90000,"2019-10-11 00:00:00",0.00000,0.00000,"2020-01-16 15:22:16",0,0,0,4100,0,,"CHORIZO ESPECIAL",0.00000,0,0,1,,Bultos,0.00000,0,2
4,00000104,"CHORIZO COMUN","1994-04-06 00:00:00",0,1.00000,0.00000,0.00000,0.00000,,0,0,0,"2020-02-11 00:00:00",0.00000,0.00000,0.00000,110,0.00000,0.00000,99,,201,-6528.85000,"2020-01-11 00:00:00",0.00000,0.00000,"2019-12-18 14:16:37",0,0,0,4100,0,,"CHORIZO COMUN",0.00000,0,0,1,,Bultos,0.00000,0,2
5,00000105,"SALCHICHA CRIOLLA","1994-04-06 00:00:00",0,1.00000,0.00000,0.00000,0.00000,,0,0,0,"2020-02-11 00:00:00",0.00000,0.00000,0.00000,1,0.00000,0.00000,0,,201,-154.71000,"2019-10-11 00:00:00",0.00000,0.00000,"2019-12-18 14:16:37",0,0,0,4100,0,NULL,"SALCHICHA CRIOLLA",0.00000,NULL,NULL,1,NULL,Bultos,0.00000,0,120
6,00000106,COPETINEROS,"1994-04-06 00:00:00",0,1.00000,0.00000,0.00000,0.00000,,0,0,0,"2020-02-11 00:00:00",0.00000,0.00000,0.00000,1,0.00000,0.00000,0,,201,7.06000,"2018-07-03 00:00:00",0.00000,0.00000,"2019-12-18 14:16:37",0,0,0,4100,0,NULL,COPETINEROS,0.00000,NULL,NULL,1,NULL,Bultos,0.00000,0,120
7,00000107,"CHORIZO ESPECIAL X 15 KG","2009-03-11 00:00:00",0,1.00000,0.00000,0.00000,0.00000,,0,0,0,"2009-12-28 00:00:00",0.00000,0.00000,0.00000,1,0.00000,0.00000,0,,201,0.00000,"2013-11-13 00:00:00",0.00000,0.00000,"2019-12-18 14:07:58",0,0,0,4100,0,NULL,"CHORIZO ESPECIAL X 15 KG",0.00000,NULL,NULL,1,NULL,Bultos,0.00000,0,120
8,00000108,"MORCILLA CON NUEZ","1994-04-06 00:00:00",0,1.00000,0.00000,0.00000,0.00000,,0,0,0,"2020-02-11 00:00:00",0.00000,0.00000,0.00000,1,0.00000,0.00000,0,,201,-528.31000,"2020-02-10 00:00:00",0.00000,0.00000,"2019-12-18 14:16:37",0,0,0,4100,0,NULL,"MORCILLA CON NUEZ",0.00000,NULL,NULL,1,NULL,Bultos,0.00000,0,120
9,00000109,"MORCILLA VASCA  303","1994-04-06 00:00:00",0,1.00000,0.00000,0.00000,0.00000,,0,0,0,"2020-02-11 00:00:00",0.00000,0.00000,0.00000,1,0.00000,0.00000,0,,201,-976.27000,"2019-10-23 00:00:00",0.00000,0.00000,"2019-12-18 14:16:37",0,0,0,4100,0,NULL,"MORCILLA VASCA  303",0.00000,NULL,NULL,1,NULL,Bultos,0.00000,0,120
10,00000110,"HUESOS VACUNOS","1997-07-17 00:00:00",0,1.00000,0.00000,0.00000,0.00000,,0,0,0,"2018-02-24 00:00:00",0.00000,0.00000,0.00000,1,0.00000,0.00000,0,,201,0.00000,"2013-11-13 00:00:00",0.00000,0.00000,"2019-12-09 15:08:19",0,0,0,4400,0,NULL,"HUESOS VACUNOS",0.00000,NULL,NULL,1,NULL,Bultos,0.00000,0,120
11,00000111,"CUEROS VACUNOS","2009-03-11 00:00:00",0,1.00000,0.00000,0.00000,0.00000,,0,0,0,"2019-05-22 00:00:00",0.00000,0.00000,0.00000,1,0.00000,0.00000,0,,208,-4.80000,"2017-11-27 00:00:00",0.00000,0.00000,"2019-12-18 14:10:18",0,0,0,4800,0,NULL,"CUEROS VACUNOS",0.00000,NULL,NULL,1,NULL,Bultos,0.00000,0,120
12,00000112,"MORCILLA C/NUEZ Y ACEITUNAS","2005-01-13 00:00:00",0,1.00000,0.00000,0.00000,0.00000,,0,0,0,"2020-02-07 00:00:00",0.00000,0.00000,0.00000,1,0.00000,0.00000,0,,201,-75.40000,"2019-10-01 00:00:00",0.00000,0.00000,"2019-12-18 14:16:37",0,0,0,4100,0,NULL,"MORCILLA C/NUEZ Y ACEITUNAS",0.00000,NULL,NULL,1,NULL,Bultos,0.00000,0,120
13,00000113,"MORCILLA BLANCA","2013-07-24 00:00:00",0,1.00000,0.00000,0.00000,0.00000,,0,0,0,"2019-04-03 00:00:00",0.00000,0.00000,0.00000,1,0.00000,0.00000,0,,201,-5.90000,"2018-09-11 00:00:00",0.00000,0.00000,"2019-12-18 14:16:37",0,0,0,4100,0,NULL,"MORCILLA BLANCA",0.00000,NULL,NULL,1,NULL,Bultos,0.00000,0,120
14,00000117,"CHORIZO PARMESANO","2000-01-13 00:00:00",0,1.00000,0.00000,0.00000,0.00000,,0,0,0,"2020-02-11 00:00:00",0.00000,0.00000,0.00000,1,0.00000,0.00000,0,,201,-258.75000,"2020-02-08 00:00:00",0.00000,0.00000,"2020-01-16 15:22:16",0,0,0,4100,0,NULL,"CHORIZO PARMESANO",0.00000,NULL,NULL,1,NULL,Bultos,0.00000,0,120
15,00000118,"CHORIZO ESPECIAL 303","2004-09-14 00:00:00",0,1.00000,0.00000,0.00000,0.00000,,0,0,0,"2020-02-11 00:00:00",0.00000,0.00000,0.00000,1,0.00000,0.00000,0,,201,-1547.55000,"2019-10-23 00:00:00",0.00000,0.00000,"2020-01-16 15:22:16",0,0,0,4100,0,NULL,"CHORIZO ESPECIAL 303",0.00000,NULL,NULL,1,NULL,Bultos,0.00000,0,120
16,00000119,"MORCILLA C/VERDEO","2005-01-13 00:00:00",0,1.00000,0.00000,0.00000,0.00000,,0,0,0,"2020-02-07 00:00:00",0.00000,0.00000,0.00000,1,0.00000,0.00000,0,,201,-113.33000,"2017-03-13 00:00:00",0.00000,0.00000,"2019-12-18 14:16:37",0,0,0,4100,0,NULL,"MORCILLA C/VERDEO",0.00000,NULL,NULL,1,NULL,Bultos,0.00000,0,120
17,00000121,"POLLO FCO","2005-01-13 00:00:00",0,1.00000,0.00000,0.00000,0.00000,,0,0,0,"2019-05-16 00:00:00",0.00000,0.00000,0.00000,1,0.00000,0.00000,0,,201,274.50000,"2016-10-14 00:00:00",0.00000,0.00000,"2019-12-09 15:08:19",0,0,0,4100,0,NULL,"POLLO FCO",0.00000,NULL,NULL,1,NULL,Bultos,0.00000,0,120
18,00000201,"JAMON COCIDO","1994-04-06 00:00:00",0,1.00000,0.00000,0.00000,0.00000,,0,0,0,"2020-02-11 00:00:00",0.00000,0.00000,0.00000,1,0.00000,0.00000,0,,202,-490.68000,"2020-02-10 00:00:00",0.00000,0.00000,"2019-12-18 14:16:37",0,0,0,4200,0,NULL,"JAMON COCIDO",0.00000,NULL,NULL,1,NULL,Bultos,0.00000,0,120
19,00000203,"PERNIL DE CERDO MITY","1994-04-06 00:00:00",0,1.00000,0.00000,0.00000,0.00000,,0,0,0,"2020-02-11 00:00:00",0.00000,0.00000,0.00000,110,0.00000,0.00000,99,,202,-1600.18000,"2018-09-11 00:00:00",0.00000,0.00000,"2020-01-16 15:22:16",0,0,0,4200,0,,"PERNIL DE CERDO",0.00000,0,0,1,,Bultos,0.00000,0,2
20,00000204,"MORTADELA CA¥ON","1994-12-30 00:00:00",0,1.00000,0.00000,0.00000,0.00000,,0,0,0,"2020-02-11 00:00:00",0.00000,0.00000,0.00000,1,0.00000,0.00000,0,,202,-1414.10000,"2017-11-01 00:00:00",0.00000,0.00000,"2019-12-18 14:16:38",0,0,0,4200,0,NULL,"MORTADELA CA¥ON",0.00000,NULL,NULL,1,NULL,Bultos,0.00000,0,120
21,00000205,"MORTADELA FAMILIAR","1994-04-06 00:00:00",0,1.00000,0.00000,0.00000,0.00000,,0,0,0,"2019-08-13 00:00:00",0.00000,0.00000,0.00000,1,0.00000,0.00000,0,,202,-205.05000,"2016-10-15 00:00:00",0.00000,0.00000,"2019-12-18 14:16:38",0,0,0,4200,0,NULL,"MORTADELA FAMILIAR",0.00000,NULL,NULL,1,NULL,Bultos,0.00000,0,120
22,00000206,"SALCHICHON CON JAMON","1994-04-06 00:00:00",0,1.00000,0.00000,0.00000,0.00000,,0,0,0,"2015-12-21 00:00:00",0.00000,0.00000,0.00000,1,0.00000,0.00000,0,,202,-43.70000,"2015-12-21 00:00:00",0.00000,0.00000,"2019-12-18 14:16:38",0,0,0,4200,0,NULL,"SALCHICHON CON JAMON",0.00000,NULL,NULL,1,NULL,Bultos,0.00000,0,120
23,00000207,"SALCHICHON PRIMAVERA","1994-04-06 00:00:00",0,1.00000,0.00000,0.00000,0.00000,,0,0,0,"2020-02-11 00:00:00",0.00000,0.00000,0.00000,1,0.00000,0.00000,0,,202,-145.21000,"2017-08-11 00:00:00",0.00000,0.00000,"2019-12-18 14:16:38",0,0,0,4200,0,NULL,"SALCHICHON PRIMAVERA",0.00000,NULL,NULL,1,NULL,Bultos,0.00000,0,120
24,00000208,"QUESO DE CERDO","1994-04-06 00:00:00",0,1.00000,0.00000,0.00000,0.00000,,0,0,0,"2020-02-11 00:00:00",0.00000,0.00000,0.00000,1,0.00000,0.00000,0,,202,-84.28000,"2018-07-03 00:00:00",0.00000,0.00000,"2019-12-18 14:16:38",0,0,0,4200,0,NULL,"QUESO DE CERDO",0.00000,NULL,NULL,1,NULL,Bultos,0.00000,0,120
25,00000209,"MORCILLON CON LENGUA","1994-04-06 00:00:00",0,1.00000,0.00000,0.00000,0.00000,,0,0,0,"2020-02-11 00:00:00",0.00000,0.00000,0.00000,1,0.00000,0.00000,0,,202,-35.35000,"2017-08-07 00:00:00",0.00000,0.00000,"2019-12-18 14:16:38",0,0,0,4200,0,NULL,"MORCILLON CON LENGUA",0.00000,NULL,NULL,1,NULL,Bultos,0.00000,0,120
26,00000210,"LEBER WURST","1994-04-06 00:00:00",0,1.00000,0.00000,0.00000,0.00000,,0,0,0,"2019-04-05 00:00:00",0.00000,0.00000,0.00000,1,0.00000,0.00000,0,,202,-2.10000,"2016-09-08 00:00:00",0.00000,0.00000,"2019-12-18 14:16:38",0,0,0,4200,0,NULL,"LEBER WURST",0.00000,NULL,NULL,1,NULL,Bultos,0.00000,0,120
27,00000211,"SALCHICHA DE VIENA","1994-04-06 00:00:00",0,1.00000,0.00000,0.00000,0.00000,,0,0,0,"2020-02-11 00:00:00",0.00000,0.00000,0.00000,110,0.00000,0.00000,99,,202,-586.35000,"2018-09-11 00:00:00",0.00000,0.00000,"2019-12-18 14:16:38",0,0,0,4200,0,,"SALCHICHA DE VIENA",0.00000,0,0,1,,Bultos,0.00000,0,2
28,00000212,NAKUS,"1994-04-06 00:00:00",0,1.00000,0.00000,0.00000,0.00000,,0,0,0,"2020-02-06 00:00:00",0.00000,0.00000,0.00000,1,0.00000,0.00000,0,,202,-2.40000,"2018-09-11 00:00:00",0.00000,0.00000,"2019-12-18 14:16:38",0,0,0,4200,0,NULL,NAKUS,0.00000,NULL,NULL,1,NULL,Bultos,0.00000,0,120
29,00000213,"HAMBURGUESA * 4","1994-04-06 00:00:00",0,1.00000,0.00000,0.00000,0.00000,,0,0,0,"2020-01-03 00:00:00",0.00000,0.00000,0.00000,1,0.00000,0.00000,0,,202,-980.10000,"2017-10-19 00:00:00",0.00000,0.00000,"2019-12-18 14:16:38",0,0,0,4200,0,NULL,"HAMBURGUESA * 4",0.00000,NULL,NULL,1,NULL,Bultos,0.00000,0,120
30,00000214,"HAMBURGUESA * KG","1994-04-06 00:00:00",0,1.00000,0.00000,0.00000,0.00000,,0,0,0,"2020-02-11 00:00:00",0.00000,0.00000,0.00000,110,0.00000,0.00000,99,,202,-661.39000,"2018-04-11 00:00:00",0.00000,0.00000,"2019-12-18 14:16:38",0,0,0,4200,0,,"HAMBURGUESA * Kg",0.00000,0,0,1,,Bultos,0.00000,0,2
31,00000215,"HAMBURGUESAS * 8","2013-05-14 00:00:00",0,1.00000,0.00000,0.00000,0.00000,,0,0,0,"2016-11-30 00:00:00",0.00000,0.00000,0.00000,1,0.00000,0.00000,0,,202,-6.20000,"2016-11-30 00:00:00",0.00000,0.00000,"2019-12-18 14:16:38",0,0,0,4200,0,NULL,"HAMBURGUESAS * 8",0.00000,NULL,NULL,1,NULL,Bultos,0.00000,0,120
32,00000216,"LONGANIZA ESPA¥OLA","1994-04-06 00:00:00",0,1.00000,0.00000,0.00000,0.00000,,0,0,0,"2020-01-31 00:00:00",0.00000,0.00000,0.00000,110,0.00000,0.00000,99,,202,-509.15000,"2017-07-12 00:00:00",0.00000,0.00000,"2019-12-18 14:16:38",0,0,0,4200,0,,"LONGANIZA ESPA¥OLA",0.00000,0,0,1,,Bultos,0.00000,0,2
33,00000218,RIOJANITOS,"1994-04-06 00:00:00",0,1.00000,0.00000,0.00000,0.00000,,0,0,0,"2019-07-10 00:00:00",0.00000,0.00000,0.00000,1,0.00000,0.00000,0,,202,67.85000,"2016-07-07 00:00:00",0.00000,0.00000,"2019-12-18 14:16:38",0,0,0,4200,0,NULL,RIOJANITOS,0.00000,NULL,NULL,1,NULL,Bultos,0.00000,0,120
34,00000219,"PANCETA SALADA","1994-04-06 00:00:00",0,1.00000,0.00000,0.00000,0.00000,,0,0,0,"2020-02-04 00:00:00",0.00000,0.00000,0.00000,110,0.00000,0.00000,99,,202,-102.56000,"2018-09-11 00:00:00",0.00000,0.00000,"2020-01-16 15:22:16",0,0,0,4200,0,,"PANCETA SALADA",0.00000,0,0,1,,Bultos,0.00000,0,2
35,00000220,"PANCETA AHUMADA","1994-04-06 00:00:00",0,1.00000,0.00000,0.00000,0.00000,,0,0,0,"2020-02-11 00:00:00",0.00000,0.00000,0.00000,1,0.00000,0.00000,0,,202,-156.21000,"2018-09-11 00:00:00",0.00000,0.00000,"2020-01-16 15:22:16",0,0,0,4200,0,NULL,"PANCETA AHUMADA",0.00000,NULL,NULL,1,NULL,Bultos,0.00000,0,120
36,00000222,BONDIOLA,"1994-04-06 00:00:00",0,1.00000,0.00000,0.00000,0.00000,,0,0,0,"2019-09-06 00:00:00",0.00000,0.00000,0.00000,1,0.00000,0.00000,0,,202,-785.15000,"2019-08-12 00:00:00",0.00000,0.00000,"2019-12-18 14:16:38",0,0,0,4200,0,NULL,BONDIOLA,0.00000,NULL,NULL,1,NULL,Bultos,0.00000,0,120
37,00000223,"JAMON CON HUESO","1994-04-06 00:00:00",0,1.00000,0.00000,0.00000,0.00000,,0,0,0,"2020-01-02 00:00:00",0.00000,0.00000,0.00000,1,0.00000,0.00000,0,,202,-46.48000,"2019-03-06 00:00:00",0.00000,0.00000,"2019-12-18 14:16:38",0,0,0,4200,0,NULL,"JAMON CON HUESO",0.00000,NULL,NULL,1,NULL,Bultos,0.00000,0,120
38,00000224,"JAMON LISTO MAQUINA","1994-04-06 00:00:00",0,1.00000,0.00000,0.00000,0.00000,,0,0,0,"2020-02-07 00:00:00",0.00000,0.00000,0.00000,110,0.00000,0.00000,99,,202,-504.25000,"2019-03-06 00:00:00",0.00000,0.00000,"2019-12-18 14:16:38",0,0,0,4200,0,,"JAMON LISTO MAQUINA",0.00000,0,0,1,,Bultos,0.00000,0,2
39,00000225,"SALAME MILAN","1994-04-06 00:00:00",0,1.00000,0.00000,0.00000,0.00000,,0,0,0,"2020-02-11 00:00:00",0.00000,0.00000,0.00000,110,0.00000,0.00000,99,,202,-498.03000,"2018-03-17 00:00:00",0.00000,0.00000,"2019-12-18 14:16:39",0,0,0,4200,0,,"SALAME MILAN",0.00000,0,0,1,,Bultos,0.00000,0,2
40,00000226,CANTIMPALO,"1994-04-06 00:00:00",0,1.00000,0.00000,0.00000,0.00000,,0,0,0,"2020-02-11 00:00:00",0.00000,0.00000,0.00000,110,0.00000,0.00000,99,,202,-138.32000,"2018-04-09 00:00:00",0.00000,0.00000,"2019-12-18 14:16:39",0,0,0,4200,0,,CANTIMPALO,0.00000,0,0,1,,Bultos,0.00000,0,2
41,00000230,"LOMITO AHUMADO","1994-09-03 00:00:00",0,1.00000,0.00000,0.00000,0.00000,,0,0,0,"2020-02-11 00:00:00",0.00000,0.00000,0.00000,1,0.00000,0.00000,0,,202,-57.80000,"2018-02-16 00:00:00",0.00000,0.00000,"2019-12-18 14:16:39",0,0,0,4200,0,NULL,"LOMITO AHUMADO",0.00000,NULL,NULL,1,NULL,Bultos,0.00000,0,120
42,00000232,"JAMON COCIDO GENUINO CON CUERO","2012-11-15 00:00:00",0,1.00000,0.00000,0.00000,0.00000,,0,0,0,"2019-09-28 00:00:00",0.00000,0.00000,0.00000,110,0.00000,0.00000,99,,202,-77.91000,"2016-04-22 00:00:00",0.00000,0.00000,"2019-12-18 14:16:39",0,0,0,4200,0,,"JAMON COCIDO GENUINO CON CUERO",0.00000,0,0,1,,Bultos,0.00000,0,2
43,00000233,"JAMON COCIDO NATURAL","2006-05-08 00:00:00",0,1.00000,0.00000,0.00000,0.00000,,0,0,0,"2020-02-08 00:00:00",0.00000,0.00000,0.00000,1,0.00000,0.00000,0,,202,-60.43000,"2017-11-08 00:00:00",0.00000,0.00000,"2019-12-18 14:16:39",0,0,0,4200,0,NULL,"JAMON COCIDO NATURAL",0.00000,NULL,NULL,1,NULL,Bultos,0.00000,0,120
44,00000234,"SALAMIN PICADO GRUESO EST.CAMPO X KG.","2006-11-29 00:00:00",0,1.00000,0.00000,0.00000,0.00000,,0,0,0,"2020-02-11 00:00:00",0.00000,0.00000,0.00000,110,0.00000,0.00000,99,,202,-343.80000,"2017-07-17 00:00:00",0.00000,0.00000,"2020-02-05 14:48:31",0,0,0,4200,0,,"SALAMIN PICADO GRUESO EST.CAMPO X KG.",0.00000,0,0,1,,Bultos,0.00000,0,2
45,00000236,"LONGANIZA NAPOLITANA","1995-06-06 00:00:00",0,1.00000,0.00000,0.00000,0.00000,,0,0,0,"2019-11-12 00:00:00",0.00000,0.00000,0.00000,1,0.00000,0.00000,0,,202,-3.20000,"2017-10-03 00:00:00",0.00000,0.00000,"2019-12-18 14:16:39",0,0,0,4200,0,NULL,"LONGANIZA NAPOLITANA",0.00000,NULL,NULL,1,NULL,Bultos,0.00000,0,120
46,00000237,"LONGANIZA CALABREZA","1995-06-06 00:00:00",0,1.00000,0.00000,0.00000,0.00000,,0,0,0,"2019-11-05 00:00:00",0.00000,0.00000,0.00000,1,0.00000,0.00000,0,,202,-8.85000,"2018-01-17 00:00:00",0.00000,0.00000,"2019-12-18 14:16:39",0,0,0,4200,0,NULL,"LONGANIZA CALABREZA",0.00000,NULL,NULL,1,NULL,Bultos,0.00000,0,120
47,00000238,"SALAMIN PICADO FINO","1995-06-06 00:00:00",0,1.00000,0.00000,0.00000,0.00000,,0,0,0,"2020-02-05 00:00:00",0.00000,0.00000,0.00000,110,0.00000,0.00000,99,,202,-549.74000,"2018-03-29 00:00:00",0.00000,0.00000,"2020-02-05 14:48:31",0,0,0,4200,0,,"SALAMIN PICADO FINO",0.00000,0,0,1,,Bultos,0.00000,0,2
48,00000239,"SALAMIN PICADO GRUESO","1995-06-06 00:00:00",0,1.00000,0.00000,0.00000,0.00000,,0,0,0,"2020-02-11 00:00:00",0.00000,0.00000,0.00000,1,0.00000,0.00000,0,,202,-109.57000,"2017-06-16 00:00:00",0.00000,0.00000,"2020-02-05 14:48:31",0,0,0,4200,0,NULL,"SALAMIN PICADO GRUESO",0.00000,NULL,NULL,1,NULL,Bultos,0.00000,0,120
49,00000241,"MATAMBRE ARROLLADO","1995-06-16 00:00:00",0,1.00000,0.00000,0.00000,0.00000,,0,0,0,"2012-03-02 00:00:00",0.00000,0.00000,0.00000,1,0.00000,0.00000,0,,202,-6.70000,"2013-11-13 00:00:00",0.00000,0.00000,"2019-12-18 14:16:39",0,0,0,4200,0,NULL,"MATAMBRE ARROLLADO",0.00000,NULL,NULL,1,NULL,Bultos,0.00000,0,120
50,00000243,"SALAMIN TIPO CASERO P.C.","1995-10-23 00:00:00",0,1.00000,0.00000,0.00000,0.00000,,0,0,0,"2020-02-11 00:00:00",0.00000,0.00000,0.00000,110,0.00000,0.00000,99,,202,-480.44000,"2018-04-18 00:00:00",0.00000,0.00000,"2020-02-05 14:48:31",0,0,0,4200,0,,"SALAMIN TIPO CASERO P.C.",0.00000,0,0,1,,Bultos,0.00000,0,2
51,00000246,"PALETA SANDWICHERA "303" X KG","1996-08-09 00:00:00",0,1.00000,0.00000,0.00000,0.00000,,0,0,0,"2019-12-20 00:00:00",0.00000,0.00000,0.00000,1,0.00000,0.00000,0,,202,-48.05000,"2017-12-06 00:00:00",0.00000,0.00000,"2020-02-05 14:48:32",0,0,0,4200,0,NULL,"PALETA SANDWICHERA "303" X KG",0.00000,NULL,NULL,1,NULL,Bultos,0.00000,0,120
52,00000247,SOPRESATTA,"2012-08-11 00:00:00",0,1.00000,0.00000,0.00000,0.00000,,0,0,0,"2020-02-06 00:00:00",0.00000,0.00000,0.00000,1,0.00000,0.00000,0,,202,-25.60000,"2018-01-19 00:00:00",0.00000,0.00000,"2020-02-05 14:48:32",0,0,0,4200,0,NULL,SOPRESATTA,0.00000,NULL,NULL,1,NULL,Bultos,0.00000,0,120
53,00000248,"SALAMIN PORTE¥O P/GRUESO","2013-08-13 00:00:00",0,1.00000,0.00000,0.00000,0.00000,,0,0,0,"2019-11-19 00:00:00",0.00000,0.00000,0.00000,1,0.00000,0.00000,99,,202,0.00000,"2013-11-13 00:00:00",0.00000,0.00000,"2020-02-05 14:48:32",0,0,0,4200,0,,"SALAMIN PORTE¥O P/GRUESO",0.00000,0,0,1,,Bultos,0.00000,0,2
54,00000249,"SALAMIN PORTE¥O P/FINO","2013-08-13 00:00:00",0,1.00000,0.00000,0.00000,0.00000,,0,0,0,"2018-04-07 00:00:00",0.00000,0.00000,0.00000,1,0.00000,0.00000,99,,202,-5.10000,"2018-04-07 00:00:00",0.00000,0.00000,"2020-02-05 14:48:32",0,0,0,4200,0,,"SALAMIN PORTE¥O P/FINO",0.00000,0,0,1,,Bultos,0.00000,0,2
55,00000250,"SALAMIN BASTON","1997-01-17 00:00:00",0,1.00000,0.00000,0.00000,0.00000,,0,0,0,"2020-02-05 00:00:00",0.00000,0.00000,0.00000,1,0.00000,0.00000,0,,202,-6.04000,"2018-04-10 00:00:00",0.00000,0.00000,"2020-02-05 14:48:32",0,0,0,4200,0,NULL,"SALAMIN BASTON",0.00000,NULL,NULL,1,NULL,Bultos,0.00000,0,120
56,00000251,"FIAMBRE SURTIDO ( 6 PIEZAS )","1998-10-19 00:00:00",0,1.00000,0.00000,0.00000,0.00000,,0,0,0,"2020-02-11 00:00:00",0.00000,0.00000,0.00000,1,0.00000,0.00000,0,,202,-30.75000,"2020-02-10 00:00:00",0.00000,0.00000,"2019-12-18 14:16:39",0,0,0,4200,0,NULL,"FIAMBRE SURTIDO ( 6 PIEZAS )",0.00000,NULL,NULL,1,NULL,Bultos,0.00000,0,120
57,00000252,"CHORIZOS SIN SAL","2007-12-19 00:00:00",0,1.00000,0.00000,0.00000,0.00000,,0,0,0,"2020-02-08 00:00:00",0.00000,0.00000,0.00000,1,0.00000,0.00000,0,,202,-60.00000,"2018-03-07 00:00:00",0.00000,0.00000,"2019-12-09 15:08:21",0,0,0,4100,0,NULL,"CHORIZOS SIN SAL",0.00000,NULL,NULL,1,NULL,Bultos,0.00000,0,120
58,00000253,"FIAMBRE SURTIDO (3 PIEZAS)","2009-03-11 00:00:00",0,1.00000,0.00000,0.00000,0.00000,,0,0,0,"2020-02-06 00:00:00",0.00000,0.00000,0.00000,1,0.00000,0.00000,0,,202,-15.05000,"2018-03-03 00:00:00",0.00000,0.00000,"2019-12-18 14:16:40",0,0,0,4200,0,NULL,"FIAMBRE SURTIDO (3 PIEZAS)",0.00000,NULL,NULL,1,NULL,Bultos,0.00000,0,120
59,00000254,FIAMBRE,"2009-03-11 00:00:00",0,1.00000,0.00000,0.00000,0.00000,,0,0,0,"2020-01-30 00:00:00",0.00000,0.00000,0.00000,1,0.00000,0.00000,0,,202,-6.00000,"2017-09-22 00:00:00",0.00000,0.00000,"2019-12-09 15:08:21",0,0,0,4200,0,NULL,FIAMBRE,0.00000,NULL,NULL,1,NULL,Bultos,0.00000,0,120
60,00000255,MILANESAS,"1997-06-18 00:00:00",0,1.00000,0.00000,0.00000,0.00000,,0,0,0,"2020-02-11 00:00:00",0.00000,0.00000,0.00000,1,0.00000,0.00000,99,,202,-128.35000,"2020-02-11 00:00:00",0.00000,0.00000,"2019-12-18 14:16:40",0,0,0,4200,0,,MILANESAS,0.00000,0,0,1,,Bultos,0.00000,0,2
61,00000256,"COMBO II ( FINO,GRUESO,ESPA.,NAPO,CALA,CASERITO)","2010-07-20 00:00:00",0,1.00000,0.00000,0.00000,0.00000,,0,0,0,"2020-02-11 00:00:00",0.00000,0.00000,0.00000,1,0.00000,0.00000,0,,202,-88.25000,"2019-08-12 00:00:00",0.00000,0.00000,"2020-02-05 14:48:32",0,0,0,4200,0,NULL,"COMBO II ( FINO,GRUESO,ESPA.,NAPO,CALA,CASERITO)",0.00000,NULL,NULL,1,NULL,Bultos,0.00000,0,120
62,00000257,"COMBO I (MILAN,CANTIMPALO,SALAMIN)","2010-07-20 00:00:00",0,1.00000,0.00000,0.00000,0.00000,,0,0,0,"2018-04-24 00:00:00",0.00000,0.00000,0.00000,1,0.00000,0.00000,0,,202,-9.70000,"2016-01-15 00:00:00",0.00000,0.00000,"2019-12-18 14:16:40",0,0,0,4200,0,NULL,"COMBO I (MILAN,CANTIMPALO,SALAMIN)",0.00000,NULL,NULL,1,NULL,Bultos,0.00000,0,120
63,00000258,PROMO,"2010-07-05 00:00:00",0,1.00000,0.00000,0.00000,0.00000,,0,0,0,"2013-10-10 00:00:00",0.00000,0.00000,0.00000,1,0.00000,0.00000,0,,202,0.00000,"2013-11-13 00:00:00",0.00000,0.00000,"2019-12-18 14:16:40",0,0,0,4200,0,NULL,PROMO,0.00000,NULL,NULL,1,NULL,Bultos,0.00000,0,120
64,00000259,"BASTON ESPA¥OLA","2013-08-13 00:00:00",0,1.00000,0.00000,0.00000,0.00000,,0,0,0,"2018-02-07 00:00:00",0.00000,0.00000,0.00000,1,0.00000,0.00000,0,,202,-3.20000,"2017-12-09 00:00:00",0.00000,0.00000,"2019-12-09 15:08:22",0,0,0,4200,0,NULL,"BASTON ESPA¥OLA",0.00000,NULL,NULL,1,NULL,Bultos,0.00000,0,120
65,00000260,"BASTON PICADO FINO","2013-08-13 00:00:00",0,1.00000,0.00000,0.00000,0.00000,,0,0,0,"2018-07-12 00:00:00",0.00000,0.00000,0.00000,1,0.00000,0.00000,0,,202,-12.80000,"2017-10-28 00:00:00",0.00000,0.00000,"2019-12-09 15:08:22",0,0,0,4200,0,NULL,"BASTON PICADO FINO",0.00000,NULL,NULL,1,NULL,Bultos,0.00000,0,120
66,00000261,"FIAMBRE SURTIDO  303","2000-07-13 00:00:00",0,1.00000,0.00000,0.00000,0.00000,,0,0,0,"2020-01-22 00:00:00",0.00000,0.00000,0.00000,1,0.00000,0.00000,0,,202,-31.45000,"2017-07-15 00:00:00",0.00000,0.00000,"2019-12-09 15:08:22",0,0,0,4200,0,NULL,"FIAMBRE SURTIDO  303",0.00000,NULL,NULL,1,NULL,Bultos,0.00000,0,120
67,00000262,"BASTON PICADO GRUESO","2013-08-13 00:00:00",0,1.00000,0.00000,0.00000,0.00000,,0,0,0,"2013-11-14 00:00:00",0.00000,0.00000,0.00000,1,0.00000,0.00000,0,,202,0.00000,"2013-11-13 00:00:00",0.00000,0.00000,"2019-12-18 14:10:21",0,0,0,4200,0,NULL,"BASTON PICADO GRUESO",0.00000,NULL,NULL,1,NULL,Bultos,0.00000,0,120
68,00000268,"QUESO DE MAQUINA","2000-07-15 00:00:00",0,1.00000,0.00000,0.00000,0.00000,,0,0,0,"2020-02-07 00:00:00",0.00000,0.00000,0.00000,110,0.00000,0.00000,99,,202,-57.40000,"2018-01-17 00:00:00",0.00000,0.00000,"2019-12-18 14:16:40",0,0,0,4200,0,,"QUESO DE MAQUINA",0.00000,0,0,1,,Bultos,0.00000,0,2
69,00000269,"SANDWICH DE MIGA","2006-11-12 00:00:00",0,1.00000,0.00000,0.00000,0.00000,,0,0,0,"2019-10-22 00:00:00",0.00000,0.00000,0.00000,1,0.00000,0.00000,0,,202,-2959.50000,"2019-04-11 00:00:00",0.00000,0.00000,"2019-12-09 15:08:22",0,0,0,4999,0,NULL,"SANDWICH DE MIGA",0.00000,NULL,NULL,1,NULL,Bultos,0.00000,0,120
70,00000274,"HAMBURGUESAS *Kg 303","2003-05-13 00:00:00",0,1.00000,0.00000,0.00000,0.00000,,0,0,0,"2020-01-29 00:00:00",0.00000,0.00000,0.00000,1,0.00000,0.00000,0,,202,-19.54000,"2017-07-26 00:00:00",0.00000,0.00000,"2019-12-18 14:16:40",0,0,0,4200,0,NULL,"HAMBURGUESAS *Kg 303",0.00000,NULL,NULL,1,NULL,Bultos,0.00000,0,120
71,00000275,"MADEJA DE TRIPA","2003-07-29 00:00:00",0,1.00000,0.00000,0.00000,0.00000,,0,0,0,"2018-07-10 00:00:00",0.00000,0.00000,0.00000,1,0.00000,0.00000,0,,202,-1.00000,"2016-08-30 00:00:00",0.00000,0.00000,"2019-12-18 14:16:40",0,0,0,4999,0,NULL,"MADEJA DE TRIPA",0.00000,NULL,NULL,1,NULL,Bultos,0.00000,0,120
72,00000301,TOCINO,"1994-04-06 00:00:00",0,1.00000,0.00000,0.00000,0.00000,,0,0,0,"2020-02-11 00:00:00",0.00000,0.00000,0.00000,110,0.00000,0.00000,99,CORTE,203,-331.80000,"2018-04-06 00:00:00",0.00000,0.00000,"2019-12-18 14:16:40",0,0,0,4300,0,,TOCINO,0.00000,0,0,1,,Bultos,0.00000,0,2
73,00000302,"BIFE DE CERDO","1994-11-23 00:00:00",0,1.00000,0.00000,0.00000,0.00000,,0,0,0,"2020-02-11 00:00:00",0.00000,0.00000,0.00000,110,0.00000,0.00000,99,CORTE,203,-1443.77000,"2019-08-12 00:00:00",0.00000,0.00000,"2020-01-16 15:22:16",0,0,0,4300,0,,"BIFE DE CERDO",0.00000,0,0,1,,Bultos,0.00000,0,2
74,00000303,"PECHITO DE CERDO","1994-04-06 00:00:00",0,1.00000,0.00000,0.00000,0.00000,,0,0,0,"2020-02-11 00:00:00",0.00000,0.00000,0.00000,110,0.00000,0.00000,99,CORTE,203,-813.83000,"2019-08-12 00:00:00",0.00000,0.00000,"2019-12-18 14:16:40",0,0,0,4300,0,,"PECHITO DE CERDO",0.00000,0,0,1,,Bultos,0.00000,0,2
75,00000304,"PALETA DE CERDO Fca C/H","1994-04-06 00:00:00",0,1.00000,0.00000,0.00000,0.00000,,0,0,0,"2020-02-08 00:00:00",0.00000,0.00000,0.00000,1,0.00000,0.00000,0,CORTE,203,-68.10000,"2017-08-29 00:00:00",0.00000,0.00000,"2019-12-18 14:16:40",0,0,0,4300,0,NULL,"PALETA DE CERDO Fca C/H",0.00000,NULL,NULL,1,NULL,Bultos,0.00000,0,120
76,00000305,"PANCETA Fca.","1994-04-06 00:00:00",0,1.00000,0.00000,0.00000,0.00000,,0,0,0,"2020-02-07 00:00:00",0.00000,0.00000,0.00000,1,0.00000,0.00000,0,CORTE,203,-98.86000,"2018-01-20 00:00:00",0.00000,0.00000,"2019-12-18 14:16:40",0,0,0,4300,0,NULL,"PANCETA Fca.",0.00000,NULL,NULL,1,NULL,Bultos,0.00000,0,120
77,00000306,PATAS,"1994-04-06 00:00:00",0,1.00000,0.00000,0.00000,0.00000,,0,0,0,"2020-02-07 00:00:00",0.00000,0.00000,0.00000,1,0.00000,0.00000,0,CORTE,203,-90.00000,"2017-09-22 00:00:00",0.00000,0.00000,"2019-12-18 14:16:40",0,0,0,4300,0,NULL,PATAS,0.00000,NULL,NULL,1,NULL,Bultos,0.00000,0,120
78,00000307,HUESOS,"1994-04-06 00:00:00",0,1.00000,0.00000,0.00000,0.00000,,0,0,0,"2020-01-31 00:00:00",0.00000,0.00000,0.00000,1,0.00000,0.00000,0,CORTE,203,-13687.35000,"2017-06-09 00:00:00",0.00000,0.00000,"2019-12-18 14:16:40",0,0,0,4300,0,NULL,HUESOS,0.00000,NULL,NULL,1,NULL,Bultos,0.00000,0,120
79,00000308,UNTO,"1994-04-06 00:00:00",0,1.00000,0.00000,0.00000,0.00000,,0,0,0,"2020-02-08 00:00:00",0.00000,0.00000,0.00000,1,0.00000,0.00000,0,CORTE,203,-69.35000,"2017-06-24 00:00:00",0.00000,0.00000,"2019-12-18 14:16:40",0,0,0,4300,0,NULL,UNTO,0.00000,NULL,NULL,1,NULL,Bultos,0.00000,0,120
80,00000309,CUEROS,"1994-04-06 00:00:00",0,1.00000,0.00000,0.00000,0.00000,,0,0,0,"2020-01-31 00:00:00",0.00000,0.00000,0.00000,110,0.00000,0.00000,99,CORTE,203,-155.15000,"2017-09-05 00:00:00",0.00000,0.00000,"2019-12-18 14:16:40",0,0,0,4300,0,,CUEROS,0.00000,0,0,1,,Bultos,0.00000,0,2
81,00000310,MATAMBRITOS,"1994-10-24 00:00:00",0,1.00000,0.00000,0.00000,0.00000,,0,0,0,"2020-02-11 00:00:00",0.00000,0.00000,0.00000,110,0.00000,0.00000,99,CORTE,203,-32.00000,"2019-09-25 00:00:00",0.00000,0.00000,"2019-12-18 14:16:40",0,0,0,4300,0,,MATAMBRITOS,0.00000,0,0,1,,Bultos,0.00000,0,2
82,00000311,"OREJAS DE CERDO","1994-04-06 00:00:00",0,1.00000,0.00000,0.00000,0.00000,,0,0,0,"2020-02-06 00:00:00",0.00000,0.00000,0.00000,1,0.00000,0.00000,0,CORTE,203,0.00000,"2013-11-13 00:00:00",0.00000,0.00000,"2019-12-18 14:16:40",0,0,0,4300,0,NULL,"OREJAS DE CERDO",0.00000,NULL,NULL,1,NULL,Bultos,0.00000,0,120
83,00000312,"RECORTES DE CARNE 80 %","1994-04-06 00:00:00",0,1.00000,0.00000,0.00000,0.00000,,0,0,0,"2020-02-06 00:00:00",0.00000,0.00000,0.00000,110,0.00000,0.00000,99,CORTE,203,448.65000,"2017-11-15 00:00:00",0.00000,0.00000,"2019-12-18 14:16:41",0,0,0,4300,0,,"RECORTES DE CARNE 80 %",0.00000,0,0,1,,Bultos,0.00000,0,2
84,00000313,LECHON,"1994-04-06 00:00:00",0,1.00000,0.00000,0.00000,0.00000,,0,0,0,"2020-02-11 00:00:00",0.00000,0.00000,0.00000,110,0.00000,0.00000,99,ENTERO,206,-664.11000,"2017-12-29 00:00:00",0.00000,0.00000,"2019-12-18 14:16:41",0,0,0,4600,0,,LECHON,0.00000,0,0,1,,Bultos,0.00000,0,2
85,00000314,CORDERO,"1994-04-06 00:00:00",0,1.00000,0.00000,0.00000,0.00000,,0,0,0,"2020-02-07 00:00:00",0.00000,0.00000,0.00000,1,0.00000,0.00000,99,ENTERO,207,-720.61000,"2018-07-04 00:00:00",0.00000,0.00000,"2019-12-18 14:16:41",0,0,0,4700,0,,CORDERO,0.00000,0,0,1,,Bultos,0.00000,0,2
86,00000315,"1/2 RES DE CERDO C/Cza","1994-04-06 00:00:00",0,1.00000,0.00000,0.00000,0.00000,,0,0,0,"2020-01-08 00:00:00",0.00000,0.00000,0.00000,110,0.00000,0.00000,99,"1/2 RES",212,-320.60000,"2017-09-22 00:00:00",0.00000,0.00000,"2019-12-18 14:16:41",0,0,0,4800,0,,"1/2 RES DE CERDO C/Cza",0.00000,0,0,1,,Bultos,0.00000,0,2
87,00000316,"1/2 RES DE CERDO S/Cza","1994-04-06 00:00:00",0,1.00000,0.00000,0.00000,0.00000,,0,0,0,"2020-02-11 00:00:00",0.00000,0.00000,0.00000,110,0.00000,0.00000,99,"1/2 RES",212,-2661.71000,"2018-03-15 00:00:00",0.00000,0.00000,"2019-12-18 14:16:41",0,0,0,4800,0,,"1/2 RES DE CERDO S/Cza",0.00000,0,0,1,,Bultos,0.00000,0,2
88,00000318,CABEZAS,"1994-04-07 00:00:00",0,1.00000,0.00000,0.00000,0.00000,,0,0,0,"2019-04-18 00:00:00",0.00000,0.00000,0.00000,1,0.00000,0.00000,0,CORTE,212,0.00000,"2017-10-12 00:00:00",0.00000,0.00000,"2019-12-09 15:08:23",0,0,0,4800,0,NULL,CABEZAS,0.00000,NULL,NULL,1,NULL,Bultos,0.00000,0,120
89,00000319,"HIGADO DE CERDO","1994-04-11 00:00:00",0,1.00000,0.00000,0.00000,0.00000,,0,0,0,"2013-04-18 00:00:00",0.00000,0.00000,0.00000,1,0.00000,0.00000,0,"EN BOLSA",203,0.00000,"2013-11-13 00:00:00",0.00000,0.00000,"2019-12-18 14:16:41",0,0,0,4300,0,NULL,"HIGADO DE CERDO",0.00000,NULL,NULL,1,NULL,Bultos,0.00000,0,120
90,00000320,GARRON,"1994-04-12 00:00:00",0,1.00000,0.00000,0.00000,0.00000,,0,0,0,"2018-06-28 00:00:00",0.00000,0.00000,0.00000,1,0.00000,0.00000,0,CORTE,203,-7.00000,"2017-07-27 00:00:00",0.00000,0.00000,"2019-12-09 15:08:23",0,0,0,4300,0,NULL,GARRON,0.00000,NULL,NULL,1,NULL,Bultos,0.00000,0,120
91,00000323,"PALETA DE CERDO S/H","1994-04-21 00:00:00",0,1.00000,0.00000,0.00000,0.00000,,0,0,0,"2020-01-27 00:00:00",0.00000,0.00000,0.00000,110,0.00000,0.00000,99,CORTE,203,-374.50000,"2017-08-07 00:00:00",0.00000,0.00000,"2019-12-18 14:16:41",0,0,0,4300,0,,"PALETA DE CERDO S/H",0.00000,0,0,1,,Bultos,0.00000,0,2
92,00000324,"PULPA DE CERDO","1994-06-03 00:00:00",0,1.00000,0.00000,0.00000,0.00000,,0,0,0,"2020-02-01 00:00:00",0.00000,0.00000,0.00000,1,0.00000,0.00000,0,CORTE,203,-45.50000,"2017-05-27 00:00:00",0.00000,0.00000,"2019-12-18 14:16:41",0,0,0,4300,0,NULL,"PULPA DE CERDO",0.00000,NULL,NULL,1,NULL,Bultos,0.00000,0,120
93,00000325,"JAMON FRESCO","1994-09-05 00:00:00",0,1.00000,0.00000,0.00000,0.00000,,0,0,0,"2020-02-11 00:00:00",0.00000,0.00000,0.00000,110,0.00000,0.00000,99,CORTE,203,2958.60000,"2019-08-12 00:00:00",0.00000,0.00000,"2019-12-18 14:16:41",0,0,0,4300,0,,"JAMON FRESCO",0.00000,0,0,1,,Bultos,0.00000,0,2
94,00000327,"BONDIOLA FCA.","1995-01-31 00:00:00",0,1.00000,0.00000,0.00000,0.00000,,0,0,0,"2020-02-11 00:00:00",0.00000,0.00000,0.00000,110,0.00000,0.00000,99,CORTE,203,-487.79000,"2020-02-10 00:00:00",0.00000,0.00000,"2019-12-18 14:16:41",0,0,0,4300,0,,"BONDIOLA Fca.",0.00000,0,0,1,,Bultos,0.00000,0,2
95,00000328,COLAS,"1995-07-08 00:00:00",0,1.00000,0.00000,0.00000,0.00000,,0,0,0,"2019-03-22 00:00:00",0.00000,0.00000,0.00000,1,0.00000,0.00000,0,CORTE,203,0.00000,"2013-11-13 00:00:00",0.00000,0.00000,"2019-12-18 14:09:36",0,0,0,4300,0,NULL,COLAS,0.00000,NULL,NULL,1,NULL,Bultos,0.00000,0,120
96,00000330,"JAMON FRESCO S/H","2006-05-08 00:00:00",0,1.00000,0.00000,0.00000,0.00000,,0,0,0,"2019-10-03 00:00:00",0.00000,0.00000,0.00000,1,0.00000,0.00000,0,CORTE,203,-23.95000,"2017-12-26 00:00:00",0.00000,0.00000,"2019-12-18 14:16:41",0,0,0,4300,0,NULL,"JAMON FRESCO S/H",0.00000,NULL,NULL,1,NULL,Bultos,0.00000,0,120
97,00000336,"BIFE DE CERDO S/H","2006-05-08 00:00:00",0,1.00000,0.00000,0.00000,0.00000,,0,0,0,"2019-12-31 00:00:00",0.00000,0.00000,0.00000,1,0.00000,0.00000,0,CORTE,203,-9.50000,"2017-04-05 00:00:00",0.00000,0.00000,"2019-12-18 14:16:41",0,0,0,4300,0,NULL,"BIFE DE CERDO S/H",0.00000,NULL,NULL,1,NULL,Bultos,0.00000,0,120
98,00000341,"CODILLO DE CERDO","2003-07-29 00:00:00",0,1.00000,0.00000,0.00000,0.00000,,0,0,0,"2020-02-05 00:00:00",0.00000,0.00000,0.00000,1,0.00000,0.00000,0,CORTE,203,-18.20000,"2017-03-28 00:00:00",0.00000,0.00000,"2019-12-18 14:16:41",0,0,0,4300,0,NULL,"CODILLO DE CERDO",0.00000,NULL,NULL,1,NULL,Bultos,0.00000,0,120
99,00000342,SOLOMILLO,"2006-11-13 00:00:00",0,1.00000,0.00000,0.00000,0.00000,,0,0,0,"2020-01-23 00:00:00",0.00000,0.00000,0.00000,110,0.00000,0.00000,99,,203,0.00000,"2016-04-21 00:00:00",0.00000,0.00000,"2019-12-18 14:08:46",0,0,0,4300,0,,SOLOMILLO,0.00000,0,0,1,,Bultos,0.00000,0,2
100,00000401,BIFES,"1994-04-06 00:00:00",0,1.00000,0.00000,0.00000,0.00000,,0,0,0,"2020-02-11 00:00:00",0.00000,0.00000,0.00000,1,0.00000,0.00000,0,CORTE,204,-278.37000,"2017-11-18 00:00:00",0.00000,0.00000,"2020-01-16 15:22:16",0,0,0,4400,0,NULL,BIFES,0.00000,NULL,NULL,1,NULL,Bultos,0.00000,0,120
101,00000402,ASADO,"1994-04-06 00:00:00",0,1.00000,0.00000,0.00000,0.00000,,0,0,0,"2020-02-11 00:00:00",0.00000,0.00000,0.00000,110,0.00000,0.00000,99,CORTE,204,-3221.95000,"2019-09-27 00:00:00",0.00000,0.00000,"2020-01-16 15:22:16",0,0,0,4400,0,,ASADO,0.00000,0,0,42,,Bultos,0.00000,0,2
102,00000403,CUADRIL,"1994-04-06 00:00:00",0,1.00000,0.00000,0.00000,0.00000,,0,0,0,"2020-02-01 00:00:00",0.00000,0.00000,0.00000,1,0.00000,0.00000,99,CORTE,204,-279.75000,"2018-03-03 00:00:00",0.00000,0.00000,"2020-01-16 15:22:16",0,0,0,4400,0,,CUADRIL,0.00000,0,0,1,,Bultos,0.00000,0,2
103,00000404,NALGA,"1994-04-06 00:00:00",0,1.00000,0.00000,0.00000,0.00000,,0,0,0,"2020-02-11 00:00:00",0.00000,0.00000,0.00000,110,0.00000,0.00000,99,Corte,204,509.89000,"2018-04-16 00:00:00",0.00000,0.00000,"2019-12-18 14:16:41",0,0,0,4400,0,,NALGA,0.00000,0,0,1,,Bultos,0.00000,0,2
104,00000405,CUADRADA,"1994-04-06 00:00:00",0,1.00000,0.00000,0.00000,0.00000,,0,0,0,"2020-02-11 00:00:00",0.00000,0.00000,0.00000,110,0.00000,0.00000,99,CORTE,204,30.60000,"2018-02-28 00:00:00",0.00000,0.00000,"2020-01-16 15:22:16",0,0,0,4400,0,,CUADRADA,0.00000,0,0,1,,Bultos,0.00000,0,2
105,00000406,PALOMITA,"1994-04-06 00:00:00",0,1.00000,0.00000,0.00000,0.00000,,0,0,0,"2020-02-06 00:00:00",0.00000,0.00000,0.00000,110,0.00000,0.00000,99,CORTE,204,-64.68000,"2017-11-21 00:00:00",0.00000,0.00000,"2020-01-16 15:22:16",0,0,0,4400,0,,PALOMITA,0.00000,0,0,1,,Bultos,0.00000,0,2
106,00000407,PECETO,"1994-04-06 00:00:00",0,1.00000,0.00000,0.00000,0.00000,,0,0,0,"2020-02-11 00:00:00",0.00000,0.00000,0.00000,110,0.00000,0.00000,99,CORTE,204,-216.11000,"2018-04-06 00:00:00",0.00000,0.00000,"2020-01-16 15:22:16",0,0,0,4400,0,,PECETO,0.00000,0,0,1,,Bultos,0.00000,0,2
107,00000408,PICADA,"1994-04-06 00:00:00",0,1.00000,0.00000,0.00000,0.00000,,0,0,0,"2020-02-11 00:00:00",0.00000,0.00000,0.00000,110,0.00000,0.00000,99,"EN BOLSA",204,-880.34000,"2019-08-16 00:00:00",0.00000,0.00000,"2020-01-16 15:22:16",0,0,0,4400,0,,PICADA,0.00000,0,0,1,,Bultos,0.00000,0,2
108,00000409,"TAPA DE NALGA","1994-04-06 00:00:00",0,1.00000,0.00000,0.00000,0.00000,,0,0,0,"2020-02-10 00:00:00",0.00000,0.00000,0.00000,1,0.00000,0.00000,0,CORTE,204,-24.20000,"2017-07-19 00:00:00",0.00000,0.00000,"2019-12-18 14:16:42",0,0,0,4400,0,NULL,"TAPA DE NALGA",0.00000,NULL,NULL,1,NULL,Bultos,0.00000,0,120
109,00000411,ROAST-BEEF,"1994-04-06 00:00:00",0,1.00000,0.00000,0.00000,0.00000,,0,0,0,"2020-02-11 00:00:00",0.00000,0.00000,0.00000,110,0.00000,0.00000,99,CORTE,204,-1458.77000,"2018-04-04 00:00:00",0.00000,0.00000,"2019-12-18 14:16:42",0,0,0,4400,0,,ROAST-BEEF,0.00000,0,0,1,,Bultos,0.00000,0,2
110,00000412,MATAMBRE,"1994-04-06 00:00:00",0,1.00000,0.00000,0.00000,0.00000,,0,0,0,"2020-02-11 00:00:00",0.00000,0.00000,0.00000,110,0.00000,0.00000,99,CORTE,204,-227.15000,"2019-06-15 00:00:00",0.00000,0.00000,"2020-01-16 15:22:17",0,0,0,4400,0,,MATAMBRE,0.00000,0,0,1,,Bultos,0.00000,0,2
111,00000413,AGUJA,"1994-04-06 00:00:00",0,1.00000,0.00000,0.00000,0.00000,,0,0,0,"2020-02-10 00:00:00",0.00000,0.00000,0.00000,110,0.00000,0.00000,99,CORTE,204,7.30000,"2017-10-12 00:00:00",0.00000,0.00000,"2019-12-18 14:16:42",0,0,0,4400,0,,AGUJA,0.00000,0,0,1,,Bultos,0.00000,0,2
112,00000414,LOMO,"1994-04-06 00:00:00",0,1.00000,0.00000,0.00000,0.00000,,0,0,0,"2020-01-23 00:00:00",0.00000,0.00000,0.00000,110,0.00000,0.00000,99,CORTE,204,-302.60000,"2018-04-21 00:00:00",0.00000,0.00000,"2019-12-18 14:16:42",0,0,0,4400,0,,LOMO,0.00000,0,0,1,,Bultos,0.00000,0,2
113,00000416,FALDA,"1994-04-06 00:00:00",0,1.00000,0.00000,0.00000,0.00000,,0,0,0,"2020-02-11 00:00:00",0.00000,0.00000,0.00000,1,0.00000,0.00000,0,CORTE,204,27.50000,"2019-08-16 00:00:00",0.00000,0.00000,"2019-12-18 14:16:42",0,0,0,4400,0,NULL,FALDA,0.00000,NULL,NULL,1,NULL,Bultos,0.00000,0,120
114,00000417,VACIO,"1994-04-06 00:00:00",0,1.00000,0.00000,0.00000,0.00000,,0,0,0,"2020-02-11 00:00:00",0.00000,0.00000,0.00000,110,0.00000,0.00000,99,CORTE,204,-153.65000,"2018-04-14 00:00:00",0.00000,0.00000,"2019-12-18 14:16:42",0,0,0,4400,0,,VACIO,0.00000,0,0,1,,Bultos,0.00000,0,2
115,00000418,"BOLA DE LOMO","1994-04-07 00:00:00",0,1.00000,0.00000,0.00000,0.00000,,0,0,0,"2020-02-11 00:00:00",0.00000,0.00000,0.00000,110,0.00000,0.00000,99,CORTE,204,-1068.45000,"2018-04-07 00:00:00",0.00000,0.00000,"2020-01-16 15:22:17",0,0,0,4400,0,,"BOLA DE LOMO",0.00000,0,0,1,,Bultos,0.00000,0,2
116,00000419,"PALETA VAC.","1994-04-12 00:00:00",0,1.00000,0.00000,0.00000,0.00000,,0,0,0,"2020-02-11 00:00:00",0.00000,0.00000,0.00000,110,0.00000,0.00000,99,CORTE,204,-561.21000,"2019-08-16 00:00:00",0.00000,0.00000,"2019-12-18 14:16:42",0,0,0,4400,0,,"PALETA VAC.",0.00000,0,0,1,,Bultos,0.00000,0,2
117,00000421,"RECORTE DE CARNE","1994-04-27 00:00:00",0,1.00000,0.00000,0.00000,0.00000,,0,0,0,"2020-02-11 00:00:00",0.00000,0.00000,0.00000,110,0.00000,0.00000,99,CORTE,204,-806.90000,"2020-02-11 00:00:00",0.00000,0.00000,"2020-01-16 15:22:17",0,0,0,4400,0,,"RECORTE DE CARNE",0.00000,0,0,1,,Bultos,0.00000,0,2
118,00000426,"CUARTO VACUNO","1994-07-29 00:00:00",0,1.00000,0.00000,0.00000,0.00000,,0,0,0,"2020-02-11 00:00:00",0.00000,0.00000,0.00000,110,0.00000,0.00000,99,CORTE,204,-4013.64000,"2018-04-16 00:00:00",0.00000,0.00000,"2019-12-18 14:16:42",0,0,0,4400,0,,"CUARTO VACUNO",0.00000,0,0,1,,Bultos,0.00000,0,2
119,00000427,CARACU,"1995-01-16 00:00:00",0,1.00000,0.00000,0.00000,0.00000,,0,0,0,"2020-02-11 00:00:00",0.00000,0.00000,0.00000,1,0.00000,0.00000,0,CORTE,204,-39.40000,"2016-09-06 00:00:00",0.00000,0.00000,"2019-12-18 14:16:42",0,0,0,4400,0,NULL,CARACU,0.00000,NULL,NULL,1,NULL,Bultos,0.00000,0,120
120,00000428,"MEDIA RES VACUNA","1996-05-11 00:00:00",0,1.00000,0.00000,0.00000,0.00000,,0,0,0,"2020-02-11 00:00:00",0.00000,0.00000,0.00000,110,0.00000,0.00000,99,"1/2 RES",209,-10426.73000,"2020-02-08 00:00:00",0.00000,0.00000,"2019-12-18 14:16:42",0,0,0,4800,0,C:/JWIN/JQGestion/Imagenes/Articulos/jpg/00000428.jpg,"MEDIA RES VACUNA",0.00000,0,0,1,B1,Bultos,-108.00000,0,2
121,00000429,TRAQUEAS,"2000-10-12 00:00:00",0,1.00000,0.00000,0.00000,0.00000,,0,0,0,"2005-12-27 00:00:00",0.00000,0.00000,0.00000,1,0.00000,0.00000,0,,204,0.00000,"2013-11-13 00:00:00",0.00000,0.00000,"2019-12-18 14:09:37",0,0,0,4400,0,NULL,TRAQUEAS,0.00000,NULL,NULL,1,NULL,Bultos,0.00000,0,120
122,00000430,"TAPA DE ASADO","2001-04-23 00:00:00",0,1.00000,0.00000,0.00000,0.00000,,0,0,0,"2020-02-11 00:00:00",0.00000,0.00000,0.00000,110,0.00000,0.00000,99,CORTES,204,-37.14000,"2018-03-03 00:00:00",0.00000,0.00000,"2020-01-16 15:22:17",0,0,0,4400,0,,"TAPA DE ASADO",0.00000,0,0,1,,Bultos,0.00000,0,2
123,00000431,"CORTE PARRILLERO","2002-02-08 00:00:00",0,1.00000,0.00000,0.00000,0.00000,,0,0,0,"2020-01-23 00:00:00",0.00000,0.00000,0.00000,110,0.00000,0.00000,99,CORTES,208,-1433.70000,"2017-08-07 00:00:00",0.00000,0.00000,"2019-12-18 14:16:42",0,0,0,4800,0,,"CORTE PARRILLERO",0.00000,0,0,1,,Bultos,0.00000,0,2
124,00000432,DELANTERO,"2002-02-08 00:00:00",0,1.00000,0.00000,0.00000,0.00000,,0,0,0,"2020-02-11 00:00:00",0.00000,0.00000,0.00000,110,0.00000,0.00000,99,CORTES,208,-110.60000,"2017-12-07 00:00:00",0.00000,0.00000,"2019-12-18 14:16:42",0,0,0,4800,0,,DELANTERO,0.00000,0,0,1,,Bultos,0.00000,0,2
125,00000433,CHINGOLITO,"2004-09-10 00:00:00",0,1.00000,0.00000,0.00000,0.00000,,0,0,0,"2018-07-04 00:00:00",0.00000,0.00000,0.00000,1,0.00000,0.00000,0,CORTE,204,0.00000,"2013-11-13 00:00:00",0.00000,0.00000,"2019-12-18 14:16:43",0,0,0,4400,0,NULL,CHINGOLITO,0.00000,NULL,NULL,1,NULL,Bultos,0.00000,0,120
126,00000434,LITORALE¥O,"2004-09-10 00:00:00",0,1.00000,0.00000,0.00000,0.00000,,0,0,0,"2018-07-31 00:00:00",0.00000,0.00000,0.00000,1,0.00000,0.00000,0,CORTE,204,0.00000,"2013-11-13 00:00:00",0.00000,0.00000,"2019-12-18 14:14:21",0,0,0,4400,0,NULL,LITORALE¥O,0.00000,NULL,NULL,1,NULL,Bultos,0.00000,0,120
127,00000435,"BIFE DE CHORIZO","2006-03-18 00:00:00",0,1.00000,0.00000,0.00000,0.00000,,0,0,0,"2020-02-04 00:00:00",0.00000,0.00000,0.00000,1,0.00000,0.00000,0,,204,-224.20000,"2018-04-13 00:00:00",0.00000,0.00000,"2019-12-18 14:16:43",0,0,0,4400,0,NULL,"BIFE DE CHORIZO",0.00000,NULL,NULL,1,NULL,Bultos,0.00000,0,120
128,00000436,"CUARTO PISTOLA","2004-05-14 00:00:00",0,1.00000,0.00000,0.00000,0.00000,,0,0,0,"2019-12-18 00:00:00",0.00000,0.00000,0.00000,110,0.00000,0.00000,99,CORTE,204,-387.60000,"2017-06-05 00:00:00",0.00000,0.00000,"2019-12-18 14:16:43",0,0,0,4400,0,,"CUARTO PISTOLA",0.00000,0,0,1,,Bultos,0.00000,0,2
129,00000438,"1/2 RES VACUNA S/DELANTERO","2004-05-14 00:00:00",0,1.00000,0.00000,0.00000,0.00000,,0,0,0,"2019-09-13 00:00:00",0.00000,0.00000,0.00000,110,0.00000,0.00000,99,CORTE,208,-180.20000,"2017-11-10 00:00:00",0.00000,0.00000,"2019-12-18 14:16:43",0,0,0,4800,0,C:/JWIN/JQGestion/Imagenes/Articulos/jpg/00000438.jpg,"1/2 RES VACUNA S/DELANTERO",0.00000,0,0,1,B1,Bultos,0.00000,0,2
130,00000439,"1/2 RES VACUNA S/CUARTO","2004-05-14 00:00:00",0,1.00000,0.00000,0.00000,0.00000,,0,0,0,"2020-02-01 00:00:00",0.00000,0.00000,0.00000,110,0.00000,0.00000,99,CORTE,208,-95.00000,"2015-12-30 00:00:00",0.00000,0.00000,"2019-12-18 14:16:43",0,0,0,4800,0,C:/JWIN/JQGestion/Imagenes/Articulos/jpg/00000439.jpg,"1/2 RES VACUNA S/CUARTO",0.00000,0,0,1,B1,Bultos,0.00000,0,2
131,00000440,COGOTE,"2004-05-14 00:00:00",0,1.00000,0.00000,0.00000,0.00000,,0,0,0,"2018-02-23 00:00:00",0.00000,0.00000,0.00000,1,0.00000,0.00000,0,CORTE,204,0.00000,"2015-10-07 00:00:00",0.00000,0.00000,"2019-12-18 14:16:43",0,0,0,4400,0,NULL,COGOTE,0.00000,NULL,NULL,1,NULL,Bultos,0.00000,0,120
132,00000441,"PATA DE TERNERA COCIDA","2007-04-19 00:00:00",0,1.00000,0.00000,0.00000,0.00000,,0,0,0,"2015-04-22 00:00:00",0.00000,0.00000,0.00000,1,0.00000,0.00000,0,,204,-1.00000,"2015-04-22 00:00:00",0.00000,0.00000,"2019-12-09 15:08:25",0,0,0,4999,0,NULL,"PATA DE TERNERA COCIDA",0.00000,NULL,NULL,1,NULL,Bultos,0.00000,0,120
133,00000442,"PALETA C/HUESO","2007-06-27 00:00:00",0,1.00000,0.00000,0.00000,0.00000,,0,0,0,"2019-08-30 00:00:00",0.00000,0.00000,0.00000,110,0.00000,0.00000,99,,204,-7.10000,"2018-07-04 00:00:00",0.00000,0.00000,"2019-12-18 14:16:43",0,0,0,4400,0,,"PALETA C/HUESO",0.00000,0,0,1,,Bultos,0.00000,0,2
134,00000443,"BIFE C/LOMO","2007-10-17 00:00:00",0,1.00000,0.00000,0.00000,0.00000,,0,0,0,"2013-10-15 00:00:00",0.00000,0.00000,0.00000,1,0.00000,0.00000,0,,204,0.00000,"2013-11-13 00:00:00",0.00000,0.00000,"2019-12-18 14:16:43",0,0,0,4400,0,NULL,"BIFE C/LOMO",0.00000,NULL,NULL,1,NULL,Bultos,0.00000,0,120
135,00000444,"ASADO DE ORILLA","2008-11-25 00:00:00",0,1.00000,0.00000,0.00000,0.00000,,0,0,0,"2019-10-02 00:00:00",0.00000,0.00000,0.00000,1,0.00000,0.00000,0,,204,0.00000,"2013-11-13 00:00:00",0.00000,0.00000,"2019-12-18 14:16:43",0,0,0,4400,0,NULL,"ASADO DE ORILLA",0.00000,NULL,NULL,1,NULL,Bultos,0.00000,0,120
136,00000445,TORTUGUITA,"2009-04-18 00:00:00",0,1.00000,0.00000,0.00000,0.00000,,0,0,0,"2018-06-08 00:00:00",0.00000,0.00000,0.00000,1,0.00000,0.00000,0,,204,0.00000,"2013-11-13 00:00:00",0.00000,0.00000,"2019-12-18 14:16:43",0,0,0,4400,0,NULL,TORTUGUITA,0.00000,NULL,NULL,1,NULL,Bultos,0.00000,0,120
137,00000446,"CARNE VACUNA","2009-07-23 00:00:00",0,1.00000,0.00000,0.00000,0.00000,,0,0,0,"2020-02-10 00:00:00",0.00000,0.00000,0.00000,1,0.00000,0.00000,0,,204,-1430.32000,"2020-02-10 00:00:00",0.00000,0.00000,"2019-12-18 14:14:21",0,0,0,4400,0,NULL,"CARNE VACUNA",0.00000,NULL,NULL,1,NULL,Bultos,0.00000,0,120
138,00000447,"ASADO CONGELADO","2011-08-29 00:00:00",0,1.00000,0.00000,0.00000,0.00000,,0,0,0,"2019-10-03 00:00:00",0.00000,0.00000,0.00000,1,0.00000,0.00000,0,,204,0.00000,"2013-11-13 00:00:00",0.00000,0.00000,"2019-12-18 14:14:21",0,0,0,4400,0,NULL,"ASADO CONGELADO",0.00000,NULL,NULL,1,NULL,Bultos,0.00000,0,120
139,00000448,"VACIO CONGELADO","2011-08-29 00:00:00",0,1.00000,0.00000,0.00000,0.00000,,0,0,0,"2011-08-29 00:00:00",0.00000,0.00000,0.00000,1,0.00000,0.00000,0,,204,0.00000,"2013-11-13 00:00:00",0.00000,0.00000,"2019-12-18 14:14:21",0,0,0,4400,0,NULL,"VACIO CONGELADO",0.00000,NULL,NULL,1,NULL,Bultos,0.00000,0,120
140,00000449,AZOTILLO,"2011-10-17 00:00:00",0,1.00000,0.00000,0.00000,0.00000,,0,0,0,"2013-05-21 00:00:00",0.00000,0.00000,0.00000,1,0.00000,0.00000,0,,204,0.00000,"2013-11-13 00:00:00",0.00000,0.00000,"2019-12-09 15:08:26",0,0,0,4400,0,NULL,AZOTILLO,0.00000,NULL,NULL,1,NULL,Bultos,0.00000,0,120
141,00000501,HIGADO,"1995-02-28 00:00:00",0,1.00000,0.00000,0.00000,0.00000,,0,0,0,"2020-02-11 00:00:00",0.00000,0.00000,0.00000,110,0.00000,0.00000,99,"EN BOLSA",205,-200.40000,"2019-03-21 00:00:00",0.00000,0.00000,"2019-12-18 14:16:43",0,0,0,4500,0,,HIGADO,0.00000,0,0,1,,Bultos,0.00000,0,2
142,00000502,BOFE,"1995-02-28 00:00:00",0,1.00000,0.00000,0.00000,0.00000,,0,0,0,"2020-02-11 00:00:00",0.00000,0.00000,0.00000,110,0.00000,0.00000,99,"EN BOLSA",205,0.00000,"2015-05-08 00:00:00",0.00000,0.00000,"2019-12-18 14:16:43",0,0,0,4500,0,,BOFE,0.00000,0,0,1,,Bultos,0.00000,0,2
143,00000503,"CORAZON      U","1995-02-28 00:00:00",0,1.00000,0.00000,0.00000,0.00000,,0,0,0,"2020-02-11 00:00:00",0.00000,0.00000,0.00000,110,0.00000,0.00000,99,"EN BOLSA",205,-27.70000,"2019-03-21 00:00:00",0.00000,0.00000,"2019-12-18 14:16:43",0,0,0,4500,0,,"CORAZON      U",0.00000,0,0,1,,Bultos,0.00000,0,2
144,00000504,"CUAJO        U","1995-02-28 00:00:00",0,1.00000,0.00000,0.00000,0.00000,,0,0,0,"2020-02-11 00:00:00",0.00000,0.00000,0.00000,110,0.00000,0.00000,99,"EN BOLSA",205,-6.00000,"2016-05-17 00:00:00",0.00000,0.00000,"2019-12-18 14:16:43",0,0,0,4500,0,,"CUAJO        U",0.00000,0,0,1,,Bultos,0.00000,0,2
145,00000505,ENTRA¥A,"1995-02-28 00:00:00",0,1.00000,0.00000,0.00000,0.00000,,0,0,0,"2020-02-11 00:00:00",0.00000,0.00000,0.00000,110,0.00000,0.00000,99,"EN BOLSA",205,-31.39000,"2018-06-22 00:00:00",0.00000,0.00000,"2019-12-18 14:16:43",0,0,0,4500,0,,ENTRA¥A,0.00000,0,0,1,,Bultos,0.00000,0,2
146,00000506,LENGUA,"1995-02-28 00:00:00",0,1.00000,0.00000,0.00000,0.00000,,0,0,0,"2020-02-11 00:00:00",0.00000,0.00000,0.00000,110,0.00000,0.00000,99,"EN BOLSA",205,-75.11000,"2018-07-02 00:00:00",0.00000,0.00000,"2019-12-18 14:16:43",0,0,0,4500,0,,LENGUA,0.00000,0,0,1,,Bultos,0.00000,0,2
147,00000507,RABOS,"1995-02-28 00:00:00",0,1.00000,0.00000,0.00000,0.00000,,0,0,0,"2020-02-11 00:00:00",0.00000,0.00000,0.00000,110,0.00000,0.00000,99,"EN BOLSA",205,-424.85000,"2019-03-21 00:00:00",0.00000,0.00000,"2019-12-18 14:16:43",0,0,0,4500,0,,RABOS,0.00000,0,0,1,,Bultos,0.00000,0,2
148,00000508,"CHINCHULINES K","1995-02-28 00:00:00",0,1.00000,0.00000,0.00000,0.00000,,0,0,0,"2020-02-11 00:00:00",0.00000,0.00000,0.00000,110,0.00000,0.00000,99,"EN BOLSA",205,-70.80000,"2018-07-02 00:00:00",0.00000,0.00000,"2019-12-18 14:16:43",0,0,0,4500,0,,"CHINCHULINES K",0.00000,0,0,1,,Bultos,0.00000,0,2
149,00000509,MONDONGO,"1995-02-28 00:00:00",0,1.00000,0.00000,0.00000,0.00000,,0,0,0,"2020-02-11 00:00:00",0.00000,0.00000,0.00000,110,0.00000,0.00000,99,"EN BOLSA",205,-755.55000,"2018-07-02 00:00:00",0.00000,0.00000,"2019-12-18 14:16:43",0,0,0,4500,0,,MONDONGO,0.00000,0,0,1,,Bultos,0.00000,0,2
150,00000510,"PARRILLADA COMPLETA  U","2000-06-20 00:00:00",0,1.00000,0.00000,0.00000,0.00000,,0,0,0,"2019-11-01 00:00:00",0.00000,0.00000,0.00000,110,0.00000,0.00000,99,"EN BOLSA",205,-53.00000,"2015-12-24 00:00:00",0.00000,0.00000,"2019-12-18 14:16:44",0,0,0,4500,0,,"PARRILLADA COMPLETA  U",0.00000,0,0,1,,Bultos,0.00000,0,2
151,00000511,"QUIJADA      U","1995-02-28 00:00:00",0,1.00000,0.00000,0.00000,0.00000,,0,0,0,"2020-02-11 00:00:00",0.00000,0.00000,0.00000,110,0.00000,0.00000,99,"EN BOLSA",205,-4.00000,"2018-07-04 00:00:00",0.00000,0.00000,"2019-12-18 14:16:44",0,0,0,4500,0,,"QUIJADA      U",0.00000,0,0,1,,Bultos,0.00000,0,2
152,00000512,"RINONES      U","1995-02-28 00:00:00",0,1.00000,0.00000,0.00000,0.00000,,0,0,0,"2020-02-11 00:00:00",0.00000,0.00000,0.00000,110,0.00000,0.00000,99,"EN BOLSA",205,-59.60000,"2018-07-02 00:00:00",0.00000,0.00000,"2019-12-18 14:16:44",0,0,0,4500,0,,"RINONES      U",0.00000,0,0,1,,Bultos,0.00000,0,2
153,00000513,"SESOS        U","1995-02-28 00:00:00",0,1.00000,0.00000,0.00000,0.00000,,0,0,0,"2020-02-11 00:00:00",0.00000,0.00000,0.00000,110,0.00000,0.00000,99,"EN BOLSA",205,-7.80000,"2016-10-06 00:00:00",0.00000,0.00000,"2019-12-18 14:16:44",0,0,0,4500,0,,"SESOS        U",0.00000,0,0,1,,Bultos,0.00000,0,2
154,00000514,"TRIPA GORDA","1995-02-28 00:00:00",0,1.00000,0.00000,0.00000,0.00000,,0,0,0,"2020-02-11 00:00:00",0.00000,0.00000,0.00000,110,0.00000,0.00000,99,"EN BOLSA",205,-36.50000,"2017-09-08 00:00:00",0.00000,0.00000,"2019-12-18 14:16:44",0,0,0,4500,0,,"TRIPA GORDA",0.00000,0,0,1,,Bultos,0.00000,0,2
155,00000515,"MOLLEJA      K","1995-02-28 00:00:00",0,1.00000,0.00000,0.00000,0.00000,,0,0,0,"2020-02-11 00:00:00",0.00000,0.00000,0.00000,110,0.00000,0.00000,99,"EN BOLSA",205,-36.40000,"2019-03-21 00:00:00",0.00000,0.00000,"2019-12-18 14:16:44",0,0,0,4500,0,,"MOLLEJA      K",0.00000,0,0,1,,Bultos,0.00000,0,2
156,00000516,"TENDON       K","1995-02-28 00:00:00",0,1.00000,0.00000,0.00000,0.00000,,0,0,0,"2020-02-11 00:00:00",0.00000,0.00000,0.00000,110,0.00000,0.00000,99,"EN BOLSA",205,-5.60000,"2018-07-04 00:00:00",0.00000,0.00000,"2019-12-18 14:16:44",0,0,0,4500,0,,"TENDON       K",0.00000,0,0,1,,Bultos,0.00000,0,2
157,00000517,"UBRE         K","1997-03-12 00:00:00",0,1.00000,0.00000,0.00000,0.00000,,0,0,0,"2020-02-10 00:00:00",0.00000,0.00000,0.00000,110,0.00000,0.00000,99,"EN BOLSA",205,0.00000,"2013-11-13 00:00:00",0.00000,0.00000,"2019-12-18 14:16:44",0,0,0,4500,0,,"UBRE         K",0.00000,0,0,1,,Bultos,0.00000,0,2
158,00000518,"GRASA VACUNA","2000-08-23 00:00:00",0,1.00000,0.00000,0.00000,0.00000,,0,0,0,"2020-02-11 00:00:00",0.00000,0.00000,0.00000,110,0.00000,0.00000,99,CORTE,205,-30.60000,"2017-06-19 00:00:00",0.00000,0.00000,"2019-12-18 14:16:44",0,0,0,4500,0,,"GRASA VACUNA",0.00000,0,0,1,,Bultos,0.00000,0,2
159,00000519,"RI¥ONES X KG.","2010-11-19 00:00:00",0,1.00000,0.00000,0.00000,0.00000,,0,0,0,"2018-11-29 00:00:00",0.00000,0.00000,0.00000,1,0.00000,0.00000,0,,205,-6.00000,"2016-04-08 00:00:00",0.00000,0.00000,"2019-12-18 14:16:44",0,0,0,4500,0,NULL,"RI¥ONES X KG.",0.00000,NULL,NULL,1,NULL,Bultos,0.00000,0,120
160,00000520,"BOLSAS DE MENUDENCIA","2011-03-31 00:00:00",0,1.00000,0.00000,0.00000,0.00000,,0,0,0,"2017-06-08 00:00:00",0.00000,0.00000,0.00000,1,0.00000,0.00000,0,,205,528.50000,"2017-06-08 00:00:00",0.00000,0.00000,"2019-12-09 15:08:27",0,0,0,4800,0,NULL,"BOLSAS DE MENUDENCIA",0.00000,NULL,NULL,1,NULL,Bultos,0.00000,0,120
161,00000600,"PERCEPCION CUEROS","2003-10-20 00:00:00",0,1.00000,0.00000,0.00000,0.00000,,0,0,0,"2006-07-01 00:00:00",0.00000,0.00000,0.00000,1,0.00000,0.00000,0,,4,0.00000,"2013-09-25 00:00:00",0.00000,0.00000,"2019-12-09 15:08:27",0,0,0,4999,0,NULL,"PERCEPCION CUEROS",0.00000,NULL,NULL,1,NULL,Bultos,0.00000,0,120
162,00000601,"SERVICIO DE FAENA","2003-10-31 00:00:00",0,1.00000,0.00000,0.00000,0.00000,,0,0,0,"2018-08-18 00:00:00",0.00000,0.00000,0.00000,1,0.00000,0.00000,0,,1,-66149.00000,"2017-09-29 00:00:00",0.00000,0.00000,"2019-12-09 15:08:27",0,0,0,4999,0,NULL,"SERVICIO DE FAENA",0.00000,NULL,NULL,1,NULL,Bultos,0.00000,0,120
163,00000700,"PRECIO BONIFICADO CARNE","2005-03-03 00:00:00",0,1.00000,0.00000,0.00000,0.00000,,0,0,0,"2015-10-15 00:00:00",0.00000,0.00000,0.00000,1,0.00000,0.00000,0,,211,-21.00000,"2015-10-15 00:00:00",0.00000,0.00000,"2019-12-09 15:08:27",0,0,0,4950,0,NULL,"PRECIO BONIFICADO CARNE",0.00000,NULL,NULL,1,NULL,Bultos,0.00000,0,120
164,00000750,"PRECIO BONIFICADO CERDO","2011-12-15 00:00:00",0,1.00000,0.00000,0.00000,0.00000,,0,0,0,"2015-11-19 00:00:00",0.00000,0.00000,0.00000,1,0.00000,0.00000,0,,1,-1.00000,"2015-11-19 00:00:00",0.00000,0.00000,"2019-12-09 15:08:27",0,0,0,4925,0,NULL,"PRECIO BONIFICADO CERDO",0.00000,NULL,NULL,1,NULL,Bultos,0.00000,0,120
165,00000800,"PRECIO BONIFICADO FIAMBRE","2004-08-09 00:00:00",0,1.00000,0.00000,0.00000,0.00000,,0,0,0,"2014-10-16 00:00:00",0.00000,0.00000,0.00000,1,0.00000,0.00000,0,,210,-2.60000,"2014-10-16 00:00:00",0.00000,0.00000,"2019-12-09 15:08:27",0,0,0,4900,0,NULL,"PRECIO BONIFICADO FIAMBRE",0.00000,NULL,NULL,1,NULL,Bultos,0.00000,0,120
166,00000850,"HAMBURGUESA BARRA","2004-12-01 00:00:00",0,1.00000,0.00000,0.00000,0.00000,,0,0,0,"2018-10-11 00:00:00",0.00000,0.00000,0.00000,1,0.00000,0.00000,0,,204,0.00000,"2013-11-13 00:00:00",0.00000,0.00000,"2019-12-18 14:08:05",0,0,0,4400,0,NULL,"HAMBURGUESA BARRA",0.00000,NULL,NULL,1,NULL,Bultos,0.00000,0,120
167,00005000,"JAMON COCIDO MITY","2012-09-06 00:00:00",0,1.00000,0.00000,0.00000,0.00000,,0,0,0,"2012-09-06 00:00:00",0.00000,0.00000,0.00000,1,0.00000,0.00000,99,,202,0.00000,"2013-09-25 00:00:00",0.00000,0.00000,"2019-12-09 15:08:27",0,0,0,4902,0,,"JAMON COCIDO MITY",0.00000,0,0,1,,Bultos,0.00000,0,2
168,00005001,"MORTADELA FAMILIAR MITY","2012-09-06 00:00:00",0,1.00000,0.00000,0.00000,0.00000,,0,0,0,"2015-12-11 00:00:00",0.00000,0.00000,0.00000,1,0.00000,0.00000,99,,202,-8.20000,"2015-12-11 00:00:00",0.00000,0.00000,"2019-12-09 15:08:27",0,0,0,4902,0,,"MORTADELA FAMILIAR MITY",0.00000,0,0,1,,Bultos,0.00000,0,2
169,00005002,"SALCHICHON PRIMAVERA MITY","2012-09-06 00:00:00",0,1.00000,0.00000,0.00000,0.00000,,0,0,0,"2013-06-18 00:00:00",0.00000,0.00000,0.00000,1,0.00000,0.00000,0,,1,0.00000,"2013-09-25 00:00:00",0.00000,0.00000,"2019-12-09 15:08:27",0,0,0,4902,0,NULL,"SALCHICHON PRIMAVERA MITY",0.00000,NULL,NULL,1,NULL,Bultos,0.00000,0,120
170,00005003,"SALCHICHON CON JAMON MITY","2012-09-06 00:00:00",0,1.00000,0.00000,0.00000,0.00000,,0,0,0,"2013-06-18 00:00:00",0.00000,0.00000,0.00000,1,0.00000,0.00000,0,,1,0.00000,"2013-09-25 00:00:00",0.00000,0.00000,"2019-12-09 15:08:27",0,0,0,4902,0,NULL,"SALCHICHON CON JAMON MITY",0.00000,NULL,NULL,1,NULL,Bultos,0.00000,0,120
171,00005004,"QUESO DE CERDO MITY","2012-09-06 00:00:00",0,1.00000,0.00000,0.00000,0.00000,,0,0,0,"2013-08-07 00:00:00",0.00000,0.00000,0.00000,1,0.00000,0.00000,0,,1,0.00000,"2013-09-25 00:00:00",0.00000,0.00000,"2019-12-09 15:08:27",0,0,0,4902,0,NULL,"QUESO DE CERDO MITY",0.00000,NULL,NULL,1,NULL,Bultos,0.00000,0,120
172,00005005,"MORCILLON CON LENGUA MITY","2012-09-06 00:00:00",0,1.00000,0.00000,0.00000,0.00000,,0,0,0,"2015-04-09 00:00:00",0.00000,0.00000,0.00000,1,0.00000,0.00000,0,,1,-1.00000,"2015-04-09 00:00:00",0.00000,0.00000,"2019-12-09 15:08:27",0,0,0,4902,0,NULL,"MORCILLON CON LENGUA MITY",0.00000,NULL,NULL,1,NULL,Bultos,0.00000,0,120
173,00005006,"PANCETA SALADA MITY","2012-09-06 00:00:00",0,1.00000,0.00000,0.00000,0.00000,,0,0,0,"2012-11-06 00:00:00",0.00000,0.00000,0.00000,1,0.00000,0.00000,0,,1,0.00000,"2013-09-25 00:00:00",0.00000,0.00000,"2019-12-09 15:08:27",0,0,0,4902,0,NULL,"PANCETA SALADA MITY",0.00000,NULL,NULL,1,NULL,Bultos,0.00000,0,120
174,00005007,"PANCETA AHUMADA MITY","2012-09-06 00:00:00",0,1.00000,0.00000,0.00000,0.00000,,0,0,0,"2012-09-06 00:00:00",0.00000,0.00000,0.00000,1,0.00000,0.00000,0,,1,0.00000,"2013-09-25 00:00:00",0.00000,0.00000,"2019-12-09 15:08:27",0,0,0,4902,0,NULL,"PANCETA AHUMADA MITY",0.00000,NULL,NULL,1,NULL,Bultos,0.00000,0,120
175,00005008,"SALAME MILAN MITY","2012-09-06 00:00:00",0,1.00000,0.00000,0.00000,0.00000,,0,0,0,"2013-08-07 00:00:00",0.00000,0.00000,0.00000,1,0.00000,0.00000,0,,1,0.00000,"2013-09-25 00:00:00",0.00000,0.00000,"2019-12-09 15:08:27",0,0,0,4902,0,NULL,"SALAME MILAN MITY",0.00000,NULL,NULL,1,NULL,Bultos,0.00000,0,120
176,00005009,"CANTIMPALO MITY","2012-09-06 00:00:00",0,1.00000,0.00000,0.00000,0.00000,,0,0,0,"2013-03-13 00:00:00",0.00000,0.00000,0.00000,1,0.00000,0.00000,0,,1,0.00000,"2013-09-25 00:00:00",0.00000,0.00000,"2019-12-09 15:08:27",0,0,0,4902,0,NULL,"CANTIMPALO MITY",0.00000,NULL,NULL,1,NULL,Bultos,0.00000,0,120
177,00005010,"LONGANIZA CALABREZA MITY","2012-09-06 00:00:00",0,1.00000,0.00000,0.00000,0.00000,,0,0,0,"2012-11-16 00:00:00",0.00000,0.00000,0.00000,1,0.00000,0.00000,0,,1,0.00000,"2013-09-25 00:00:00",0.00000,0.00000,"2019-12-09 15:08:28",0,0,0,4902,0,NULL,"LONGANIZA CALABREZA MITY",0.00000,NULL,NULL,1,NULL,Bultos,0.00000,0,120
178,00005011,"SALAMIN PICADO FINO MITY","2012-09-06 00:00:00",0,1.00000,0.00000,0.00000,0.00000,,0,0,0,"2013-11-08 00:00:00",0.00000,0.00000,0.00000,1,0.00000,0.00000,0,,1,0.00000,"2013-09-25 00:00:00",0.00000,0.00000,"2019-12-18 14:14:22",0,0,0,4902,0,NULL,"SALAMIN PICADO FINO MITY",0.00000,NULL,NULL,1,NULL,Bultos,0.00000,0,120
179,00005012,"SALAMIN PICADO GRUESO MITY","2012-09-06 00:00:00",0,1.00000,0.00000,0.00000,0.00000,,0,0,0,"2013-11-08 00:00:00",0.00000,0.00000,0.00000,1,0.00000,0.00000,0,,1,0.00000,"2013-09-25 00:00:00",0.00000,0.00000,"2019-12-18 14:14:22",0,0,0,4902,0,NULL,"SALAMIN PICADO GRUESO MITY",0.00000,NULL,NULL,1,NULL,Bultos,0.00000,0,120
180,00005013,"SALAMIN TIPO CASERO MITY","2012-09-06 00:00:00",0,1.00000,0.00000,0.00000,0.00000,,0,0,0,"2016-04-28 00:00:00",0.00000,0.00000,0.00000,1,0.00000,0.00000,0,,1,-47.40000,"2016-04-28 00:00:00",0.00000,0.00000,"2019-12-18 14:14:22",0,0,0,4902,0,NULL,"SALAMIN TIPO CASERO MITY",0.00000,NULL,NULL,1,NULL,Bultos,0.00000,0,120
181,00005014,"PALETA SANDWICHERA 303","2012-09-06 00:00:00",0,1.00000,0.00000,0.00000,0.00000,,0,0,0,"2013-01-16 00:00:00",0.00000,0.00000,0.00000,1,0.00000,0.00000,0,,1,0.00000,"2013-09-25 00:00:00",0.00000,0.00000,"2019-12-09 15:08:28",0,0,0,4902,0,NULL,"PALETA SANDWICHERA 303",0.00000,NULL,NULL,1,NULL,Bultos,0.00000,0,120
182,00005015,"SALAMIN BASTON","2012-09-06 00:00:00",0,1.00000,0.00000,0.00000,0.00000,,0,0,0,"2012-09-06 00:00:00",0.00000,0.00000,0.00000,1,0.00000,0.00000,0,,1,0.00000,"2013-09-25 00:00:00",0.00000,0.00000,"2019-12-18 14:14:22",0,0,0,4902,0,NULL,"SALAMIN BASTON",0.00000,NULL,NULL,1,NULL,Bultos,0.00000,0,120
183,00005016,"PERNIL DE CERDO MITY","2012-09-11 00:00:00",0,1.00000,0.00000,0.00000,0.00000,,0,0,0,"2017-05-17 00:00:00",0.00000,0.00000,0.00000,1,0.00000,0.00000,0,,1,-13.60000,"2017-05-17 00:00:00",0.00000,0.00000,"2019-12-09 15:08:28",0,0,0,4902,0,NULL,"PERNIL DE CERDO MITY",0.00000,NULL,NULL,1,NULL,Bultos,0.00000,0,120
184,00005017,"MORTADELA CA¥ON MITY","2012-09-11 00:00:00",0,1.00000,0.00000,0.00000,0.00000,,0,0,0,"2015-03-27 00:00:00",0.00000,0.00000,0.00000,1,0.00000,0.00000,0,,1,-4.09000,"2015-03-27 00:00:00",0.00000,0.00000,"2019-12-09 15:08:28",0,0,0,4902,0,NULL,"MORTADELA CA¥ON MITY",0.00000,NULL,NULL,1,NULL,Bultos,0.00000,0,120
185,00005018,"LEBER WURST MITY","2012-09-11 00:00:00",0,1.00000,0.00000,0.00000,0.00000,,0,0,0,"2012-09-11 00:00:00",0.00000,0.00000,0.00000,1,0.00000,0.00000,0,,1,0.00000,"2013-09-25 00:00:00",0.00000,0.00000,"2019-12-09 15:08:28",0,0,0,4902,0,NULL,"LEBER WURST MITY",0.00000,NULL,NULL,1,NULL,Bultos,0.00000,0,120
186,00005019,"SALCHICHA DE VIENA MITY","2012-09-11 00:00:00",0,1.00000,0.00000,0.00000,0.00000,,0,0,0,"2015-08-21 00:00:00",0.00000,0.00000,0.00000,1,0.00000,0.00000,0,,1,-7.00000,"2015-08-21 00:00:00",0.00000,0.00000,"2019-12-09 15:08:28",0,0,0,4902,0,NULL,"SALCHICHA DE VIENA MITY",0.00000,NULL,NULL,1,NULL,Bultos,0.00000,0,120
187,00005020,"NAKUS MITY","2012-09-11 00:00:00",0,1.00000,0.00000,0.00000,0.00000,,0,0,0,"2012-09-11 00:00:00",0.00000,0.00000,0.00000,1,0.00000,0.00000,0,,1,0.00000,"2013-09-25 00:00:00",0.00000,0.00000,"2019-12-09 15:08:28",0,0,0,4902,0,NULL,"NAKUS MITY",0.00000,NULL,NULL,1,NULL,Bultos,0.00000,0,120
188,00005021,"HAMBURGUESA * 4 MITY","2012-09-11 00:00:00",0,1.00000,0.00000,0.00000,0.00000,,0,0,0,"2012-09-11 00:00:00",0.00000,0.00000,0.00000,1,0.00000,0.00000,0,,1,0.00000,"2013-09-25 00:00:00",0.00000,0.00000,"2019-12-09 15:08:28",0,0,0,4902,0,NULL,"HAMBURGUESA * 4 MITY",0.00000,NULL,NULL,1,NULL,Bultos,0.00000,0,120
189,00005022,"HAMBURGUESA * Kg MITY","2012-09-11 00:00:00",0,1.00000,0.00000,0.00000,0.00000,,0,0,0,"2012-09-11 00:00:00",0.00000,0.00000,0.00000,1,0.00000,0.00000,0,,1,0.00000,"2013-09-25 00:00:00",0.00000,0.00000,"2019-12-09 15:08:28",0,0,0,4902,0,NULL,"HAMBURGUESA * Kg MITY",0.00000,NULL,NULL,1,NULL,Bultos,0.00000,0,120
190,00005023,"LONGANIZA ESPA¥OLA MITY","2012-09-11 00:00:00",0,1.00000,0.00000,0.00000,0.00000,,0,0,0,"2020-01-04 00:00:00",0.00000,0.00000,0.00000,1,0.00000,0.00000,0,,1,0.00000,"2013-09-25 00:00:00",0.00000,0.00000,"2019-12-09 15:08:28",0,0,0,4902,0,NULL,"LONGANIZA ESPA¥OLA MITY",0.00000,NULL,NULL,1,NULL,Bultos,0.00000,0,120
191,00005024,"RIOJANITOS MITY","2012-09-11 00:00:00",0,1.00000,0.00000,0.00000,0.00000,,0,0,0,"2012-09-11 00:00:00",0.00000,0.00000,0.00000,1,0.00000,0.00000,0,,1,0.00000,"2013-09-25 00:00:00",0.00000,0.00000,"2019-12-09 15:08:28",0,0,0,4902,0,NULL,"RIOJANITOS MITY",0.00000,NULL,NULL,1,NULL,Bultos,0.00000,0,120
192,00005025,"BONDIOLA MITY","2012-09-11 00:00:00",0,1.00000,0.00000,0.00000,0.00000,,0,0,0,"2012-09-11 00:00:00",0.00000,0.00000,0.00000,1,0.00000,0.00000,0,,1,0.00000,"2013-09-25 00:00:00",0.00000,0.00000,"2019-12-09 15:08:28",0,0,0,4902,0,NULL,"BONDIOLA MITY",0.00000,NULL,NULL,1,NULL,Bultos,0.00000,0,120
193,00005026,"JAMON CON HUESO MITY","2012-09-11 00:00:00",0,1.00000,0.00000,0.00000,0.00000,,0,0,0,"2012-09-11 00:00:00",0.00000,0.00000,0.00000,1,0.00000,0.00000,0,,1,0.00000,"2013-09-25 00:00:00",0.00000,0.00000,"2019-12-09 15:08:28",0,0,0,4902,0,NULL,"JAMON CON HUESO MITY",0.00000,NULL,NULL,1,NULL,Bultos,0.00000,0,120
194,00005027,"JAMON LISTO MAQUINA MITY","2012-09-11 00:00:00",0,1.00000,0.00000,0.00000,0.00000,,0,0,0,"2012-09-11 00:00:00",0.00000,0.00000,0.00000,1,0.00000,0.00000,0,,1,0.00000,"2013-09-25 00:00:00",0.00000,0.00000,"2019-12-09 15:08:28",0,0,0,4902,0,NULL,"JAMON LISTO MAQUINA MITY",0.00000,NULL,NULL,1,NULL,Bultos,0.00000,0,120
195,00005028,"LOMITO AHUMADO MITY","2012-09-11 00:00:00",0,1.00000,0.00000,0.00000,0.00000,,0,0,0,"2012-09-11 00:00:00",0.00000,0.00000,0.00000,1,0.00000,0.00000,0,,1,0.00000,"2013-09-25 00:00:00",0.00000,0.00000,"2019-12-09 15:08:28",0,0,0,4902,0,NULL,"LOMITO AHUMADO MITY",0.00000,NULL,NULL,1,NULL,Bultos,0.00000,0,120
196,00005029,"SALAMIN PIC.GRUESO EST.CAMPO MITY","2012-09-11 00:00:00",0,1.00000,0.00000,0.00000,0.00000,,0,0,0,"2015-11-19 00:00:00",0.00000,0.00000,0.00000,1,0.00000,0.00000,0,,1,-4.70000,"2015-11-19 00:00:00",0.00000,0.00000,"2019-12-18 14:14:22",0,0,0,4902,0,NULL,"SALAMIN PIC.GRUESO EST.CAMPO MITY",0.00000,NULL,NULL,1,NULL,Bultos,0.00000,0,120
197,00005030,"LONGANIZA NAPOLITANA MITY","2012-09-11 00:00:00",0,1.00000,0.00000,0.00000,0.00000,,0,0,0,"2012-09-11 00:00:00",0.00000,0.00000,0.00000,1,0.00000,0.00000,0,,1,0.00000,"2013-09-25 00:00:00",0.00000,0.00000,"2019-12-09 15:08:29",0,0,0,4902,0,NULL,"LONGANIZA NAPOLITANA MITY",0.00000,NULL,NULL,1,NULL,Bultos,0.00000,0,120
198,00009001,"LONGANIZA ESPA¥OLA MITY X KG","2010-07-16 00:00:00",0,1.00000,0.00000,0.00000,0.00000,,0,0,0,"2013-11-13 00:00:00",0.00000,0.00000,0.00000,1,0.00000,0.00000,0,,1,0.00000,"2013-09-25 00:00:00",0.00000,0.00000,"2019-12-09 15:08:29",0,0,0,4901,0,NULL,"LONGANIZA ESPA¥OLA MITY X KG",0.00000,NULL,NULL,1,NULL,Bultos,0.00000,0,120
199,00009002,"RIOJANITOS MITY X KG","2010-07-16 00:00:00",0,1.00000,0.00000,0.00000,0.00000,,0,0,0,"2013-10-26 00:00:00",0.00000,0.00000,0.00000,1,0.00000,0.00000,0,,1,0.00000,"2013-09-25 00:00:00",0.00000,0.00000,"2019-12-09 15:08:29",0,0,0,4901,0,NULL,"RIOJANITOS MITY X KG",0.00000,NULL,NULL,1,NULL,Bultos,0.00000,0,120
200,00009003,"PANCETA SALADA MITY X KG","2010-07-16 00:00:00",0,1.00000,0.00000,0.00000,0.00000,,0,0,0,"2013-09-21 00:00:00",0.00000,0.00000,0.00000,1,0.00000,0.00000,0,,1,0.00000,"2013-09-25 00:00:00",0.00000,0.00000,"2019-12-09 15:08:29",0,0,0,4901,0,NULL,"PANCETA SALADA MITY X KG",0.00000,NULL,NULL,1,NULL,Bultos,0.00000,0,120
201,00009004,"LONGANIZA NAPOLITANA MITY X KG","2010-07-16 00:00:00",0,1.00000,0.00000,0.00000,0.00000,,0,0,0,"2013-01-14 00:00:00",0.00000,0.00000,0.00000,1,0.00000,0.00000,0,,1,0.00000,"2013-09-25 00:00:00",0.00000,0.00000,"2019-12-09 15:08:29",0,0,0,4901,0,NULL,"LONGANIZA NAPOLITANA MITY X KG",0.00000,NULL,NULL,1,NULL,Bultos,0.00000,0,120
202,00009005,"LONGANIZA CALABRESA MITY X KG","2010-07-16 00:00:00",0,1.00000,0.00000,0.00000,0.00000,,0,0,0,"2013-01-14 00:00:00",0.00000,0.00000,0.00000,1,0.00000,0.00000,0,,1,0.00000,"2013-09-25 00:00:00",0.00000,0.00000,"2019-12-09 15:08:29",0,0,0,4901,0,NULL,"LONGANIZA CALABRESA MITY X KG",0.00000,NULL,NULL,1,NULL,Bultos,0.00000,0,120
203,00009006,"QUESO DE CERDO MITY X KG","2010-07-16 00:00:00",0,1.00000,0.00000,0.00000,0.00000,,0,0,0,"2013-10-22 00:00:00",0.00000,0.00000,0.00000,1,0.00000,0.00000,0,,1,0.00000,"2013-09-25 00:00:00",0.00000,0.00000,"2019-12-09 15:08:29",0,0,0,4901,0,NULL,"QUESO DE CERDO MITY X KG",0.00000,NULL,NULL,1,NULL,Bultos,0.00000,0,120
204,00009007,"JAMON CRUDO LISTO MITY X KG","2010-07-16 00:00:00",0,1.00000,0.00000,0.00000,0.00000,,0,0,0,"2015-12-11 00:00:00",0.00000,0.00000,0.00000,1,0.00000,0.00000,0,,1,-5.20000,"2015-12-11 00:00:00",0.00000,0.00000,"2019-12-09 15:08:29",0,0,0,4901,0,NULL,"JAMON CRUDO LISTO MITY X KG",0.00000,NULL,NULL,1,NULL,Bultos,0.00000,0,120
205,00009008,"PALETA COCIDA MITY X KG","2010-07-16 00:00:00",0,1.00000,0.00000,0.00000,0.00000,,0,0,0,"2017-01-14 00:00:00",0.00000,0.00000,0.00000,1,0.00000,0.00000,0,,1,-40.50000,"2017-01-14 00:00:00",0.00000,0.00000,"2019-12-09 15:08:29",0,0,0,4901,0,NULL,"PALETA COCIDA MITY X KG",0.00000,NULL,NULL,1,NULL,Bultos,0.00000,0,120
206,00009009,"MORTADELA MITY X KG","2010-07-16 00:00:00",0,1.00000,0.00000,0.00000,0.00000,,0,0,0,"2013-10-09 00:00:00",0.00000,0.00000,0.00000,1,0.00000,0.00000,0,,1,0.00000,"2013-09-25 00:00:00",0.00000,0.00000,"2019-12-09 15:08:29",0,0,0,4901,0,NULL,"MORTADELA MITY X KG",0.00000,NULL,NULL,1,NULL,Bultos,0.00000,0,120
207,00009010,"SALAMIN PICADO GRUESO MITY X KG","2010-07-16 00:00:00",0,1.00000,0.00000,0.00000,0.00000,,0,0,0,"2013-10-26 00:00:00",0.00000,0.00000,0.00000,1,0.00000,0.00000,0,,1,0.00000,"2013-09-25 00:00:00",0.00000,0.00000,"2019-12-18 14:14:22",0,0,0,4901,0,NULL,"SALAMIN PICADO GRUESO MITY X KG",0.00000,NULL,NULL,1,NULL,Bultos,0.00000,0,120
208,00009011,"SALAMIN PICADO FINO MITY X KG","2010-07-16 00:00:00",0,1.00000,0.00000,0.00000,0.00000,,0,0,0,"2013-11-13 00:00:00",0.00000,0.00000,0.00000,1,0.00000,0.00000,0,,1,0.00000,"2013-09-25 00:00:00",0.00000,0.00000,"2019-12-18 14:14:22",0,0,0,4901,0,NULL,"SALAMIN PICADO FINO MITY X KG",0.00000,NULL,NULL,1,NULL,Bultos,0.00000,0,120
209,00559000,"CHORIZO ESPECIAL","2002-09-09 00:00:00",0,1.00000,0.00000,0.00000,0.00000,,0,0,0,"2017-08-07 00:00:00",0.00000,0.00000,0.00000,1,0.00000,0.00000,0,,1,-86.22000,"2017-08-07 00:00:00",0.00000,0.00000,"2019-12-18 14:16:44",0,0,0,4999,0,NULL,"CHORIZO ESPECIAL",0.00000,NULL,NULL,1,NULL,Bultos,0.00000,0,120
210,00559078,"CHORIZO COMUN","2002-09-09 00:00:00",0,1.00000,0.00000,0.00000,0.00000,,0,0,0,"2017-08-04 00:00:00",0.00000,0.00000,0.00000,110,0.00000,0.00000,99,,1,-120.97000,"2017-08-04 00:00:00",0.00000,0.00000,"2019-12-18 14:16:44",0,0,0,4999,0,,"CHORIZO COMUN",0.00000,0,0,1,,Bultos,0.00000,0,2
211,00559104,"SALCHICHA CRIOLLA","2002-09-09 00:00:00",0,1.00000,0.00000,0.00000,0.00000,,0,0,0,"2015-01-29 00:00:00",0.00000,0.00000,0.00000,1,0.00000,0.00000,0,,1,-1.17000,"2015-01-29 00:00:00",0.00000,0.00000,"2019-12-18 14:16:44",0,0,0,4999,0,NULL,"SALCHICHA CRIOLLA",0.00000,NULL,NULL,1,NULL,Bultos,0.00000,0,120
212,00559195,"MORCILLA CON NUEZ","2002-09-09 00:00:00",0,1.00000,0.00000,0.00000,0.00000,,0,0,0,"2014-10-25 00:00:00",0.00000,0.00000,0.00000,1,0.00000,0.00000,0,,1,-0.55000,"2014-10-25 00:00:00",0.00000,0.00000,"2019-12-18 14:16:44",0,0,0,4999,0,NULL,"MORCILLA CON NUEZ",0.00000,NULL,NULL,1,NULL,Bultos,0.00000,0,120
213,00559208,"MORCILLA VASCA","2002-09-09 00:00:00",0,1.00000,0.00000,0.00000,0.00000,,0,0,0,"2013-02-19 00:00:00",0.00000,0.00000,0.00000,1,0.00000,0.00000,0,,1,0.00000,"2013-09-25 00:00:00",0.00000,0.00000,"2019-12-18 14:16:44",0,0,0,4999,0,NULL,"MORCILLA VASCA",0.00000,NULL,NULL,1,NULL,Bultos,0.00000,0,120
214,00559260,"CHORIZO CON JAMON","2002-09-09 00:00:00",0,1.00000,0.00000,0.00000,0.00000,,0,0,0,"2002-12-10 00:00:00",0.00000,0.00000,0.00000,1,0.00000,0.00000,0,,1,0.00000,"2013-09-25 00:00:00",0.00000,0.00000,"2019-12-18 14:16:44",0,0,0,4999,0,NULL,"CHORIZO CON JAMON",0.00000,NULL,NULL,1,NULL,Bultos,0.00000,0,120
215,00559273,"CHORIZO PARMESANO","2002-09-09 00:00:00",0,1.00000,0.00000,0.00000,0.00000,,0,0,0,"2017-12-02 00:00:00",0.00000,0.00000,0.00000,1,0.00000,0.00000,0,,1,-32.26000,"2017-12-02 00:00:00",0.00000,0.00000,"2019-12-18 14:16:44",0,0,0,4999,0,NULL,"CHORIZO PARMESANO",0.00000,NULL,NULL,1,NULL,Bultos,0.00000,0,120
216,00559286,"BIFE DE CERDO","2002-09-09 00:00:00",0,1.00000,0.00000,0.00000,0.00000,,0,0,0,"2016-07-11 00:00:00",0.00000,0.00000,0.00000,1,0.00000,0.00000,0,,1,-8.20000,"2016-07-11 00:00:00",0.00000,0.00000,"2019-12-18 14:16:44",0,0,0,4999,0,NULL,"BIFE DE CERDO",0.00000,NULL,NULL,1,NULL,Bultos,0.00000,0,120
217,00559299,"PECHITO DE CERDO","2002-09-09 00:00:00",0,1.00000,0.00000,0.00000,0.00000,,0,0,0,"2015-06-05 00:00:00",0.00000,0.00000,0.00000,1,0.00000,0.00000,0,,1,-4.50000,"2015-06-05 00:00:00",0.00000,0.00000,"2019-12-18 14:16:44",0,0,0,4999,0,NULL,"PECHITO DE CERDO",0.00000,NULL,NULL,1,NULL,Bultos,0.00000,0,120
218,00559338,PATAS,"2002-09-09 00:00:00",0,1.00000,0.00000,0.00000,0.00000,,0,0,0,"2013-04-15 00:00:00",0.00000,0.00000,0.00000,1,0.00000,0.00000,0,,1,0.00000,"2013-09-25 00:00:00",0.00000,0.00000,"2019-12-18 14:16:45",0,0,0,4999,0,NULL,PATAS,0.00000,NULL,NULL,1,NULL,Bultos,0.00000,0,120
219,00559429,HUESOS,"2002-09-09 00:00:00",0,1.00000,0.00000,0.00000,0.00000,,0,0,0,"2013-10-28 00:00:00",0.00000,0.00000,0.00000,1,0.00000,0.00000,0,,1,0.00000,"2013-09-25 00:00:00",0.00000,0.00000,"2019-12-18 14:16:45",0,0,0,4999,0,NULL,HUESOS,0.00000,NULL,NULL,1,NULL,Bultos,0.00000,0,120
220,00559442,CUEROS,"2002-09-09 00:00:00",0,1.00000,0.00000,0.00000,0.00000,,0,0,0,"2005-09-17 00:00:00",0.00000,0.00000,0.00000,1,0.00000,0.00000,0,,1,0.00000,"2013-09-25 00:00:00",0.00000,0.00000,"2019-12-18 14:16:45",0,0,0,4999,0,NULL,CUEROS,0.00000,NULL,NULL,1,NULL,Bultos,0.00000,0,120
221,00559468,MATAMBRITOS,"2002-09-09 00:00:00",0,1.00000,0.00000,0.00000,0.00000,,0,0,0,"2016-08-20 00:00:00",0.00000,0.00000,0.00000,1,0.00000,0.00000,0,,1,-1.60000,"2016-08-20 00:00:00",0.00000,0.00000,"2019-12-18 14:16:45",0,0,0,4999,0,NULL,MATAMBRITOS,0.00000,NULL,NULL,1,NULL,Bultos,0.00000,0,120
222,00562796,"OREJAS DE CERDO","2002-09-09 00:00:00",0,1.00000,0.00000,0.00000,0.00000,,0,0,0,"2002-09-09 00:00:00",0.00000,0.00000,0.00000,1,0.00000,0.00000,0,,1,0.00000,"2013-09-25 00:00:00",0.00000,0.00000,"2019-12-18 14:16:45",0,0,0,4999,0,NULL,"OREJAS DE CERDO",0.00000,NULL,NULL,1,NULL,Bultos,0.00000,0,120
223,00562809,LECHON,"2002-09-09 00:00:00",0,1.00000,0.00000,0.00000,0.00000,,0,0,0,"2014-05-09 00:00:00",0.00000,0.00000,0.00000,1,0.00000,0.00000,0,,1,0.00000,"2014-05-09 00:00:00",0.00000,0.00000,"2019-12-09 15:08:30",0,0,0,4999,0,NULL,LECHON,0.00000,NULL,NULL,1,NULL,Bultos,0.00000,0,120
224,00562822,CORDERO,"2002-09-09 00:00:00",0,1.00000,0.00000,0.00000,0.00000,,0,0,0,"2014-09-05 00:00:00",0.00000,0.00000,0.00000,1,0.00000,0.00000,0,,3,0.00000,"2014-09-05 00:00:00",0.00000,0.00000,"2019-12-18 14:16:45",0,0,0,4999,0,NULL,CORDERO,0.00000,NULL,NULL,1,NULL,Bultos,0.00000,0,120
225,"00000273       ","PRODUCTO ELABORADO","2014-03-27 00:00:00",0,1.00000,0.00000,NULL,NULL,NULL,NULL,NULL,NULL,"2014-03-27 00:00:00",0.00000,NULL,NULL,1,NULL,NULL,99,NULL,202,0.00000,NULL,NULL,NULL,"2019-05-06 15:10:16",0,0,0,0,0,NULL,"PRODUCTO ELABORADO",NULL,NULL,NULL,1,NULL,Bultos,0.00000,NULL,NULL
226,"00000317       ","CARNE DE CERDO","2014-03-27 00:00:00",0,1.00000,0.00000,NULL,NULL,NULL,NULL,NULL,NULL,"2014-03-27 00:00:00",0.00000,NULL,NULL,1,NULL,NULL,99,NULL,203,0.00000,NULL,NULL,NULL,"2019-05-06 15:10:16",0,0,0,0,0,NULL,"CARNE DE CERDO",NULL,NULL,NULL,1,NULL,Bultos,0.00000,NULL,NULL
227,00000901,"DEV CUARTO ENT","2014-05-07 00:00:00",0,1.00000,0.00000,0.00000,0.00000,,0,0,0,"2018-10-01 00:00:00",0.00000,0.00000,0.00000,110,0.00000,0.00000,99,,3,-25815.25000,"2017-01-25 00:00:00",0.00000,0.00000,"2019-12-09 15:08:30",0,0,0,0,0,,"DEV CUARTO ENT",NULL,0,0,1,,,0.00000,0,2
228,00000902,"DEV PULPAS","2014-05-07 00:00:00",0,1.00000,0.00000,0.00000,0.00000,,0,0,0,"2018-10-05 00:00:00",0.00000,0.00000,0.00000,110,0.00000,0.00000,99,,3,-8477.78000,"2017-04-12 00:00:00",0.00000,0.00000,"2019-12-09 15:08:30",0,0,0,0,0,,"DEV PULPAS",NULL,0,0,1,,,0.00000,0,2
229,00000903,"DEV BIFE ENTERO","2014-05-07 00:00:00",0,1.00000,0.00000,0.00000,0.00000,,0,0,0,"2016-03-14 00:00:00",0.00000,0.00000,0.00000,110,0.00000,0.00000,99,,3,-217.60000,"2016-03-14 00:00:00",0.00000,0.00000,"2019-12-09 15:08:30",0,0,0,0,0,,"DEV BIFE ENTERO",NULL,0,0,1,,,0.00000,0,2
230,00000904,"DEV FIAMBRE ENTERO","2014-05-07 00:00:00",0,1.00000,0.00000,0.00000,0.00000,,0,0,0,"2018-10-06 00:00:00",0.00000,0.00000,0.00000,-1,0.00000,0.00000,99,,1,-3472.35000,"2017-07-07 00:00:00",0.00000,0.00000,"2019-12-09 15:08:30",0,0,0,0,0,,"DEV FIAMBRE ENTERO",NULL,0,0,1,,,0.00000,0,2
231,00000905,"DEV EMBUTIDOS","2014-05-07 00:00:00",0,1.00000,0.00000,0.00000,0.00000,,0,0,0,"2018-11-26 00:00:00",0.00000,0.00000,0.00000,-1,0.00000,0.00000,99,,1,-8673.08000,"2017-03-21 00:00:00",0.00000,0.00000,"2019-12-09 15:08:30",0,0,0,0,0,,"DEV EMBUTIDOS",NULL,0,0,1,,,0.00000,0,2
232,00000906,"DEV CARNE SIN HUESO 1RA","2014-05-07 00:00:00",0,1.00000,0.00000,0.00000,0.00000,,0,0,0,"2018-11-26 00:00:00",0.00000,0.00000,0.00000,-1,0.00000,0.00000,99,,3,-103560.04000,"2017-08-16 00:00:00",0.00000,0.00000,"2019-12-09 15:08:31",0,0,0,0,0,,"DEV CARNE SIN HUESO 1RA",NULL,0,0,1,,,0.00000,0,2
233,00000907,"DEV CARNE SIN HUESO 2DA","2014-05-07 00:00:00",0,1.00000,0.00000,0.00000,0.00000,,0,0,0,"2018-11-26 00:00:00",0.00000,0.00000,0.00000,-1,0.00000,0.00000,99,,3,-109971.19000,"2017-07-07 00:00:00",0.00000,0.00000,"2019-12-09 15:08:31",0,0,0,0,0,,"DEV CARNE SIN HUESO 2DA",NULL,0,0,1,,,0.00000,0,2
234,00000908,"DEV CARNE CON HUESO","2014-05-07 00:00:00",0,1.00000,0.00000,0.00000,0.00000,,0,0,0,"2018-09-21 00:00:00",0.00000,0.00000,0.00000,-1,0.00000,0.00000,99,,3,-18662.93000,"2017-04-01 00:00:00",0.00000,0.00000,"2019-12-09 15:08:31",0,0,0,0,0,,"DEV CARNE CON HUESO",NULL,0,0,1,,,0.00000,0,2
235,00000909,"DEV ORILLA DE ASADO","2014-05-07 00:00:00",0,1.00000,0.00000,0.00000,0.00000,,0,0,0,"2018-11-26 00:00:00",0.00000,0.00000,0.00000,-1,0.00000,0.00000,99,,3,-12870.08000,"2017-07-07 00:00:00",0.00000,0.00000,"2019-12-09 15:08:31",0,0,0,0,0,,"DEV ORILLA DE ASADO",NULL,0,0,1,,,0.00000,0,2
236,00000910,"DEV CERDO SIN HUESO","2014-05-07 00:00:00",0,1.00000,0.00000,0.00000,0.00000,,0,0,0,"2018-11-26 00:00:00",0.00000,0.00000,0.00000,-1,0.00000,0.00000,99,,1,-7035.66000,"2017-04-01 00:00:00",0.00000,0.00000,"2019-12-09 15:08:31",0,0,0,0,0,,"DEV CERDO SIN HUESO",NULL,0,0,1,,,0.00000,0,2
237,00000911,"DEV CERDO CON HUESO","2014-05-07 00:00:00",0,1.00000,0.00000,0.00000,0.00000,,0,0,0,"2018-10-01 00:00:00",0.00000,0.00000,0.00000,110,0.00000,0.00000,99,,1,-5056.05000,"2017-03-16 00:00:00",0.00000,0.00000,"2019-12-09 15:08:31",0,0,0,0,0,,"DEV CERDO CON HUESO",NULL,0,0,1,,,0.00000,0,2
238,00000912,"DEV LECHON","2014-05-07 00:00:00",0,1.00000,0.00000,0.00000,0.00000,,0,0,0,"2018-09-08 00:00:00",0.00000,0.00000,0.00000,110,0.00000,0.00000,99,,1,-208.80000,"2016-09-17 00:00:00",0.00000,0.00000,"2019-12-09 15:08:31",0,0,0,0,0,,"DEV LECHON",NULL,0,0,1,,,0.00000,0,2
239,00000913,"DEV CORDERO","2014-05-07 00:00:00",0,1.00000,0.00000,0.00000,0.00000,,0,0,0,"2018-09-17 00:00:00",0.00000,0.00000,0.00000,110,0.00000,0.00000,99,,3,-950.47000,"2016-09-23 00:00:00",0.00000,0.00000,"2019-12-09 15:08:31",0,0,0,0,0,,"DEV CORDERO",NULL,0,0,1,,,0.00000,0,2
240,00000914,"DEV GRASA","2014-05-07 00:00:00",0,1.00000,0.00000,0.00000,0.00000,,0,0,0,"2018-11-26 00:00:00",0.00000,0.00000,0.00000,110,0.00000,0.00000,99,,3,-62187.17000,"2015-07-01 00:00:00",0.00000,0.00000,"2019-12-09 15:08:31",0,0,0,0,0,,"DEV GRASA",NULL,0,0,1,,,0.00000,0,2
241,00000915,"DEV ACHURAS","2014-05-07 00:00:00",0,1.00000,0.00000,0.00000,0.00000,,0,0,0,"2018-11-26 00:00:00",0.00000,0.00000,0.00000,110,0.00000,0.00000,99,,3,-12087.01000,"2017-04-01 00:00:00",0.00000,0.00000,"2019-12-09 15:08:31",0,0,0,0,0,,"DEV ACHURAS",NULL,0,0,1,,,0.00000,0,2
242,00000916,"DEV ELABORADOS","2014-05-07 00:00:00",0,1.00000,0.00000,0.00000,0.00000,,0,0,0,"2018-11-26 00:00:00",0.00000,0.00000,0.00000,110,0.00000,0.00000,99,,1,-9297.01000,"2017-07-07 00:00:00",0.00000,0.00000,"2019-12-09 15:08:31",0,0,0,0,0,,"DEV ELABORADOS",NULL,0,0,1,,,0.00000,0,2
243,00000917,"DEV POLLO","2014-05-07 00:00:00",0,1.00000,0.00000,0.00000,0.00000,,0,0,0,"2018-11-26 00:00:00",0.00000,0.00000,0.00000,-1,0.00000,0.00000,99,,1,-36089.81000,"2017-07-07 00:00:00",0.00000,0.00000,"2019-12-09 15:08:31",0,0,0,0,0,,"DEV POLLO",NULL,0,0,1,,,0.00000,0,2
244,00000276,"PAQ. GRASA P/JUGO BOVINO X KG","2014-06-05 00:00:00",0,1.00000,0.00000,0.00000,0.00000,,0,0,0,"2020-02-11 00:00:00",0.00000,0.00000,0.00000,0,0.00000,0.00000,99,,202,-515.36000,"2020-02-08 00:00:00",0.00000,0.00000,"2019-12-18 14:16:45",0,0,0,4200,0,,"PAQ. GRASA P/JUGO BOVINO X KG",NULL,0,0,1,,,0.00000,0,2
245,00000277,"PALETA SANDWICHERA MITY","2014-06-05 00:00:00",0,1.00000,0.00000,0.00000,0.00000,,0,0,0,"2020-02-11 00:00:00",0.00000,0.00000,0.00000,0,0.00000,0.00000,99,,202,-833.70000,"2018-04-10 00:00:00",0.00000,0.00000,"2019-12-18 14:16:45",0,0,0,4200,0,,"PALETA SANDWICHERA MITY",NULL,0,0,1,,,0.00000,0,2
246,00000278,"MORTADELA MINI X UNID.","2014-08-04 00:00:00",0,1.00000,0.00000,0.00000,0.00000,,0,0,0,"2019-05-21 00:00:00",0.00000,0.00000,0.00000,0,0.00000,0.00000,99,,1,-11.90000,"2017-09-01 00:00:00",0.00000,0.00000,"2019-12-18 14:16:45",0,0,0,4200,0,,"MORTADELA MINI X UNID.",NULL,0,0,1,,,0.00000,0,2
247,00000602,FLETES,"2014-08-05 00:00:00",0,1.00000,0.00000,0.00000,0.00000,,0,0,0,"2019-09-05 00:00:00",0.00000,0.00000,0.00000,0,0.00000,0.00000,99,,1,-33554.00000,"2019-09-05 00:00:00",0.00000,0.00000,"2019-12-09 15:08:32",0,0,0,4999,0,,FLETES,NULL,0,0,1,,,0.00000,0,2
248,00562823,"FIAMBRE SURTIDO ( 5 PIEZAS)","2014-11-18 00:00:00",0,1.00000,0.00000,0.00000,0.00000,,0,0,0,"2014-11-18 00:00:00",0.00000,0.00000,0.00000,0,0.00000,0.00000,99,,202,0.00000,NULL,0.00000,0.00000,"2019-12-18 14:09:39",0,0,0,4200,0,,SURTIDO,NULL,0,0,1,,,0.00000,0,2
249,00000451,"BIFE ANGOSTO C/H","2015-02-03 00:00:00",0,1.00000,0.00000,0.00000,0.00000,,0,0,0,"2016-05-26 00:00:00",0.00000,0.00000,0.00000,0,0.00000,0.00000,99,,204,-3.08000,"2016-05-26 00:00:00",0.00000,0.00000,"2019-12-09 15:08:32",0,0,0,4400,0,,"BIFE ANGOSTO C/H",NULL,0,0,1,,,0.00000,0,2
250,00000918,"DEV TENDON PARA MORCILLA","2015-10-07 00:00:00",0,1.00000,0.00000,0.00000,0.00000,,0,0,0,"2018-10-05 00:00:00",0.00000,0.00000,0.00000,0,0.00000,0.00000,99,,1,-3572.28000,"2017-07-07 00:00:00",0.00000,0.00000,"2019-12-09 15:08:32",0,0,0,0,0,,"DEV TENDON PARA MORCILLA",NULL,0,0,1,,,0.00000,0,2
251,00000270,"MILANESAS DE POLLO","2016-10-18 00:00:00",0,1.00000,0.00000,0.00000,0.00000,,0,0,0,"2020-02-11 00:00:00",0.00000,0.00000,0.00000,0,0.00000,0.00000,99,,201,-848.74000,"2019-06-15 00:00:00",0.00000,0.00000,"2019-12-18 14:16:45",1002,0,0,0,0,C:/JWIN/JQGestion/Imagenes/Articulos/jpg/00000270.jpg,"MILANESAS DE POLLO",NULL,0,0,1,,,0.00000,0,2
252,00000271,"HAMBURGUESAS OFERTA ZONA X 4","2016-11-23 00:00:00",0,1.00000,0.00000,0.00000,0.00000,,0,0,0,"2020-02-06 00:00:00",0.00000,0.00000,0.00000,0,0.00000,0.00000,99,,202,-52.00000,"2017-12-07 00:00:00",0.00000,0.00000,"2019-12-18 14:10:24",0,0,0,4200,0,,"HAMBURGUESAS OFERTA ZONA",NULL,0,0,1,,,0.00000,0,2
253,00000272,"SALAMINES DE OFERTA","2016-11-23 00:00:00",0,1.00000,0.00000,0.00000,0.00000,,0,0,0,"2018-10-09 00:00:00",0.00000,0.00000,0.00000,0,0.00000,0.00000,99,,202,0.00000,NULL,0.00000,0.00000,"2019-12-18 14:08:06",0,0,0,4200,0,,"SALAMINES DE OFERTA",NULL,0,0,1,,,0.00000,0,2
254,00000284,"HAMBUEGUESA SUPER ZONA","2016-12-12 00:00:00",0,1.00000,0.00000,0.00000,0.00000,,0,0,0,"2020-02-11 00:00:00",0.00000,0.00000,0.00000,0,0.00000,0.00000,99,,202,-349.00000,"2018-04-04 00:00:00",0.00000,0.00000,"2019-12-18 14:10:25",0,0,0,0,0,,"HAMBUEGUESA SUPER ZONA",NULL,0,0,1,,,0.00000,0,2
255,00000285,"HAMBURGUESA ZONA","2016-12-12 00:00:00",0,1.00000,0.00000,0.00000,0.00000,,0,0,0,"2019-02-11 00:00:00",0.00000,0.00000,0.00000,0,0.00000,0.00000,99,,202,0.00000,NULL,0.00000,0.00000,"2019-12-18 14:10:25",0,0,0,0,0,,"HAMBURGUESA ZONA",NULL,0,0,1,,,0.00000,0,2
256,00000286,"HAMBURGUESA CHICA ZONA","2016-12-12 00:00:00",0,1.00000,0.00000,0.00000,0.00000,,0,0,0,"2019-02-08 00:00:00",0.00000,0.00000,0.00000,0,0.00000,0.00000,99,,202,0.00000,NULL,0.00000,0.00000,"2019-12-18 14:10:25",0,0,0,0,0,,"HAMBURGUESA CHICA ZONA",NULL,0,0,1,,,0.00000,0,2
257,00000423,"OJO DE BIFE","2016-12-13 00:00:00",0,1.00000,0.00000,0.00000,0.00000,,0,0,0,"2019-10-31 00:00:00",0.00000,0.00000,0.00000,0,0.00000,0.00000,99,,204,0.00000,NULL,0.00000,0.00000,"2019-12-18 14:16:45",1002,0,0,0,0,,"OJO DE BIFE",NULL,0,0,1,,,0.00000,0,2
258,00000339,"CORDERO DE 10 A 11.900 KG","2016-12-16 00:00:00",0,1.00000,0.00000,0.00000,0.00000,,0,0,0,"2016-12-16 00:00:00",0.00000,0.00000,0.00000,0,0.00000,0.00000,99,,207,0.00000,NULL,0.00000,0.00000,"2019-12-18 14:16:45",0,0,0,4700,0,C:/JWIN/JQGestion/Imagenes/Articulos/jpg/00000339.jpg,"CORDERO DE 12 A 14 KG",NULL,0,0,1,,,0.00000,0,2
259,00000340,"CORDERO DE 12 A 15.900 KG","2016-12-16 00:00:00",0,1.00000,0.00000,0.00000,0.00000,,0,0,0,"2018-07-06 00:00:00",0.00000,0.00000,0.00000,0,0.00000,0.00000,99,,207,-16.00000,"2017-01-07 00:00:00",0.00000,0.00000,"2019-12-18 14:16:45",0,0,0,4700,0,C:/JWIN/JQGestion/Imagenes/Articulos/jpg/00000340.jpg,"CORDERO DE 14.100 A 16 KG",NULL,0,0,1,,,0.00000,0,2
260,00000343,"CORDERO DE 16 A 19 KG","2016-12-16 00:00:00",0,1.00000,0.00000,0.00000,0.00000,,0,0,0,"2018-07-28 00:00:00",0.00000,0.00000,0.00000,0,0.00000,0.00000,99,,207,0.00000,"2016-12-23 00:00:00",0.00000,0.00000,"2019-12-18 14:16:45",0,0,0,4700,0,C:/JWIN/JQGestion/Imagenes/Articulos/jpg/00000343.jpg,"CORDERO MAS DE 16 KG",NULL,0,0,1,,,0.00000,0,2
261,00000279,"PULPA ENV AL VACIO","2016-12-17 00:00:00",0,1.00000,0.00000,0.00000,0.00000,,0,0,0,"2019-12-19 00:00:00",0.00000,0.00000,0.00000,0,0.00000,0.00000,99,,1,0.00000,"2016-12-22 00:00:00",0.00000,0.00000,"2019-12-09 15:08:32",0,0,0,4400,0,,"PULPA ENV AL VACIO",NULL,0,0,1,,,0.00000,0,2
262,00000344,"GRASA DE CREDO","2016-12-21 00:00:00",0,0.00000,0.00000,0.00000,0.00000,,0,0,0,"2019-11-14 00:00:00",0.00000,0.00000,0.00000,0,0.00000,0.00000,99,,203,0.00000,NULL,0.00000,0.00000,"2017-09-05 12:16:52",0,0,0,4300,0,,"GRASA DE CREDO",NULL,0,0,1,,,0.00000,0,2
263,00000345,"PICADA DE CERDO","2016-12-21 00:00:00",0,1.00000,0.00000,0.00000,0.00000,,0,0,0,"2020-02-07 00:00:00",0.00000,0.00000,0.00000,0,0.00000,0.00000,99,,1,0.00000,NULL,0.00000,0.00000,"2019-12-18 14:16:45",0,0,0,4300,0,,"PICADA DE CERDO",NULL,0,0,1,,,0.00000,0,2
264,00000346,"PULPA DE CERDO ENV AL VACIO","2016-12-22 00:00:00",0,1.00000,0.00000,0.00000,0.00000,,0,0,0,"2019-12-19 00:00:00",0.00000,0.00000,0.00000,0,0.00000,0.00000,99,,203,0.00000,"2016-12-22 00:00:00",0.00000,0.00000,"2019-12-09 15:08:32",0,0,0,4300,0,,"PULPA DE CERDO ENV AL VACIO",NULL,0,0,1,,,0.00000,0,2
265,00000347,"PATA DE CERDO COCIDA","2016-12-22 00:00:00",0,1.00000,0.00000,0.00000,0.00000,,0,0,0,"2016-12-22 00:00:00",0.00000,0.00000,0.00000,0,0.00000,0.00000,99,,1,0.00000,NULL,0.00000,0.00000,"2019-12-09 15:08:32",0,0,0,4300,0,,"PATA DE CERDO COCIDA",NULL,0,0,1,,,0.00000,0,2
266,00000348,"LECHON COCIDO","2016-12-22 00:00:00",0,1.00000,0.00000,0.00000,0.00000,,0,0,0,"2019-05-22 00:00:00",0.00000,0.00000,0.00000,0,0.00000,0.00000,99,,1,0.00000,NULL,0.00000,0.00000,"2019-12-09 15:08:32",0,0,0,4300,0,,"LECHON COCIDA",NULL,0,0,1,,,0.00000,0,2
267,00000287,"PALETA DE DESCARTE","2017-01-05 00:00:00",0,1.00000,0.00000,0.00000,0.00000,,0,0,0,"2017-01-05 00:00:00",0.00000,0.00000,0.00000,0,0.00000,0.00000,99,,202,0.00000,NULL,0.00000,0.00000,"2019-12-18 14:16:45",0,0,0,4200,0,,"PALETA DE DESCARTE",NULL,0,0,1,,,0.00000,0,2
268,00000280,"SALAMIN DE OFERTA","2017-01-09 00:00:00",0,1.00000,0.00000,0.00000,0.00000,,0,0,0,"2019-11-21 00:00:00",0.00000,0.00000,0.00000,0,0.00000,0.00000,99,,202,-600.00000,"2017-11-27 00:00:00",0.00000,0.00000,"2019-12-18 14:16:45",0,0,0,4200,0,,"SALAMIN DE OFERTA",NULL,0,0,1,,,0.00000,0,2
269,00000288,"BARRA HIELO","2017-01-11 00:00:00",0,0.00000,0.00000,0.00000,0.00000,,0,0,0,"2017-01-11 00:00:00",0.00000,0.00000,0.00000,0,0.00000,0.00000,99,,1,-210.00000,"2017-01-11 00:00:00",0.00000,0.00000,"2017-09-05 12:16:48",0,0,0,4200,0,,"BARRA HIELO",NULL,0,0,1,,,0.00000,0,2
270,00000294,"HAMBURGUESA CHICA POR UNIDAD","2017-01-12 00:00:00",0,1.00000,0.00000,0.00000,0.00000,,0,0,0,"2020-01-11 00:00:00",0.00000,0.00000,0.00000,0,0.00000,0.00000,99,,1,-246.00000,"2018-04-10 00:00:00",0.00000,0.00000,"2019-12-18 14:16:45",0,0,0,4200,0,,"HAMBURGUESA CHICA POR UNIDAD",NULL,0,0,1,,,0.00000,0,2
271,00000295,"HAMBURGUESA GRANDE POR UNIDAD","2017-01-12 00:00:00",0,1.00000,0.00000,0.00000,0.00000,,0,0,0,"2020-02-07 00:00:00",0.00000,0.00000,0.00000,0,0.00000,0.00000,99,,1,-613.40000,"2018-03-31 00:00:00",0.00000,0.00000,"2019-12-18 14:16:46",0,0,0,4200,0,C:/JWIN/JQGestion/Imagenes/Articulos/jpg/00000295.jpg,"HAMBURGUESA GRANDE POR UNIDAD",NULL,0,0,1,,,0.00000,0,2
272,00000452,"CUARTO VACUNO PESADO","2017-01-13 00:00:00",0,1.00000,0.00000,0.00000,0.00000,,0,0,0,"2017-04-21 00:00:00",0.00000,0.00000,0.00000,0,0.00000,0.00000,99,,1,-111.50000,"2017-04-21 00:00:00",0.00000,0.00000,"2019-12-18 14:16:46",0,0,0,4800,0,,"CUARTO VACUNO PESADO",NULL,0,0,1,,,0.00000,0,2
273,00000297,"MIL CARNE ENV ATMOSF CONT.","2017-05-05 00:00:00",0,1.00000,0.00000,0.00000,0.00000,,0,0,0,"2018-02-09 00:00:00",0.00000,0.00000,0.00000,0,0.00000,0.00000,99,,1,-11.60000,"2017-09-19 00:00:00",0.00000,0.00000,"2019-12-18 14:10:25",0,0,0,0,0,,"MIL CARNE ENV ATMOSF CONT.",NULL,0,0,1,,,0.00000,0,2
274,00000289,"SUPREMA DE POLLO","2017-06-05 00:00:00",0,1.00000,0.00000,0.00000,0.00000,,0,0,0,"2018-11-15 00:00:00",0.00000,0.00000,0.00000,0,0.00000,0.00000,99,,1,0.00000,NULL,0.00000,0.00000,"2019-12-09 15:08:32",0,0,0,0,0,,"SUPREMA DE POLLO",NULL,0,0,1,,,0.00000,0,2
275,00000919,"PROD TRANS","2017-06-12 00:00:00",0,1.00000,0.00000,0.00000,0.00000,,0,0,0,"2018-06-13 00:00:00",0.00000,0.00000,0.00000,0,0.00000,0.00000,99,,1,-3054.36000,NULL,0.00000,0.00000,"2019-12-09 15:01:21",0,0,0,0,0,,"PROD TRANS",NULL,0,0,1,,,0.00000,0,2
276,00000470,"ASADO DE VACA","2017-06-14 00:00:00",0,0.00000,0.00000,0.00000,0.00000,,0,0,0,"2017-06-14 00:00:00",0.00000,0.00000,0.00000,0,0.00000,0.00000,99,,204,0.00000,NULL,0.00000,0.00000,"2017-09-05 12:16:56",0,0,0,4400,0,,"ASADO DE VACA",NULL,0,0,1,,,0.00000,0,2
277,00000471,"MATAMBRE DE VACA","2017-06-14 00:00:00",0,0.00000,0.00000,0.00000,0.00000,,0,0,0,"2019-04-05 00:00:00",0.00000,0.00000,0.00000,0,0.00000,0.00000,99,,204,0.00000,NULL,0.00000,0.00000,"2017-09-05 12:16:56",0,0,0,4400,0,,"MATAMBRE DE VACA",NULL,0,0,1,,,0.00000,0,2
278,00000472,"VACIO DE VACA","2017-06-14 00:00:00",0,0.00000,0.00000,0.00000,0.00000,,0,0,0,"2018-06-21 00:00:00",0.00000,0.00000,0.00000,0,0.00000,0.00000,99,,204,0.00000,NULL,0.00000,0.00000,"2017-09-05 12:16:56",0,0,0,4400,0,,"VACIO DE VACA",NULL,0,0,1,,,0.00000,0,2
279,00000331,"REEBS DE CERDO","2017-09-05 00:00:00",0,1.00000,0.00000,0.00000,0.00000,,0,0,0,"2019-02-22 00:00:00",0.00000,0.00000,0.00000,0,0.00000,0.00000,99,,1,0.00000,NULL,0.00000,0.00000,"2019-12-18 14:16:46",0,0,0,0,0,,"REEBS DE CERDO",NULL,0,0,1,,,0.00000,0,2
280,00000920,"DEV. LECHON ENTERO","2017-09-26 00:00:00",0,1.00000,0.00000,0.00000,0.00000,,0,0,0,"2017-09-26 00:00:00",0.00000,0.00000,0.00000,0,0.00000,0.00000,99,,1,0.00000,NULL,0.00000,0.00000,"2019-12-09 15:01:21",0,0,0,0,0,C:/JWIN/JQGestion/Imagenes/Articulos/jpg/00000920.jpg,DEV.LECH,NULL,0,0,1,,,0.00000,0,2
281,00000921,"DEV. CORDERO ENTERO","2017-09-26 00:00:00",0,1.00000,0.00000,0.00000,0.00000,,0,0,0,"2018-11-26 00:00:00",0.00000,0.00000,0.00000,0,0.00000,0.00000,99,,207,-10.80000,NULL,0.00000,0.00000,"2019-12-09 15:01:21",0,0,0,0,0,C:/JWIN/JQGestion/Imagenes/Articulos/jpg/00000921.jpg,"DEV. CORD",NULL,0,0,1,,,0.00000,0,2
282,00000217,"HAMB GIGANTE POR UNIDAD","2017-09-26 00:00:00",0,1.00000,0.00000,0.00000,0.00000,,0,0,0,"2018-11-24 00:00:00",0.00000,0.00000,0.00000,0,0.00000,0.00000,99,,1,0.00000,NULL,0.00000,0.00000,"2019-12-18 14:16:46",0,0,0,0,0,C:/JWIN/JQGestion/Imagenes/Articulos/jpg/00000217.jpg,"HAMB GIGANTE POR UNIDAD",NULL,0,0,1,,,0.00000,0,2
283,00000349,"CORDERO DE MAS DE 19 KG","2017-11-16 00:00:00",0,1.00000,0.00000,0.00000,0.00000,,0,0,0,"2017-11-16 00:00:00",0.00000,0.00000,0.00000,0,0.00000,0.00000,99,,207,0.00000,NULL,0.00000,0.00000,"2019-12-18 14:16:46",0,0,0,4700,0,C:/JWIN/JQGestion/Imagenes/Articulos/jpg/00000349.jpg,"CORDERO DE MAS DE 19 KG",NULL,0,0,1,,,0.00000,0,2
284,00000298,"TABLA DE FIAMBRE MINI","2017-11-23 00:00:00",0,0.00000,0.00000,0.00000,0.00000,,0,0,0,"2018-10-22 00:00:00",0.00000,0.00000,0.00000,0,0.00000,0.00000,99,,202,-16.00000,NULL,0.00000,0.00000,"2017-11-23 10:13:16",0,0,0,4200,0,C:/JWIN/JQGestion/Imagenes/Articulos/jpg/00000298.jpg,"TABLA DE FIAMBRE MINI",NULL,0,0,1,,,0.00000,0,2
285,00000299,"TABLA DE FIAMBRE CHICA","2017-11-23 00:00:00",0,0.00000,0.00000,0.00000,0.00000,,0,0,0,"2020-02-10 00:00:00",0.00000,0.00000,0.00000,0,0.00000,0.00000,99,,202,-16.00000,NULL,0.00000,0.00000,"2017-11-23 10:13:44",0,0,0,4200,0,C:/JWIN/JQGestion/Imagenes/Articulos/jpg/00000299.jpg,"TABLA DE FIAMBRE CHICA",NULL,0,0,1,,,0.00000,0,2
286,00000350,"MILANESAS DE CERDO","2018-03-21 00:00:00",0,1.00000,0.00000,0.00000,0.00000,,0,0,0,"2019-03-18 00:00:00",0.00000,0.00000,0.00000,0,0.00000,0.00000,99,,2,0.00000,NULL,0.00000,0.00000,"2019-12-18 14:10:25",0,0,0,4300,0,C:/JWIN/JQGestion/Imagenes/Articulos/jpg/00000350.jpg,"MILANESAS DE CERDO",NULL,0,0,1,,,0.00000,0,2
287,00000321,"CORTE PARRILLA (CERDO)","2018-05-17 00:00:00",0,1.00000,0.00000,0.00000,0.00000,,0,0,0,"2020-02-11 00:00:00",0.00000,0.00000,0.00000,0,0.00000,0.00000,99,,203,-25.00000,"2020-02-08 00:00:00",0.00000,0.00000,"2019-12-18 14:16:46",0,0,0,4300,0,C:/JWIN/JQGestion/Imagenes/Articulos/jpg/00000321.jpg,"CORTE PARRILLA (CERDO)",NULL,0,0,1,,,0.00000,0,2
288,00000420,"CORTE MADRON","2018-05-17 00:00:00",0,1.00000,0.00000,0.00000,0.00000,,0,0,0,"2019-11-08 00:00:00",0.00000,0.00000,0.00000,0,0.00000,0.00000,99,,204,0.00000,NULL,0.00000,0.00000,"2019-12-18 14:16:46",0,0,0,4400,0,C:/JWIN/JQGestion/Imagenes/Articulos/jpg/00000420.jpg,"CORTE MADRON",NULL,0,0,1,,,0.00000,0,2
289,00000410,"ASADO PLANCHA EXP","2018-09-24 00:00:00",0,1.00000,0.00000,0.00000,0.00000,,0,0,0,"2020-02-11 00:00:00",0.00000,0.00000,0.00000,0,0.00000,0.00000,99,,204,-31.90000,"2020-02-08 00:00:00",0.00000,0.00000,"2020-01-16 15:22:17",0,0,0,4400,0,C:/Jwin/JQGESTION2/Imagenes/Articulos/jpg/00000410.jpg,"ASADO PLANCHA EXP",NULL,0,0,1,,,0.00000,0,2
290,00000415,"ASADO COMP.VAC. Y MAT. EXPOR","2018-12-05 00:00:00",0,1.00000,0.00000,0.00000,0.00000,,0,0,0,"2020-02-11 00:00:00",0.00000,0.00000,0.00000,0,0.00000,0.00000,99,,204,-4.00000,"2020-02-10 00:00:00",0.00000,0.00000,"2020-01-16 15:22:17",0,0,0,4400,0,C:/Jwin/JQGESTION2/Imagenes/Articulos/jpg/00000415.jpg,"ASADO COMP.VAC. Y MAT. EXPOR",NULL,0,0,1,,,0.00000,0,2
291,00000424,"VACIO EXPORTACION","2019-01-29 00:00:00",0,1.00000,0.00000,0.00000,0.00000,,0,0,0,"2019-11-01 00:00:00",0.00000,0.00000,0.00000,0,0.00000,0.00000,99,,204,0.00000,NULL,0.00000,0.00000,"2019-12-18 14:16:46",0,0,0,4400,0,C:/Jwin/JQGESTION2/Imagenes/Articulos/jpg/00000424.jpg,"VACIO EXPORTACION",NULL,0,0,1,,,0.00000,0,2
292,00000425,"NALGA C/TAPA EXPORTACION","2019-01-29 00:00:00",0,1.00000,0.00000,0.00000,0.00000,,0,0,0,"2019-03-23 00:00:00",0.00000,0.00000,0.00000,0,0.00000,0.00000,99,,204,0.00000,NULL,0.00000,0.00000,"2019-12-18 14:16:46",0,0,0,4400,0,C:/Jwin/JQGESTION2/Imagenes/Articulos/jpg/00000425.jpg,"NALGA C/TAPA EXPORTACION",NULL,0,0,1,,,0.00000,0,2
293,00000475,"MATAMBRE DE NOVILLO EXP.","2019-03-19 00:00:00",0,1.00000,0.00000,0.00000,0.00000,,0,0,0,"2019-04-20 00:00:00",0.00000,0.00000,0.00000,0,0.00000,0.00000,99,,204,0.00000,NULL,0.00000,0.00000,"2019-12-18 14:16:46",0,0,0,4400,0,C:/Jwin/JQGESTION2/Imagenes/Articulos/jpg/00000475.jpg,"MATAMBRE DE NOVILLO EXP.",NULL,0,0,1,,,0.00000,0,2
294,00000221,"LEBERWURST ENV. AL VACIO","2019-03-30 00:00:00",0,1.00000,0.00000,0.00000,0.00000,,0,0,0,"2019-04-11 00:00:00",0.00000,0.00000,0.00000,0,0.00000,0.00000,99,,1,0.00000,NULL,0.00000,0.00000,"2019-12-18 14:16:46",0,0,0,4200,0,C:/Jwin/JQGESTION2/Imagenes/Articulos/jpg/00000221.jpg,"LEBERWURST ENV. AL VACIO",NULL,0,0,1,,,0.00000,0,2
295,00000476,"ASADO COMP.NOV.EXP","2019-11-01 00:00:00",0,1.00000,0.00000,0.00000,0.00000,,0,0,0,"2019-11-01 00:00:00",0.00000,0.00000,0.00000,0,0.00000,0.00000,99,,204,0.00000,NULL,0.00000,0.00000,"2019-12-18 14:10:26",0,0,0,4400,0,C:/Jwin/JQGESTION2/Imagenes/Articulos/jpg/00000476.jpg,"ASADO COMP.NOV.EXP",NULL,0,0,1,,,0.00000,0,2
296,00000477,"ASADO COM.OFERTA","2019-11-01 00:00:00",0,1.00000,0.00000,0.00000,0.00000,,0,0,0,"2019-11-01 00:00:00",0.00000,0.00000,0.00000,0,0.00000,0.00000,99,,204,0.00000,NULL,0.00000,0.00000,"2019-12-18 14:10:26",0,0,0,4400,0,C:/Jwin/JQGESTION2/Imagenes/Articulos/jpg/00000477.jpg,"ASADO COM.OFERTA",NULL,0,0,1,,,0.00000,0,2
