CodigoSucursal;CodigoFuerza;CodigoModoAtencion;CodigoRuta;CodigoCliente;FechaDesde;FechaHasta
1;1;PRE;7;10;01/01/2009;31/12/8899
1;1;PRE;5;100;01/01/2009;31/12/8899
1;1;PRE;5;100;01/01/2009;31/12/8899
1;1;PRE;7;1008;01/01/2009;31/12/8899
1;1;PRE;7;1008;01/01/2009;31/12/8899
1;1;PRE;6;1009;01/01/2009;31/12/8899
1;1;PRE;6;101;01/01/2009;31/12/8899
1;1;PRE;6;101;01/01/2009;31/12/8899
1;1;PRE;6;101;01/01/2009;31/12/8899
1;1;PRE;6;102;01/01/2009;31/12/8899
1;1;PRE;6;102;01/01/2009;31/12/8899
1;1;PRE;6;102;01/01/2009;31/12/8899
1;1;PRE;1;1021;01/01/2009;31/12/8899
1;1;PRE;5;1022;01/01/2009;31/12/8899
1;1;PRE;7;1027;01/01/2009;31/12/8899
1;1;PRE;7;1027;01/01/2009;31/12/8899
1;1;PRE;6;1028;01/01/2009;31/12/8899
1;1;PRE;6;1029;01/01/2009;31/12/8899
1;1;PRE;6;1029;01/01/2009;31/12/8899
1;1;PRE;5;1030;01/01/2009;31/12/8899
1;1;PRE;5;1030;01/01/2009;31/12/8899
1;1;PRE;5;1030;01/01/2009;31/12/8899
1;1;PRE;7;1032;01/01/2009;31/12/8899
1;1;PRE;7;1032;01/01/2009;31/12/8899
1;1;PRE;7;1032;01/01/2009;31/12/8899
1;1;PRE;5;1033;01/01/2009;31/12/8899
1;1;PRE;5;1033;01/01/2009;31/12/8899
1;1;PRE;5;1033;01/01/2009;31/12/8899
1;1;PRE;7;1035;01/01/2009;31/12/8899
1;1;PRE;5;1038;01/01/2009;31/12/8899
1;1;PRE;5;1038;01/01/2009;31/12/8899
1;1;PRE;5;104;01/01/2009;31/12/8899
1;1;PRE;5;104;01/01/2009;31/12/8899
1;1;PRE;1;1040;01/01/2009;31/12/8899
1;1;PRE;1;1045;01/01/2009;31/12/8899
1;1;PRE;1;1056;01/01/2009;31/12/8899
1;1;PRE;1;1056;01/01/2009;31/12/8899
1;1;PRE;6;1059;01/01/2009;31/12/8899
1;1;PRE;6;1059;01/01/2009;31/12/8899
1;1;PRE;20;1060;01/01/2009;31/12/8899
1;1;PRE;20;1061;01/01/2009;31/12/8899
1;1;PRE;20;1065;01/01/2009;31/12/8899
1;1;PRE;20;1065;01/01/2009;31/12/8899
1;1;PRE;20;1066;01/01/2009;31/12/8899
1;1;PRE;20;1066;01/01/2009;31/12/8899
1;1;PRE;6;1068;01/01/2009;31/12/8899
1;1;PRE;1;107;01/01/2009;31/12/8899
1;1;PRE;7;108;01/01/2009;31/12/8899
1;1;PRE;7;108;01/01/2009;31/12/8899
1;1;PRE;7;108;01/01/2009;31/12/8899
1;1;PRE;6;109;01/01/2009;31/12/8899
1;1;PRE;6;109;01/01/2009;31/12/8899
1;1;PRE;6;109;01/01/2009;31/12/8899
1;1;PRE;18;1098;01/01/2009;31/12/8899
1;1;PRE;7;1109;01/01/2009;31/12/8899
1;1;PRE;1;112;01/01/2009;31/12/8899
1;1;PRE;20;1123;01/01/2009;31/12/8899
1;1;PRE;1;1125;01/01/2009;31/12/8899
1;1;PRE;1;1125;01/01/2009;31/12/8899
1;1;PRE;13;113;01/01/2009;31/12/8899
1;1;PRE;5;1133;01/01/2009;31/12/8899
1;1;PRE;7;1135;01/01/2009;31/12/8899
1;1;PRE;1;114;01/01/2009;31/12/8899
1;1;PRE;5;1145;01/01/2009;31/12/8899
1;1;PRE;5;1153;01/01/2009;31/12/8899
1;1;PRE;5;1157;01/01/2009;31/12/8899
1;1;PRE;5;1157;01/01/2009;31/12/8899
1;1;PRE;7;1158;01/01/2009;31/12/8899
1;1;PRE;5;116;01/01/2009;31/12/8899
1;1;PRE;5;116;01/01/2009;31/12/8899
1;1;PRE;7;1161;01/01/2009;31/12/8899
1;1;PRE;7;1166;01/01/2009;31/12/8899
1;1;PRE;32;117;01/01/2009;31/12/8899
1;1;PRE;7;1170;01/01/2009;31/12/8899
1;1;PRE;1;1172;01/01/2009;31/12/8899
1;1;PRE;1;1172;01/01/2009;31/12/8899
1;1;PRE;7;1175;01/01/2009;31/12/8899
1;1;PRE;7;1177;01/01/2009;31/12/8899
1;1;PRE;1;1180;01/01/2009;31/12/8899
1;1;PRE;6;1181;01/01/2009;31/12/8899
1;1;PRE;6;1183;01/01/2009;31/12/8899
1;1;PRE;6;1184;01/01/2009;31/12/8899
1;1;PRE;6;1188;01/01/2009;31/12/8899
1;1;PRE;6;1190;01/01/2009;31/12/8899
1;1;PRE;7;1191;01/01/2009;31/12/8899
1;1;PRE;7;1191;01/01/2009;31/12/8899
1;1;PRE;6;1192;01/01/2009;31/12/8899
1;1;PRE;6;1192;01/01/2009;31/12/8899
1;1;PRE;6;1192;01/01/2009;31/12/8899
1;1;PRE;7;1193;01/01/2009;31/12/8899
1;1;PRE;7;1193;01/01/2009;31/12/8899
1;1;PRE;1;1194;01/01/2009;31/12/8899
1;1;PRE;6;1195;01/01/2009;31/12/8899
1;1;PRE;6;1195;01/01/2009;31/12/8899
1;1;PRE;5;1197;01/01/2009;31/12/8899
1;1;PRE;5;1197;01/01/2009;31/12/8899
1;1;PRE;6;120;01/01/2009;31/12/8899
1;1;PRE;6;120;01/01/2009;31/12/8899
1;1;PRE;7;1207;01/01/2009;31/12/8899
1;1;PRE;1;121;01/01/2009;31/12/8899
1;1;PRE;7;1210;01/01/2009;31/12/8899
1;1;PRE;20;1211;01/01/2009;31/12/8899
1;1;PRE;18;1213;01/01/2009;31/12/8899
1;1;PRE;1;1216;01/01/2009;31/12/8899
1;1;PRE;7;1221;01/01/2009;31/12/8899
1;1;PRE;5;1225;01/01/2009;31/12/8899
1;1;PRE;6;1230;01/01/2009;31/12/8899
1;1;PRE;3;1233;01/01/2009;31/12/8899
1;1;PRE;1;1234;01/01/2009;31/12/8899
1;1;PRE;6;1235;01/01/2009;31/12/8899
1;1;PRE;5;1236;01/01/2009;31/12/8899
1;1;PRE;7;1237;01/01/2009;31/12/8899
1;1;PRE;7;1237;01/01/2009;31/12/8899
1;1;PRE;7;1238;01/01/2009;31/12/8899
1;1;PRE;7;1238;01/01/2009;31/12/8899
1;1;PRE;7;1243;01/01/2009;31/12/8899
1;1;PRE;7;1243;01/01/2009;31/12/8899
1;1;PRE;5;1247;01/01/2009;31/12/8899
1;1;PRE;5;1247;01/01/2009;31/12/8899
1;1;PRE;7;1248;01/01/2009;31/12/8899
1;1;PRE;7;1248;01/01/2009;31/12/8899
1;1;PRE;6;1252;01/01/2009;31/12/8899
1;1;PRE;6;1252;01/01/2009;31/12/8899
1;1;PRE;7;1253;01/01/2009;31/12/8899
1;1;PRE;7;1253;01/01/2009;31/12/8899
1;1;PRE;5;126;01/01/2009;31/12/8899
1;1;PRE;6;1267;01/01/2009;31/12/8899
1;1;PRE;6;1267;01/01/2009;31/12/8899
1;1;PRE;6;1268;01/01/2009;31/12/8899
1;1;PRE;6;1268;01/01/2009;31/12/8899
1;1;PRE;6;1268;01/01/2009;31/12/8899
1;1;PRE;6;1268;01/01/2009;31/12/8899
1;1;PRE;29;1270;01/01/2009;31/12/8899
1;1;PRE;7;1272;01/01/2009;31/12/8899
1;1;PRE;1;1273;01/01/2009;31/12/8899
1;1;PRE;5;1274;01/01/2009;31/12/8899
1;1;PRE;5;1274;01/01/2009;31/12/8899
1;1;PRE;5;1274;01/01/2009;31/12/8899
1;1;PRE;7;1277;01/01/2009;31/12/8899
1;1;PRE;7;1277;01/01/2009;31/12/8899
1;1;PRE;7;1278;01/01/2009;31/12/8899
1;1;PRE;1;1281;01/01/2009;31/12/8899
1;1;PRE;5;1284;01/01/2009;31/12/8899
1;1;PRE;1;1285;01/01/2009;31/12/8899
1;1;PRE;1;1285;01/01/2009;31/12/8899
1;1;PRE;1;1286;01/01/2009;31/12/8899
1;1;PRE;6;1287;01/01/2009;31/12/8899
1;1;PRE;5;129;01/01/2009;31/12/8899
1;1;PRE;5;129;01/01/2009;31/12/8899
1;1;PRE;5;129;01/01/2009;31/12/8899
1;1;PRE;6;1291;01/01/2009;31/12/8899
1;1;PRE;7;1292;01/01/2009;31/12/8899
1;1;PRE;6;1293;01/01/2009;31/12/8899
1;1;PRE;5;1298;01/01/2009;31/12/8899
1;1;PRE;5;130;01/01/2009;31/12/8899
1;1;PRE;5;130;01/01/2009;31/12/8899
1;1;PRE;5;1301;01/01/2009;31/12/8899
1;1;PRE;7;1304;01/01/2009;31/12/8899
1;1;PRE;7;1304;01/01/2009;31/12/8899
1;1;PRE;20;1307;01/01/2009;31/12/8899
1;1;PRE;20;1308;01/01/2009;31/12/8899
1;1;PRE;20;1309;01/01/2009;31/12/8899
1;1;PRE;20;1309;01/01/2009;31/12/8899
1;1;PRE;20;131;01/01/2009;31/12/8899
1;1;PRE;20;131;01/01/2009;31/12/8899
1;1;PRE;5;1312;01/01/2009;31/12/8899
1;1;PRE;5;1314;01/01/2009;31/12/8899
1;1;PRE;5;1317;01/01/2009;31/12/8899
1;1;PRE;6;1321;01/01/2009;31/12/8899
1;1;PRE;6;1321;01/01/2009;31/12/8899
1;1;PRE;6;1322;01/01/2009;31/12/8899
1;1;PRE;6;1322;01/01/2009;31/12/8899
1;1;PRE;7;1324;01/01/2009;31/12/8899
1;1;PRE;7;1325;01/01/2009;31/12/8899
1;1;PRE;7;1325;01/01/2009;31/12/8899
1;1;PRE;6;1328;01/01/2009;31/12/8899
1;1;PRE;6;1328;01/01/2009;31/12/8899
1;1;PRE;5;1329;01/01/2009;31/12/8899
1;1;PRE;5;1331;01/01/2009;31/12/8899
1;1;PRE;5;1333;01/01/2009;31/12/8899
1;1;PRE;7;1335;01/01/2009;31/12/8899
1;1;PRE;7;1336;01/01/2009;31/12/8899
1;1;PRE;7;1336;01/01/2009;31/12/8899
1;1;PRE;7;1336;01/01/2009;31/12/8899
1;1;PRE;7;1337;01/01/2009;31/12/8899
1;1;PRE;5;1340;01/01/2009;31/12/8899
1;1;PRE;7;1341;01/01/2009;31/12/8899
1;1;PRE;5;1342;01/01/2009;31/12/8899
1;1;PRE;5;1344;01/01/2009;31/12/8899
1;1;PRE;5;1344;01/01/2009;31/12/8899
1;1;PRE;6;1346;01/01/2009;31/12/8899
1;1;PRE;6;1346;01/01/2009;31/12/8899
1;1;PRE;5;1347;01/01/2009;31/12/8899
1;1;PRE;5;1348;01/01/2009;31/12/8899
1;1;PRE;5;1349;01/01/2009;31/12/8899
1;1;PRE;5;1349;01/01/2009;31/12/8899
1;1;PRE;1;1352;01/01/2009;31/12/8899
1;1;PRE;6;1353;01/01/2009;31/12/8899
1;1;PRE;5;1354;01/01/2009;31/12/8899
1;1;PRE;6;1357;01/01/2009;31/12/8899
1;1;PRE;5;1363;01/01/2009;31/12/8899
1;1;PRE;5;1365;01/01/2009;31/12/8899
1;1;PRE;5;1366;01/01/2009;31/12/8899
1;1;PRE;7;1367;01/01/2009;31/12/8899
1;1;PRE;7;1367;01/01/2009;31/12/8899
1;1;PRE;1;1370;01/01/2009;31/12/8899
1;1;PRE;7;1372;01/01/2009;31/12/8899
1;1;PRE;6;1374;01/01/2009;31/12/8899
1;1;PRE;6;1375;01/01/2009;31/12/8899
1;1;PRE;6;1376;01/01/2009;31/12/8899
1;1;PRE;1;1377;01/01/2009;31/12/8899
1;1;PRE;6;138;01/01/2009;31/12/8899
1;1;PRE;6;138;01/01/2009;31/12/8899
1;1;PRE;6;1381;01/01/2009;31/12/8899
1;1;PRE;6;1382;01/01/2009;31/12/8899
1;1;PRE;6;1383;01/01/2009;31/12/8899
1;1;PRE;5;1385;01/01/2009;31/12/8899
1;1;PRE;6;1386;01/01/2009;31/12/8899
1;1;PRE;6;1387;01/01/2009;31/12/8899
1;1;PRE;6;1388;01/01/2009;31/12/8899
1;1;PRE;6;1389;01/01/2009;31/12/8899
1;1;PRE;6;1390;01/01/2009;31/12/8899
1;1;PRE;5;1391;01/01/2009;31/12/8899
1;1;PRE;5;1391;01/01/2009;31/12/8899
1;1;PRE;5;1392;01/01/2009;31/12/8899
1;1;PRE;5;1396;01/01/2009;31/12/8899
1;1;PRE;5;1397;01/01/2009;31/12/8899
1;1;PRE;5;1398;01/01/2009;31/12/8899
1;1;PRE;5;1399;01/01/2009;31/12/8899
1;1;PRE;6;1402;01/01/2009;31/12/8899
1;1;PRE;6;1405;01/01/2009;31/12/8899
1;1;PRE;6;1407;01/01/2009;31/12/8899
1;1;PRE;5;1409;01/01/2009;31/12/8899
1;1;PRE;5;1409;01/01/2009;31/12/8899
1;1;PRE;6;1410;01/01/2009;31/12/8899
1;1;PRE;7;1412;01/01/2009;31/12/8899
1;1;PRE;7;1413;01/01/2009;31/12/8899
1;1;PRE;7;1413;01/01/2009;31/12/8899
1;1;PRE;6;1414;01/01/2009;31/12/8899
1;1;PRE;6;1415;01/01/2009;31/12/8899
1;1;PRE;6;1415;01/01/2009;31/12/8899
1;1;PRE;6;1416;01/01/2009;31/12/8899
1;1;PRE;1;1417;01/01/2009;31/12/8899
1;1;PRE;6;1418;01/01/2009;31/12/8899
1;1;PRE;7;1419;01/01/2009;31/12/8899
1;1;PRE;7;1419;01/01/2009;31/12/8899
1;1;PRE;5;1421;01/01/2009;31/12/8899
1;1;PRE;5;1422;01/01/2009;31/12/8899
1;1;PRE;5;1423;01/01/2009;31/12/8899
1;1;PRE;6;1424;01/01/2009;31/12/8899
1;1;PRE;6;1428;01/01/2009;31/12/8899
1;1;PRE;7;1429;01/01/2009;31/12/8899
1;1;PRE;7;1429;01/01/2009;31/12/8899
1;1;PRE;1;1431;01/01/2009;31/12/8899
1;1;PRE;6;1432;01/01/2009;31/12/8899
1;1;PRE;7;1433;01/01/2009;31/12/8899
1;1;PRE;7;1433;01/01/2009;31/12/8899
1;1;PRE;1;1434;01/01/2009;31/12/8899
1;1;PRE;6;1435;01/01/2009;31/12/8899
1;1;PRE;1;1436;01/01/2009;31/12/8899
1;1;PRE;6;1437;01/01/2009;31/12/8899
1;1;PRE;5;1438;01/01/2009;31/12/8899
1;1;PRE;5;1439;01/01/2009;31/12/8899
1;1;PRE;5;1440;01/01/2009;31/12/8899
1;1;PRE;5;1440;01/01/2009;31/12/8899
1;1;PRE;7;1442;01/01/2009;31/12/8899
1;1;PRE;6;1444;01/01/2009;31/12/8899
1;1;PRE;5;1445;01/01/2009;31/12/8899
1;1;PRE;5;1445;01/01/2009;31/12/8899
1;1;PRE;5;1446;01/01/2009;31/12/8899
1;1;PRE;5;1446;01/01/2009;31/12/8899
1;1;PRE;5;1446;01/01/2009;31/12/8899
1;1;PRE;5;1447;01/01/2009;31/12/8899
1;1;PRE;5;1447;01/01/2009;31/12/8899
1;1;PRE;6;1448;01/01/2009;31/12/8899
1;1;PRE;5;1449;01/01/2009;31/12/8899
1;1;PRE;6;1450;01/01/2009;31/12/8899
1;1;PRE;7;1451;01/01/2009;31/12/8899
1;1;PRE;7;1452;01/01/2009;31/12/8899
1;1;PRE;7;1452;01/01/2009;31/12/8899
1;1;PRE;6;1453;01/01/2009;31/12/8899
1;1;PRE;5;1454;01/01/2009;31/12/8899
1;1;PRE;5;1454;01/01/2009;31/12/8899
1;1;PRE;7;1456;01/01/2009;31/12/8899
1;1;PRE;7;1456;01/01/2009;31/12/8899
1;1;PRE;3;146;01/01/2009;31/12/8899
1;1;PRE;6;1460;01/01/2009;31/12/8899
1;1;PRE;6;1461;01/01/2009;31/12/8899
1;1;PRE;6;1462;01/01/2009;31/12/8899
1;1;PRE;1;1463;01/01/2009;31/12/8899
1;1;PRE;1;1464;01/01/2009;31/12/8899
1;1;PRE;1;1464;01/01/2009;31/12/8899
1;1;PRE;5;1465;01/01/2009;31/12/8899
1;1;PRE;5;1468;01/01/2009;31/12/8899
1;1;PRE;5;1468;01/01/2009;31/12/8899
1;1;PRE;6;1469;01/01/2009;31/12/8899
1;1;PRE;7;1471;01/01/2009;31/12/8899
1;1;PRE;6;1473;01/01/2009;31/12/8899
1;1;PRE;6;1474;01/01/2009;31/12/8899
1;1;PRE;5;1475;01/01/2009;31/12/8899
1;1;PRE;5;1476;01/01/2009;31/12/8899
1;1;PRE;5;1477;01/01/2009;31/12/8899
1;1;PRE;6;1479;01/01/2009;31/12/8899
1;1;PRE;7;148;01/01/2009;31/12/8899
1;1;PRE;7;1480;01/01/2009;31/12/8899
1;1;PRE;6;1481;01/01/2009;31/12/8899
1;1;PRE;6;1483;01/01/2009;31/12/8899
1;1;PRE;6;1486;01/01/2009;31/12/8899
1;1;PRE;7;1487;01/01/2009;31/12/8899
1;1;PRE;7;1488;01/01/2009;31/12/8899
1;1;PRE;5;1489;01/01/2009;31/12/8899
1;1;PRE;7;1490;01/01/2009;31/12/8899
1;1;PRE;5;1491;01/01/2009;31/12/8899
1;1;PRE;5;1491;01/01/2009;31/12/8899
1;1;PRE;5;1491;01/01/2009;31/12/8899
1;1;PRE;5;1492;01/01/2009;31/12/8899
1;1;PRE;7;1494;01/01/2009;31/12/8899
1;1;PRE;7;1494;01/01/2009;31/12/8899
1;1;PRE;6;1495;01/01/2009;31/12/8899
1;1;PRE;6;1496;01/01/2009;31/12/8899
1;1;PRE;5;1497;01/01/2009;31/12/8899
1;1;PRE;5;1499;01/01/2009;31/12/8899
1;1;PRE;5;15;01/01/2009;31/12/8899
1;1;PRE;5;15;01/01/2009;31/12/8899
1;1;PRE;7;150;01/01/2009;31/12/8899
1;1;PRE;7;150;01/01/2009;31/12/8899
1;1;PRE;5;1500;01/01/2009;31/12/8899
1;1;PRE;5;1501;01/01/2009;31/12/8899
1;1;PRE;5;1501;01/01/2009;31/12/8899
1;1;PRE;5;1502;01/01/2009;31/12/8899
1;1;PRE;6;1504;01/01/2009;31/12/8899
1;1;PRE;20;1505;01/01/2009;31/12/8899
1;1;PRE;5;1506;01/01/2009;31/12/8899
1;1;PRE;5;1507;01/01/2009;31/12/8899
1;1;PRE;5;1507;01/01/2009;31/12/8899
1;1;PRE;7;1508;01/01/2009;31/12/8899
1;1;PRE;7;1508;01/01/2009;31/12/8899
1;1;PRE;5;1511;01/01/2009;31/12/8899
1;1;PRE;7;1512;01/01/2009;31/12/8899
1;1;PRE;7;1512;01/01/2009;31/12/8899
1;1;PRE;7;1512;01/01/2009;31/12/8899
1;1;PRE;6;1513;01/01/2009;31/12/8899
1;1;PRE;5;1514;01/01/2009;31/12/8899
1;1;PRE;5;1514;01/01/2009;31/12/8899
1;1;PRE;5;1517;01/01/2009;31/12/8899
1;1;PRE;5;1518;01/01/2009;31/12/8899
1;1;PRE;18;152;01/01/2009;31/12/8899
1;1;PRE;5;1521;01/01/2009;31/12/8899
1;1;PRE;7;1522;01/01/2009;31/12/8899
1;1;PRE;1;1523;01/01/2009;31/12/8899
1;1;PRE;1;1524;01/01/2009;31/12/8899
1;1;PRE;7;1525;01/01/2009;31/12/8899
1;1;PRE;7;1525;01/01/2009;31/12/8899
1;1;PRE;1;1528;01/01/2009;31/12/8899
1;1;PRE;5;1529;01/01/2009;31/12/8899
1;1;PRE;1;1530;01/01/2009;31/12/8899
1;1;PRE;6;1532;01/01/2009;31/12/8899
1;1;PRE;5;1534;01/01/2009;31/12/8899
1;1;PRE;7;1537;01/01/2009;31/12/8899
1;1;PRE;5;1538;01/01/2009;31/12/8899
1;1;PRE;7;1541;01/01/2009;31/12/8899
1;1;PRE;7;1541;01/01/2009;31/12/8899
1;1;PRE;5;1542;01/01/2009;31/12/8899
1;1;PRE;5;1542;01/01/2009;31/12/8899
1;1;PRE;5;1544;01/01/2009;31/12/8899
1;1;PRE;5;1544;01/01/2009;31/12/8899
1;1;PRE;6;1547;01/01/2009;31/12/8899
1;1;PRE;5;1549;01/01/2009;31/12/8899
1;1;PRE;5;1550;01/01/2009;31/12/8899
1;1;PRE;5;1551;01/01/2009;31/12/8899
1;1;PRE;5;1551;01/01/2009;31/12/8899
1;1;PRE;7;1552;01/01/2009;31/12/8899
1;1;PRE;7;1552;01/01/2009;31/12/8899
1;1;PRE;7;1552;01/01/2009;31/12/8899
1;1;PRE;20;1553;01/01/2009;31/12/8899
1;1;PRE;6;1554;01/01/2009;31/12/8899
1;1;PRE;6;1555;01/01/2009;31/12/8899
1;1;PRE;6;1555;01/01/2009;31/12/8899
1;1;PRE;5;1558;01/01/2009;31/12/8899
1;1;PRE;10;1560;01/01/2009;31/12/8899
1;1;PRE;5;1562;01/01/2009;31/12/8899
1;1;PRE;5;1563;01/01/2009;31/12/8899
1;1;PRE;1;1567;01/01/2009;31/12/8899
1;1;PRE;7;1568;01/01/2009;31/12/8899
1;1;PRE;7;1568;01/01/2009;31/12/8899
1;1;PRE;7;1568;01/01/2009;31/12/8899
1;1;PRE;18;157;01/01/2009;31/12/8899
1;1;PRE;5;1574;01/01/2009;31/12/8899
1;1;PRE;5;1574;01/01/2009;31/12/8899
1;1;PRE;5;1577;01/01/2009;31/12/8899
1;1;PRE;7;1581;01/01/2009;31/12/8899
1;1;PRE;7;1581;01/01/2009;31/12/8899
1;1;PRE;5;1582;01/01/2009;31/12/8899
1;1;PRE;5;1582;01/01/2009;31/12/8899
1;1;PRE;6;1583;01/01/2009;31/12/8899
1;1;PRE;5;1584;01/01/2009;31/12/8899
1;1;PRE;5;1584;01/01/2009;31/12/8899
1;1;PRE;20;1585;01/01/2009;31/12/8899
1;1;PRE;7;1587;01/01/2009;31/12/8899
1;1;PRE;7;1587;01/01/2009;31/12/8899
1;1;PRE;5;1590;01/01/2009;31/12/8899
1;1;PRE;5;1590;01/01/2009;31/12/8899
1;1;PRE;5;1590;01/01/2009;31/12/8899
1;1;PRE;5;1591;01/01/2009;31/12/8899
1;1;PRE;5;1591;01/01/2009;31/12/8899
1;1;PRE;5;1593;01/01/2009;31/12/8899
1;1;PRE;5;1593;01/01/2009;31/12/8899
1;1;PRE;5;1593;01/01/2009;31/12/8899
1;1;PRE;6;1594;01/01/2009;31/12/8899
1;1;PRE;7;1595;01/01/2009;31/12/8899
1;1;PRE;7;1595;01/01/2009;31/12/8899
1;1;PRE;7;1598;01/01/2009;31/12/8899
1;1;PRE;1;1599;01/01/2009;31/12/8899
1;1;PRE;9;16;01/01/2009;31/12/8899
1;1;PRE;6;160;01/01/2009;31/12/8899
1;1;PRE;6;160;01/01/2009;31/12/8899
1;1;PRE;6;160;01/01/2009;31/12/8899
1;1;PRE;5;1600;01/01/2009;31/12/8899
1;1;PRE;5;1600;01/01/2009;31/12/8899
1;1;PRE;5;1600;01/01/2009;31/12/8899
1;1;PRE;3;1601;01/01/2009;31/12/8899
1;1;PRE;5;1602;01/01/2009;31/12/8899
1;1;PRE;5;1602;01/01/2009;31/12/8899
1;1;PRE;7;1603;01/01/2009;31/12/8899
1;1;PRE;7;1603;01/01/2009;31/12/8899
1;1;PRE;6;1604;01/01/2009;31/12/8899
1;1;PRE;6;1605;01/01/2009;31/12/8899
1;1;PRE;6;1605;01/01/2009;31/12/8899
1;1;PRE;7;1606;01/01/2009;31/12/8899
1;1;PRE;7;1606;01/01/2009;31/12/8899
1;1;PRE;5;1607;01/01/2009;31/12/8899
1;1;PRE;5;1608;01/01/2009;31/12/8899
1;1;PRE;7;1609;01/01/2009;31/12/8899
1;1;PRE;7;1609;01/01/2009;31/12/8899
1;1;PRE;7;1609;01/01/2009;31/12/8899
1;1;PRE;6;1611;01/01/2009;31/12/8899
1;1;PRE;6;1611;01/01/2009;31/12/8899
1;1;PRE;6;1611;01/01/2009;31/12/8899
1;1;PRE;6;1612;01/01/2009;31/12/8899
1;1;PRE;6;1612;01/01/2009;31/12/8899
1;1;PRE;6;1612;01/01/2009;31/12/8899
1;1;PRE;6;1613;01/01/2009;31/12/8899
1;1;PRE;6;1613;01/01/2009;31/12/8899
1;1;PRE;6;1613;01/01/2009;31/12/8899
1;1;PRE;7;1614;01/01/2009;31/12/8899
1;1;PRE;7;1614;01/01/2009;31/12/8899
1;1;PRE;7;1614;01/01/2009;31/12/8899
1;1;PRE;7;1614;01/01/2009;31/12/8899
1;1;PRE;7;1615;01/01/2009;31/12/8899
1;1;PRE;7;1615;01/01/2009;31/12/8899
1;1;PRE;7;1615;01/01/2009;31/12/8899
1;1;PRE;1;1616;01/01/2009;31/12/8899
1;1;PRE;5;1617;01/01/2009;31/12/8899
1;1;PRE;5;1617;01/01/2009;31/12/8899
1;1;PRE;1;1619;01/01/2009;31/12/8899
1;1;PRE;7;162;01/01/2009;31/12/8899
1;1;PRE;7;162;01/01/2009;31/12/8899
1;1;PRE;7;162;01/01/2009;31/12/8899
1;1;PRE;7;1620;01/01/2009;31/12/8899
1;1;PRE;7;1620;01/01/2009;31/12/8899
1;1;PRE;5;1622;01/01/2009;31/12/8899
1;1;PRE;5;1622;01/01/2009;31/12/8899
1;1;PRE;3;1623;01/01/2009;31/12/8899
1;1;PRE;7;1624;01/01/2009;31/12/8899
1;1;PRE;7;1625;01/01/2009;31/12/8899
1;1;PRE;5;1628;01/01/2009;31/12/8899
1;1;PRE;5;1628;01/01/2009;31/12/8899
1;1;PRE;18;163;01/01/2009;31/12/8899
1;1;PRE;5;1635;01/01/2009;31/12/8899
1;1;PRE;5;1636;01/01/2009;31/12/8899
1;1;PRE;7;1641;01/01/2009;31/12/8899
1;1;PRE;7;1641;01/01/2009;31/12/8899
1;1;PRE;7;1642;01/01/2009;31/12/8899
1;1;PRE;7;1642;01/01/2009;31/12/8899
1;1;PRE;7;1643;01/01/2009;31/12/8899
1;1;PRE;7;1645;01/01/2009;31/12/8899
1;1;PRE;7;1645;01/01/2009;31/12/8899
1;1;PRE;5;165;01/01/2009;31/12/8899
1;1;PRE;5;165;01/01/2009;31/12/8899
1;1;PRE;20;1651;01/01/2009;31/12/8899
1;1;PRE;1;1652;01/01/2009;31/12/8899
1;1;PRE;6;1653;01/01/2009;31/12/8899
1;1;PRE;5;1654;01/01/2009;31/12/8899
1;1;PRE;7;1655;01/01/2009;31/12/8899
1;1;PRE;7;1655;01/01/2009;31/12/8899
1;1;PRE;6;1656;01/01/2009;31/12/8899
1;1;PRE;5;1658;01/01/2009;31/12/8899
1;1;PRE;5;1659;01/01/2009;31/12/8899
1;1;PRE;5;1659;01/01/2009;31/12/8899
1;1;PRE;5;1659;01/01/2009;31/12/8899
1;1;PRE;7;1660;01/01/2009;31/12/8899
1;1;PRE;7;1660;01/01/2009;31/12/8899
1;1;PRE;7;1660;01/01/2009;31/12/8899
1;1;PRE;7;1663;01/01/2009;31/12/8899
1;1;PRE;7;1663;01/01/2009;31/12/8899
1;1;PRE;5;1664;01/01/2009;31/12/8899
1;1;PRE;5;1667;01/01/2009;31/12/8899
1;1;PRE;5;1668;01/01/2009;31/12/8899
1;1;PRE;5;1668;01/01/2009;31/12/8899
1;1;PRE;5;1668;01/01/2009;31/12/8899
1;1;PRE;5;1670;01/01/2009;31/12/8899
1;1;PRE;5;1670;01/01/2009;31/12/8899
1;1;PRE;1;1674;01/01/2009;31/12/8899
1;1;PRE;6;1675;01/01/2009;31/12/8899
1;1;PRE;5;1677;01/01/2009;31/12/8899
1;1;PRE;5;1677;01/01/2009;31/12/8899
1;1;PRE;1;1678;01/01/2009;31/12/8899
1;1;PRE;1;1679;01/01/2009;31/12/8899
1;1;PRE;20;1680;01/01/2009;31/12/8899
1;1;PRE;6;1684;01/01/2009;31/12/8899
1;1;PRE;5;1687;01/01/2009;31/12/8899
1;1;PRE;5;1687;01/01/2009;31/12/8899
1;1;PRE;5;1688;01/01/2009;31/12/8899
1;1;PRE;5;1689;01/01/2009;31/12/8899
1;1;PRE;6;169;01/01/2009;31/12/8899
1;1;PRE;5;1691;01/01/2009;31/12/8899
1;1;PRE;5;1692;01/01/2009;31/12/8899
1;1;PRE;7;1694;01/01/2009;31/12/8899
1;1;PRE;7;1695;01/01/2009;31/12/8899
1;1;PRE;7;1695;01/01/2009;31/12/8899
1;1;PRE;6;1696;01/01/2009;31/12/8899
1;1;PRE;5;1697;01/01/2009;31/12/8899
1;1;PRE;5;1697;01/01/2009;31/12/8899
1;1;PRE;7;1698;01/01/2009;31/12/8899
1;1;PRE;7;1698;01/01/2009;31/12/8899
1;1;PRE;5;1699;01/01/2009;31/12/8899
1;1;PRE;5;1699;01/01/2009;31/12/8899
1;1;PRE;5;1701;01/01/2009;31/12/8899
1;1;PRE;5;1702;01/01/2009;31/12/8899
1;1;PRE;5;1703;01/01/2009;31/12/8899
1;1;PRE;5;1703;01/01/2009;31/12/8899
1;1;PRE;5;1704;01/01/2009;31/12/8899
1;1;PRE;5;1705;01/01/2009;31/12/8899
1;1;PRE;7;1706;01/01/2009;31/12/8899
1;1;PRE;7;1706;01/01/2009;31/12/8899
1;1;PRE;7;1707;01/01/2009;31/12/8899
1;1;PRE;7;1708;01/01/2009;31/12/8899
1;1;PRE;7;1711;01/01/2009;31/12/8899
1;1;PRE;19;1712;01/01/2009;31/12/8899
1;1;PRE;6;1714;01/01/2009;31/12/8899
1;1;PRE;3;1716;01/01/2009;31/12/8899
1;1;PRE;7;1717;01/01/2009;31/12/8899
1;1;PRE;1;1718;01/01/2009;31/12/8899
1;1;PRE;5;1719;01/01/2009;31/12/8899
1;1;PRE;5;1719;01/01/2009;31/12/8899
1;1;PRE;5;1723;01/01/2009;31/12/8899
1;1;PRE;5;1723;01/01/2009;31/12/8899
1;1;PRE;5;1724;01/01/2009;31/12/8899
1;1;PRE;5;1724;01/01/2009;31/12/8899
1;1;PRE;5;1724;01/01/2009;31/12/8899
1;1;PRE;5;1725;01/01/2009;31/12/8899
1;1;PRE;5;1725;01/01/2009;31/12/8899
1;1;PRE;5;1725;01/01/2009;31/12/8899
1;1;PRE;6;1726;01/01/2009;31/12/8899
1;1;PRE;1;1727;01/01/2009;31/12/8899
1;1;PRE;6;1728;01/01/2009;31/12/8899
1;1;PRE;7;1729;01/01/2009;31/12/8899
1;1;PRE;6;1731;01/01/2009;31/12/8899
1;1;PRE;7;1733;01/01/2009;31/12/8899
1;1;PRE;7;1733;01/01/2009;31/12/8899
1;1;PRE;5;1736;01/01/2009;31/12/8899
1;1;PRE;5;1736;01/01/2009;31/12/8899
1;1;PRE;5;1736;01/01/2009;31/12/8899
1;1;PRE;7;1737;01/01/2009;31/12/8899
1;1;PRE;7;1737;01/01/2009;31/12/8899
1;1;PRE;7;1737;01/01/2009;31/12/8899
1;1;PRE;5;1738;01/01/2009;31/12/8899
1;1;PRE;5;1741;01/01/2009;31/12/8899
1;1;PRE;5;1741;01/01/2009;31/12/8899
1;1;PRE;5;1741;01/01/2009;31/12/8899
1;1;PRE;7;1744;01/01/2009;31/12/8899
1;1;PRE;7;1744;01/01/2009;31/12/8899
1;1;PRE;5;1745;01/01/2009;31/12/8899
1;1;PRE;5;1745;01/01/2009;31/12/8899
1;1;PRE;5;1745;01/01/2009;31/12/8899
1;1;PRE;5;1746;01/01/2009;31/12/8899
1;1;PRE;5;1746;01/01/2009;31/12/8899
1;1;PRE;6;1747;01/01/2009;31/12/8899
1;1;PRE;7;1749;01/01/2009;31/12/8899
1;1;PRE;7;1750;01/01/2009;31/12/8899
1;1;PRE;6;1751;01/01/2009;31/12/8899
1;1;PRE;6;1751;01/01/2009;31/12/8899
1;1;PRE;7;1753;01/01/2009;31/12/8899
1;1;PRE;7;1753;01/01/2009;31/12/8899
1;1;PRE;7;1755;01/01/2009;31/12/8899
1;1;PRE;7;1755;01/01/2009;31/12/8899
1;1;PRE;7;1758;01/01/2009;31/12/8899
1;1;PRE;7;1758;01/01/2009;31/12/8899
1;1;PRE;3;1764;01/01/2009;31/12/8899
1;1;PRE;3;1765;01/01/2009;31/12/8899
1;1;PRE;3;1766;01/01/2009;31/12/8899
1;1;PRE;3;1767;01/01/2009;31/12/8899
1;1;PRE;3;1768;01/01/2009;31/12/8899
1;1;PRE;1;1769;01/01/2009;31/12/8899
1;1;PRE;1;177;01/01/2009;31/12/8899
1;1;PRE;1;177;01/01/2009;31/12/8899
1;1;PRE;3;1770;01/01/2009;31/12/8899
1;1;PRE;3;1771;01/01/2009;31/12/8899
1;1;PRE;3;1772;01/01/2009;31/12/8899
1;1;PRE;3;1773;01/01/2009;31/12/8899
1;1;PRE;19;1774;01/01/2009;31/12/8899
1;1;PRE;3;1775;01/01/2009;31/12/8899
1;1;PRE;3;1776;01/01/2009;31/12/8899
1;1;PRE;3;1777;01/01/2009;31/12/8899
1;1;PRE;3;1778;01/01/2009;31/12/8899
1;1;PRE;3;1779;01/01/2009;31/12/8899
1;1;PRE;3;1780;01/01/2009;31/12/8899
1;1;PRE;3;1781;01/01/2009;31/12/8899
1;1;PRE;5;1782;01/01/2009;31/12/8899
1;1;PRE;6;1783;01/01/2009;31/12/8899
1;1;PRE;7;1785;01/01/2009;31/12/8899
1;1;PRE;3;1788;01/01/2009;31/12/8899
1;1;PRE;5;1789;01/01/2009;31/12/8899
1;1;PRE;3;1790;01/01/2009;31/12/8899
1;1;PRE;3;1791;01/01/2009;31/12/8899
1;1;PRE;3;1792;01/01/2009;31/12/8899
1;1;PRE;5;1793;01/01/2009;31/12/8899
1;1;PRE;5;1793;01/01/2009;31/12/8899
1;1;PRE;5;1794;01/01/2009;31/12/8899
1;1;PRE;5;1796;01/01/2009;31/12/8899
1;1;PRE;3;1797;01/01/2009;31/12/8899
1;1;PRE;3;1798;01/01/2009;31/12/8899
1;1;PRE;7;1799;01/01/2009;31/12/8899
1;1;PRE;6;1800;01/01/2009;31/12/8899
1;1;PRE;3;1801;01/01/2009;31/12/8899
1;1;PRE;5;1802;01/01/2009;31/12/8899
1;1;PRE;5;1802;01/01/2009;31/12/8899
1;1;PRE;5;1802;01/01/2009;31/12/8899
1;1;PRE;5;1803;01/01/2009;31/12/8899
1;1;PRE;5;1803;01/01/2009;31/12/8899
1;1;PRE;5;1803;01/01/2009;31/12/8899
1;1;PRE;3;1805;01/01/2009;31/12/8899
1;1;PRE;3;1806;01/01/2009;31/12/8899
1;1;PRE;3;1807;01/01/2009;31/12/8899
1;1;PRE;3;1808;01/01/2009;31/12/8899
1;1;PRE;6;1809;01/01/2009;31/12/8899
1;1;PRE;5;181;01/01/2009;31/12/8899
1;1;PRE;5;181;01/01/2009;31/12/8899
1;1;PRE;3;1811;01/01/2009;31/12/8899
1;1;PRE;5;1812;01/01/2009;31/12/8899
1;1;PRE;19;1813;01/01/2009;31/12/8899
1;1;PRE;5;1814;01/01/2009;31/12/8899
1;1;PRE;1;1815;01/01/2009;31/12/8899
1;1;PRE;19;1818;01/01/2009;31/12/8899
1;1;PRE;3;1819;01/01/2009;31/12/8899
1;1;PRE;3;1820;01/01/2009;31/12/8899
1;1;PRE;3;1824;01/01/2009;31/12/8899
1;1;PRE;3;1825;01/01/2009;31/12/8899
1;1;PRE;3;1826;01/01/2009;31/12/8899
1;1;PRE;3;1827;01/01/2009;31/12/8899
1;1;PRE;3;1828;01/01/2009;31/12/8899
1;1;PRE;3;1829;01/01/2009;31/12/8899
1;1;PRE;3;1830;01/01/2009;31/12/8899
1;1;PRE;3;1831;01/01/2009;31/12/8899
1;1;PRE;3;1832;01/01/2009;31/12/8899
1;1;PRE;3;1833;01/01/2009;31/12/8899
1;1;PRE;3;1834;01/01/2009;31/12/8899
1;1;PRE;3;1835;01/01/2009;31/12/8899
1;1;PRE;3;1836;01/01/2009;31/12/8899
1;1;PRE;3;1837;01/01/2009;31/12/8899
1;1;PRE;3;1838;01/01/2009;31/12/8899
1;1;PRE;6;1839;01/01/2009;31/12/8899
1;1;PRE;3;1840;01/01/2009;31/12/8899
1;1;PRE;3;1841;01/01/2009;31/12/8899
1;1;PRE;3;1842;01/01/2009;31/12/8899
1;1;PRE;3;1843;01/01/2009;31/12/8899
1;1;PRE;3;1844;01/01/2009;31/12/8899
1;1;PRE;5;1845;01/01/2009;31/12/8899
1;1;PRE;5;1848;01/01/2009;31/12/8899
1;1;PRE;3;1849;01/01/2009;31/12/8899
1;1;PRE;5;1850;01/01/2009;31/12/8899
1;1;PRE;7;1854;01/01/2009;31/12/8899
1;1;PRE;7;1854;01/01/2009;31/12/8899
1;1;PRE;7;1854;01/01/2009;31/12/8899
1;1;PRE;19;1855;01/01/2009;31/12/8899
1;1;PRE;19;1855;01/01/2009;31/12/8899
1;1;PRE;3;1856;01/01/2009;31/12/8899
1;1;PRE;7;1859;01/01/2009;31/12/8899
1;1;PRE;7;1859;01/01/2009;31/12/8899
1;1;PRE;3;1862;01/01/2009;31/12/8899
1;1;PRE;3;1863;01/01/2009;31/12/8899
1;1;PRE;6;1864;01/01/2009;31/12/8899
1;1;PRE;7;1865;01/01/2009;31/12/8899
1;1;PRE;6;18684;01/01/2009;31/12/8899
1;1;PRE;5;1870;01/01/2009;31/12/8899
1;1;PRE;5;1870;01/01/2009;31/12/8899
1;1;PRE;5;1870;01/01/2009;31/12/8899
1;1;PRE;19;1871;01/01/2009;31/12/8899
1;1;PRE;7;1872;01/01/2009;31/12/8899
1;1;PRE;7;1872;01/01/2009;31/12/8899
1;1;PRE;1;1873;01/01/2009;31/12/8899
1;1;PRE;3;1874;01/01/2009;31/12/8899
1;1;PRE;5;1875;01/01/2009;31/12/8899
1;1;PRE;3;1876;01/01/2009;31/12/8899
1;1;PRE;5;1877;01/01/2009;31/12/8899
1;1;PRE;5;1877;01/01/2009;31/12/8899
1;1;PRE;5;1878;01/01/2009;31/12/8899
1;1;PRE;1;1879;01/01/2009;31/12/8899
1;1;PRE;7;188;01/01/2009;31/12/8899
1;1;PRE;7;188;01/01/2009;31/12/8899
1;1;PRE;5;1881;01/01/2009;31/12/8899
1;1;PRE;3;1882;01/01/2009;31/12/8899
1;1;PRE;3;1883;01/01/2009;31/12/8899
1;1;PRE;1;1884;01/01/2009;31/12/8899
1;1;PRE;5;1885;01/01/2009;31/12/8899
1;1;PRE;1;1887;01/01/2009;31/12/8899
1;1;PRE;5;1888;01/01/2009;31/12/8899
1;1;PRE;6;189;01/01/2009;31/12/8899
1;1;PRE;6;189;01/01/2009;31/12/8899
1;1;PRE;6;189;01/01/2009;31/12/8899
1;1;PRE;6;190;01/01/2009;31/12/8899
1;1;PRE;6;190;01/01/2009;31/12/8899
1;1;PRE;7;191;01/01/2009;31/12/8899
1;1;PRE;7;191;01/01/2009;31/12/8899
1;1;PRE;6;195;01/01/2009;31/12/8899
1;1;PRE;6;195;01/01/2009;31/12/8899
1;1;PRE;6;195;01/01/2009;31/12/8899
1;1;PRE;6;195;01/01/2009;31/12/8899
1;1;PRE;6;195;01/01/2009;31/12/8899
1;1;PRE;6;198;01/01/2009;31/12/8899
1;1;PRE;14;20;01/01/2009;31/12/8899
2;1;PRE;4;20002;01/01/2009;31/12/8899
2;1;PRE;4;20002;01/01/2009;31/12/8899
2;1;PRE;4;20002;01/01/2009;31/12/8899
2;1;PRE;6;20010;01/01/2009;31/12/8899
2;1;PRE;4;20018;01/01/2009;31/12/8899
2;1;PRE;4;20018;01/01/2009;31/12/8899
2;1;PRE;4;20018;01/01/2009;31/12/8899
2;1;PRE;4;20020;01/01/2009;31/12/8899
2;1;PRE;4;20020;01/01/2009;31/12/8899
2;1;PRE;6;20024;01/01/2009;31/12/8899
2;1;PRE;22;20031;01/01/2009;31/12/8899
2;1;PRE;3;20038;01/01/2009;31/12/8899
2;1;PRE;6;20045;01/01/2009;31/12/8899
2;1;PRE;3;20052;01/01/2009;31/12/8899
2;1;PRE;4;20054;01/01/2009;31/12/8899
2;1;PRE;4;20054;01/01/2009;31/12/8899
2;1;PRE;4;20054;01/01/2009;31/12/8899
2;1;PRE;4;20056;01/01/2009;31/12/8899
2;1;PRE;4;20058;01/01/2009;31/12/8899
2;1;PRE;4;20063;01/01/2009;31/12/8899
2;1;PRE;4;20065;01/01/2009;31/12/8899
2;1;PRE;5;20067;01/01/2009;31/12/8899
2;1;PRE;3;20069;01/01/2009;31/12/8899
2;1;PRE;4;20070;01/01/2009;31/12/8899
2;1;PRE;5;20072;01/01/2009;31/12/8899
2;1;PRE;4;20076;01/01/2009;31/12/8899
2;1;PRE;5;20079;01/01/2009;31/12/8899
2;1;PRE;5;20080;01/01/2009;31/12/8899
2;1;PRE;4;20082;01/01/2009;31/12/8899
2;1;PRE;4;20082;01/01/2009;31/12/8899
2;1;PRE;4;20084;01/01/2009;31/12/8899
2;1;PRE;4;20086;01/01/2009;31/12/8899
2;1;PRE;5;20097;01/01/2009;31/12/8899
2;1;PRE;4;20101;01/01/2009;31/12/8899
2;1;PRE;4;20104;01/01/2009;31/12/8899
2;1;PRE;4;20104;01/01/2009;31/12/8899
2;1;PRE;3;20105;01/01/2009;31/12/8899
2;1;PRE;6;20108;01/01/2009;31/12/8899
2;1;PRE;1;20119;01/01/2009;31/12/8899
2;1;PRE;1;20119;01/01/2009;31/12/8899
2;1;PRE;3;20122;01/01/2009;31/12/8899
2;1;PRE;3;20126;01/01/2009;31/12/8899
2;1;PRE;3;20126;01/01/2009;31/12/8899
2;1;PRE;3;20126;01/01/2009;31/12/8899
2;1;PRE;1;20127;01/01/2009;31/12/8899
2;1;PRE;1;20127;01/01/2009;31/12/8899
2;1;PRE;3;20130;01/01/2009;31/12/8899
2;1;PRE;3;20130;01/01/2009;31/12/8899
2;1;PRE;3;20130;01/01/2009;31/12/8899
2;1;PRE;6;20136;01/01/2009;31/12/8899
2;1;PRE;5;20140;01/01/2009;31/12/8899
2;1;PRE;3;20150;01/01/2009;31/12/8899
2;1;PRE;3;20151;01/01/2009;31/12/8899
2;1;PRE;4;20152;01/01/2009;31/12/8899
2;1;PRE;4;20153;01/01/2009;31/12/8899
2;1;PRE;3;20154;01/01/2009;31/12/8899
2;1;PRE;3;20154;01/01/2009;31/12/8899
2;1;PRE;3;20154;01/01/2009;31/12/8899
2;1;PRE;5;20156;01/01/2009;31/12/8899
2;1;PRE;3;20157;01/01/2009;31/12/8899
2;1;PRE;3;20157;01/01/2009;31/12/8899
2;1;PRE;3;20157;01/01/2009;31/12/8899
2;1;PRE;4;20159;01/01/2009;31/12/8899
2;1;PRE;4;20159;01/01/2009;31/12/8899
2;1;PRE;4;20163;01/01/2009;31/12/8899
2;1;PRE;4;20163;01/01/2009;31/12/8899
2;1;PRE;4;20163;01/01/2009;31/12/8899
2;1;PRE;5;20166;01/01/2009;31/12/8899
2;1;PRE;1;20167;01/01/2009;31/12/8899
2;1;PRE;5;20169;01/01/2009;31/12/8899
2;1;PRE;4;20172;01/01/2009;31/12/8899
2;1;PRE;4;20172;01/01/2009;31/12/8899
2;1;PRE;4;20177;01/01/2009;31/12/8899
2;1;PRE;4;20177;01/01/2009;31/12/8899
2;1;PRE;4;20177;01/01/2009;31/12/8899
2;1;PRE;4;20178;01/01/2009;31/12/8899
2;1;PRE;4;20181;01/01/2009;31/12/8899
2;1;PRE;4;20181;01/01/2009;31/12/8899
2;1;PRE;3;20185;01/01/2009;31/12/8899
2;1;PRE;3;20186;01/01/2009;31/12/8899
2;1;PRE;3;20186;01/01/2009;31/12/8899
2;1;PRE;3;20186;01/01/2009;31/12/8899
2;1;PRE;4;20187;01/01/2009;31/12/8899
2;1;PRE;6;20189;01/01/2009;31/12/8899
2;1;PRE;6;20190;01/01/2009;31/12/8899
2;1;PRE;6;20194;01/01/2009;31/12/8899
2;1;PRE;6;20197;01/01/2009;31/12/8899
2;1;PRE;3;20200;01/01/2009;31/12/8899
2;1;PRE;3;20200;01/01/2009;31/12/8899
2;1;PRE;3;20200;01/01/2009;31/12/8899
2;1;PRE;3;20201;01/01/2009;31/12/8899
2;1;PRE;6;20202;01/01/2009;31/12/8899
2;1;PRE;5;20203;01/01/2009;31/12/8899
2;1;PRE;3;20204;01/01/2009;31/12/8899
2;1;PRE;3;20204;01/01/2009;31/12/8899
2;1;PRE;3;20204;01/01/2009;31/12/8899
2;1;PRE;3;20205;01/01/2009;31/12/8899
2;1;PRE;5;20208;01/01/2009;31/12/8899
2;1;PRE;3;20211;01/01/2009;31/12/8899
2;1;PRE;3;20211;01/01/2009;31/12/8899
2;1;PRE;3;20211;01/01/2009;31/12/8899
2;1;PRE;4;20212;01/01/2009;31/12/8899
2;1;PRE;5;20214;01/01/2009;31/12/8899
2;1;PRE;4;20215;01/01/2009;31/12/8899
2;1;PRE;4;20215;01/01/2009;31/12/8899
2;1;PRE;6;20216;01/01/2009;31/12/8899
2;1;PRE;4;20218;01/01/2009;31/12/8899
2;1;PRE;4;20218;01/01/2009;31/12/8899
2;1;PRE;3;20219;01/01/2009;31/12/8899
2;1;PRE;5;20220;01/01/2009;31/12/8899
2;1;PRE;5;20233;01/01/2009;31/12/8899
2;1;PRE;6;20234;01/01/2009;31/12/8899
2;1;PRE;3;20236;01/01/2009;31/12/8899
2;1;PRE;3;20236;01/01/2009;31/12/8899
2;1;PRE;4;20239;01/01/2009;31/12/8899
2;1;PRE;4;20239;01/01/2009;31/12/8899
2;1;PRE;3;20240;01/01/2009;31/12/8899
2;1;PRE;3;20241;01/01/2009;31/12/8899
2;1;PRE;3;20241;01/01/2009;31/12/8899
2;1;PRE;3;20241;01/01/2009;31/12/8899
2;1;PRE;3;20242;01/01/2009;31/12/8899
2;1;PRE;6;20243;01/01/2009;31/12/8899
2;1;PRE;4;20245;01/01/2009;31/12/8899
2;1;PRE;4;20245;01/01/2009;31/12/8899
2;1;PRE;6;20249;01/01/2009;31/12/8899
2;1;PRE;3;20250;01/01/2009;31/12/8899
2;1;PRE;3;20250;01/01/2009;31/12/8899
2;1;PRE;3;20250;01/01/2009;31/12/8899
2;1;PRE;4;20251;01/01/2009;31/12/8899
2;1;PRE;4;20251;01/01/2009;31/12/8899
2;1;PRE;3;20252;01/01/2009;31/12/8899
2;1;PRE;3;20252;01/01/2009;31/12/8899
2;1;PRE;3;20252;01/01/2009;31/12/8899
2;1;PRE;4;20254;01/01/2009;31/12/8899
2;1;PRE;4;20255;01/01/2009;31/12/8899
2;1;PRE;4;20255;01/01/2009;31/12/8899
2;1;PRE;4;20258;01/01/2009;31/12/8899
2;1;PRE;1;20259;01/01/2009;31/12/8899
2;1;PRE;1;20259;01/01/2009;31/12/8899
2;1;PRE;3;20260;01/01/2009;31/12/8899
2;1;PRE;4;20267;01/01/2009;31/12/8899
2;1;PRE;6;20270;01/01/2009;31/12/8899
2;1;PRE;3;20277;01/01/2009;31/12/8899
2;1;PRE;4;20278;01/01/2009;31/12/8899
2;1;PRE;4;20280;01/01/2009;31/12/8899
2;1;PRE;4;20280;01/01/2009;31/12/8899
2;1;PRE;3;20281;01/01/2009;31/12/8899
2;1;PRE;3;20282;01/01/2009;31/12/8899
2;1;PRE;3;20282;01/01/2009;31/12/8899
2;1;PRE;3;20282;01/01/2009;31/12/8899
2;1;PRE;6;20283;01/01/2009;31/12/8899
2;1;PRE;1;20284;01/01/2009;31/12/8899
2;1;PRE;3;20286;01/01/2009;31/12/8899
2;1;PRE;3;20286;01/01/2009;31/12/8899
2;1;PRE;3;20286;01/01/2009;31/12/8899
2;1;PRE;6;20289;01/01/2009;31/12/8899
2;1;PRE;6;20290;01/01/2009;31/12/8899
2;1;PRE;6;20291;01/01/2009;31/12/8899
2;1;PRE;4;20293;01/01/2009;31/12/8899
2;1;PRE;3;20294;01/01/2009;31/12/8899
2;1;PRE;3;20294;01/01/2009;31/12/8899
2;1;PRE;3;20294;01/01/2009;31/12/8899
2;1;PRE;5;20298;01/01/2009;31/12/8899
2;1;PRE;5;20299;01/01/2009;31/12/8899
1;1;PRE;6;203;01/01/2009;31/12/8899
1;1;PRE;6;203;01/01/2009;31/12/8899
2;1;PRE;4;20305;01/01/2009;31/12/8899
2;1;PRE;4;20305;01/01/2009;31/12/8899
2;1;PRE;4;20305;01/01/2009;31/12/8899
2;1;PRE;1;20306;01/01/2009;31/12/8899
2;1;PRE;1;20306;01/01/2009;31/12/8899
2;1;PRE;1;20307;01/01/2009;31/12/8899
2;1;PRE;1;20309;01/01/2009;31/12/8899
2;1;PRE;1;20310;01/01/2009;31/12/8899
2;1;PRE;1;20310;01/01/2009;31/12/8899
2;1;PRE;1;20311;01/01/2009;31/12/8899
2;1;PRE;1;20312;01/01/2009;31/12/8899
2;1;PRE;1;20313;01/01/2009;31/12/8899
2;1;PRE;1;20313;01/01/2009;31/12/8899
2;1;PRE;5;20315;01/01/2009;31/12/8899
2;1;PRE;1;20316;01/01/2009;31/12/8899
2;1;PRE;6;20317;01/01/2009;31/12/8899
2;1;PRE;1;20318;01/01/2009;31/12/8899
2;1;PRE;1;20318;01/01/2009;31/12/8899
2;1;PRE;1;20319;01/01/2009;31/12/8899
2;1;PRE;1;20319;01/01/2009;31/12/8899
2;1;PRE;1;20323;01/01/2009;31/12/8899
2;1;PRE;1;20323;01/01/2009;31/12/8899
2;1;PRE;1;20325;01/01/2009;31/12/8899
2;1;PRE;1;20325;01/01/2009;31/12/8899
2;1;PRE;1;20326;01/01/2009;31/12/8899
2;1;PRE;1;20326;01/01/2009;31/12/8899
2;1;PRE;4;20327;01/01/2009;31/12/8899
2;1;PRE;4;20328;01/01/2009;31/12/8899
2;1;PRE;4;20328;01/01/2009;31/12/8899
2;1;PRE;4;20328;01/01/2009;31/12/8899
2;1;PRE;1;20330;01/01/2009;31/12/8899
2;1;PRE;1;20330;01/01/2009;31/12/8899
2;1;PRE;1;20331;01/01/2009;31/12/8899
2;1;PRE;1;20331;01/01/2009;31/12/8899
2;1;PRE;1;20334;01/01/2009;31/12/8899
2;1;PRE;1;20335;01/01/2009;31/12/8899
2;1;PRE;1;20335;01/01/2009;31/12/8899
2;1;PRE;5;20341;01/01/2009;31/12/8899
2;1;PRE;3;20343;01/01/2009;31/12/8899
2;1;PRE;3;20347;01/01/2009;31/12/8899
2;1;PRE;4;20348;01/01/2009;31/12/8899
2;1;PRE;5;20351;01/01/2009;31/12/8899
2;1;PRE;5;20353;01/01/2009;31/12/8899
2;1;PRE;5;20354;01/01/2009;31/12/8899
2;1;PRE;1;20356;01/01/2009;31/12/8899
2;1;PRE;1;20356;01/01/2009;31/12/8899
2;1;PRE;5;20359;01/01/2009;31/12/8899
2;1;PRE;23;20360;01/01/2009;31/12/8899
2;1;PRE;23;20360;01/01/2009;31/12/8899
2;1;PRE;4;20363;01/01/2009;31/12/8899
2;1;PRE;4;20367;01/01/2009;31/12/8899
2;1;PRE;3;20368;01/01/2009;31/12/8899
2;1;PRE;3;20368;01/01/2009;31/12/8899
2;1;PRE;3;20368;01/01/2009;31/12/8899
2;1;PRE;3;20370;01/01/2009;31/12/8899
2;1;PRE;3;20370;01/01/2009;31/12/8899
2;1;PRE;5;20371;01/01/2009;31/12/8899
2;1;PRE;6;20372;01/01/2009;31/12/8899
2;1;PRE;1;20375;01/01/2009;31/12/8899
2;1;PRE;4;20376;01/01/2009;31/12/8899
2;1;PRE;4;20376;01/01/2009;31/12/8899
2;1;PRE;1;20378;01/01/2009;31/12/8899
2;1;PRE;1;20378;01/01/2009;31/12/8899
2;1;PRE;4;20381;01/01/2009;31/12/8899
2;1;PRE;4;20381;01/01/2009;31/12/8899
2;1;PRE;3;20383;01/01/2009;31/12/8899
2;1;PRE;3;20384;01/01/2009;31/12/8899
2;1;PRE;3;20391;01/01/2009;31/12/8899
2;1;PRE;3;20391;01/01/2009;31/12/8899
2;1;PRE;3;20391;01/01/2009;31/12/8899
2;1;PRE;5;20392;01/01/2009;31/12/8899
2;1;PRE;5;20393;01/01/2009;31/12/8899
2;1;PRE;5;20395;01/01/2009;31/12/8899
1;1;PRE;6;204;01/01/2009;31/12/8899
2;1;PRE;3;20404;01/01/2009;31/12/8899
2;1;PRE;3;20404;01/01/2009;31/12/8899
2;1;PRE;6;20406;01/01/2009;31/12/8899
2;1;PRE;4;20407;01/01/2009;31/12/8899
2;1;PRE;4;20407;01/01/2009;31/12/8899
2;1;PRE;4;20409;01/01/2009;31/12/8899
2;1;PRE;4;20409;01/01/2009;31/12/8899
2;1;PRE;6;20410;01/01/2009;31/12/8899
2;1;PRE;6;20413;01/01/2009;31/12/8899
2;1;PRE;6;20414;01/01/2009;31/12/8899
2;1;PRE;6;20416;01/01/2009;31/12/8899
2;1;PRE;6;20417;01/01/2009;31/12/8899
2;1;PRE;5;20418;01/01/2009;31/12/8899
2;1;PRE;6;20419;01/01/2009;31/12/8899
2;1;PRE;6;20420;01/01/2009;31/12/8899
2;1;PRE;6;20421;01/01/2009;31/12/8899
2;1;PRE;4;20422;01/01/2009;31/12/8899
2;1;PRE;5;20423;01/01/2009;31/12/8899
2;1;PRE;4;20424;01/01/2009;31/12/8899
2;1;PRE;4;20424;01/01/2009;31/12/8899
2;1;PRE;4;20427;01/01/2009;31/12/8899
2;1;PRE;4;20427;01/01/2009;31/12/8899
2;1;PRE;6;20428;01/01/2009;31/12/8899
2;1;PRE;5;20431;01/01/2009;31/12/8899
2;1;PRE;4;20432;01/01/2009;31/12/8899
2;1;PRE;4;20432;01/01/2009;31/12/8899
2;1;PRE;4;20432;01/01/2009;31/12/8899
2;1;PRE;4;20434;01/01/2009;31/12/8899
2;1;PRE;4;20434;01/01/2009;31/12/8899
2;1;PRE;4;20434;01/01/2009;31/12/8899
2;1;PRE;6;20436;01/01/2009;31/12/8899
2;1;PRE;6;20439;01/01/2009;31/12/8899
2;1;PRE;5;20442;01/01/2009;31/12/8899
2;1;PRE;4;20447;01/01/2009;31/12/8899
2;1;PRE;5;20448;01/01/2009;31/12/8899
2;1;PRE;3;20451;01/01/2009;31/12/8899
2;1;PRE;3;20451;01/01/2009;31/12/8899
2;1;PRE;3;20451;01/01/2009;31/12/8899
2;1;PRE;4;20453;01/01/2009;31/12/8899
2;1;PRE;5;20457;01/01/2009;31/12/8899
2;1;PRE;5;20459;01/01/2009;31/12/8899
2;1;PRE;3;20465;01/01/2009;31/12/8899
2;1;PRE;4;20466;01/01/2009;31/12/8899
2;1;PRE;4;20466;01/01/2009;31/12/8899
2;1;PRE;5;20467;01/01/2009;31/12/8899
2;1;PRE;4;20469;01/01/2009;31/12/8899
2;1;PRE;4;20469;01/01/2009;31/12/8899
2;1;PRE;4;20469;01/01/2009;31/12/8899
2;1;PRE;5;20472;01/01/2009;31/12/8899
2;1;PRE;5;20473;01/01/2009;31/12/8899
2;1;PRE;4;20474;01/01/2009;31/12/8899
2;1;PRE;4;20474;01/01/2009;31/12/8899
2;1;PRE;3;20475;01/01/2009;31/12/8899
2;1;PRE;4;20476;01/01/2009;31/12/8899
2;1;PRE;4;20476;01/01/2009;31/12/8899
2;1;PRE;6;20480;01/01/2009;31/12/8899
2;1;PRE;4;20486;01/01/2009;31/12/8899
2;1;PRE;4;20487;01/01/2009;31/12/8899
2;1;PRE;4;20487;01/01/2009;31/12/8899
2;1;PRE;4;20489;01/01/2009;31/12/8899
2;1;PRE;4;20489;01/01/2009;31/12/8899
2;1;PRE;4;20489;01/01/2009;31/12/8899
2;1;PRE;5;20490;01/01/2009;31/12/8899
2;1;PRE;6;20491;01/01/2009;31/12/8899
2;1;PRE;3;20494;01/01/2009;31/12/8899
2;1;PRE;3;20494;01/01/2009;31/12/8899
2;1;PRE;3;20494;01/01/2009;31/12/8899
2;1;PRE;3;20495;01/01/2009;31/12/8899
2;1;PRE;3;20495;01/01/2009;31/12/8899
2;1;PRE;3;20495;01/01/2009;31/12/8899
2;1;PRE;4;20497;01/01/2009;31/12/8899
2;1;PRE;5;20500;01/01/2009;31/12/8899
2;1;PRE;4;20504;01/01/2009;31/12/8899
2;1;PRE;4;20504;01/01/2009;31/12/8899
2;1;PRE;4;20505;01/01/2009;31/12/8899
2;1;PRE;4;20505;01/01/2009;31/12/8899
2;1;PRE;4;20506;01/01/2009;31/12/8899
2;1;PRE;4;20506;01/01/2009;31/12/8899
2;1;PRE;3;20508;01/01/2009;31/12/8899
2;1;PRE;3;20508;01/01/2009;31/12/8899
2;1;PRE;3;20508;01/01/2009;31/12/8899
2;1;PRE;4;20509;01/01/2009;31/12/8899
2;1;PRE;4;20509;01/01/2009;31/12/8899
2;1;PRE;4;20510;01/01/2009;31/12/8899
2;1;PRE;2;20513;01/01/2009;31/12/8899
2;1;PRE;4;20518;01/01/2009;31/12/8899
2;1;PRE;4;20518;01/01/2009;31/12/8899
2;1;PRE;3;20520;01/01/2009;31/12/8899
2;1;PRE;3;20521;01/01/2009;31/12/8899
2;1;PRE;3;20521;01/01/2009;31/12/8899
2;1;PRE;3;20523;01/01/2009;31/12/8899
2;1;PRE;3;20523;01/01/2009;31/12/8899
2;1;PRE;5;20525;01/01/2009;31/12/8899
2;1;PRE;3;20527;01/01/2009;31/12/8899
2;1;PRE;3;20527;01/01/2009;31/12/8899
2;1;PRE;4;20530;01/01/2009;31/12/8899
2;1;PRE;4;20530;01/01/2009;31/12/8899
2;1;PRE;4;20530;01/01/2009;31/12/8899
2;1;PRE;6;20531;01/01/2009;31/12/8899
2;1;PRE;6;20532;01/01/2009;31/12/8899
2;1;PRE;3;20536;01/01/2009;31/12/8899
2;1;PRE;3;20537;01/01/2009;31/12/8899
2;1;PRE;3;20537;01/01/2009;31/12/8899
2;1;PRE;3;20537;01/01/2009;31/12/8899
2;1;PRE;6;20538;01/01/2009;31/12/8899
2;1;PRE;5;20540;01/01/2009;31/12/8899
2;1;PRE;4;20541;01/01/2009;31/12/8899
2;1;PRE;4;20541;01/01/2009;31/12/8899
2;1;PRE;4;20541;01/01/2009;31/12/8899
2;1;PRE;3;20542;01/01/2009;31/12/8899
2;1;PRE;3;20542;01/01/2009;31/12/8899
2;1;PRE;3;20542;01/01/2009;31/12/8899
2;1;PRE;3;20542;01/01/2009;31/12/8899
2;1;PRE;4;20543;01/01/2009;31/12/8899
2;1;PRE;4;20543;01/01/2009;31/12/8899
2;1;PRE;5;20544;01/01/2009;31/12/8899
2;1;PRE;5;20545;01/01/2009;31/12/8899
2;1;PRE;5;20547;01/01/2009;31/12/8899
2;1;PRE;3;20549;01/01/2009;31/12/8899
2;1;PRE;5;20550;01/01/2009;31/12/8899
2;1;PRE;1;20554;01/01/2009;31/12/8899
2;1;PRE;4;20557;01/01/2009;31/12/8899
2;1;PRE;4;20560;01/01/2009;31/12/8899
2;1;PRE;4;20561;01/01/2009;31/12/8899
2;1;PRE;5;20562;01/01/2009;31/12/8899
2;1;PRE;4;20563;01/01/2009;31/12/8899
2;1;PRE;4;20563;01/01/2009;31/12/8899
2;1;PRE;3;20564;01/01/2009;31/12/8899
2;1;PRE;3;20564;01/01/2009;31/12/8899
2;1;PRE;3;20564;01/01/2009;31/12/8899
2;1;PRE;5;20565;01/01/2009;31/12/8899
2;1;PRE;3;20566;01/01/2009;31/12/8899
2;1;PRE;6;20567;01/01/2009;31/12/8899
2;1;PRE;5;20568;01/01/2009;31/12/8899
2;1;PRE;5;20569;01/01/2009;31/12/8899
2;1;PRE;5;20570;01/01/2009;31/12/8899
2;1;PRE;5;20573;01/01/2009;31/12/8899
2;1;PRE;3;20576;01/01/2009;31/12/8899
2;1;PRE;3;20577;01/01/2009;31/12/8899
2;1;PRE;4;20579;01/01/2009;31/12/8899
2;1;PRE;5;20580;01/01/2009;31/12/8899
2;1;PRE;4;20581;01/01/2009;31/12/8899
2;1;PRE;4;20581;01/01/2009;31/12/8899
2;1;PRE;4;20583;01/01/2009;31/12/8899
2;1;PRE;4;20583;01/01/2009;31/12/8899
2;1;PRE;4;20584;01/01/2009;31/12/8899
2;1;PRE;4;20584;01/01/2009;31/12/8899
2;1;PRE;4;20585;01/01/2009;31/12/8899
2;1;PRE;4;20585;01/01/2009;31/12/8899
2;1;PRE;6;20590;01/01/2009;31/12/8899
2;1;PRE;6;20591;01/01/2009;31/12/8899
2;1;PRE;5;20592;01/01/2009;31/12/8899
2;1;PRE;3;20594;01/01/2009;31/12/8899
2;1;PRE;3;20594;01/01/2009;31/12/8899
2;1;PRE;3;20595;01/01/2009;31/12/8899
2;1;PRE;3;20595;01/01/2009;31/12/8899
2;1;PRE;3;20595;01/01/2009;31/12/8899
2;1;PRE;1;20596;01/01/2009;31/12/8899
2;1;PRE;3;20597;01/01/2009;31/12/8899
2;1;PRE;4;20598;01/01/2009;31/12/8899
2;1;PRE;3;20599;01/01/2009;31/12/8899
2;1;PRE;3;20599;01/01/2009;31/12/8899
2;1;PRE;3;20599;01/01/2009;31/12/8899
2;1;PRE;1;20600;01/01/2009;31/12/8899
2;1;PRE;5;20602;01/01/2009;31/12/8899
2;1;PRE;5;20604;01/01/2009;31/12/8899
2;1;PRE;6;20605;01/01/2009;31/12/8899
2;1;PRE;6;20608;01/01/2009;31/12/8899
2;1;PRE;3;20609;01/01/2009;31/12/8899
2;1;PRE;5;20610;01/01/2009;31/12/8899
2;1;PRE;5;20611;01/01/2009;31/12/8899
2;1;PRE;5;20612;01/01/2009;31/12/8899
2;1;PRE;6;20613;01/01/2009;31/12/8899
2;1;PRE;6;20614;01/01/2009;31/12/8899
2;1;PRE;5;20615;01/01/2009;31/12/8899
2;1;PRE;6;20617;01/01/2009;31/12/8899
2;1;PRE;5;20618;01/01/2009;31/12/8899
2;1;PRE;5;20619;01/01/2009;31/12/8899
2;1;PRE;3;20620;01/01/2009;31/12/8899
2;1;PRE;5;20621;01/01/2009;31/12/8899
2;1;PRE;1;20623;01/01/2009;31/12/8899
2;1;PRE;6;20624;01/01/2009;31/12/8899
2;1;PRE;6;20625;01/01/2009;31/12/8899
2;1;PRE;3;20626;01/01/2009;31/12/8899
2;1;PRE;3;20628;01/01/2009;31/12/8899
2;1;PRE;3;20628;01/01/2009;31/12/8899
2;1;PRE;3;20628;01/01/2009;31/12/8899
2;1;PRE;6;20629;01/01/2009;31/12/8899
2;1;PRE;5;20630;01/01/2009;31/12/8899
2;1;PRE;5;20631;01/01/2009;31/12/8899
2;1;PRE;4;20636;01/01/2009;31/12/8899
2;1;PRE;4;20639;01/01/2009;31/12/8899
2;1;PRE;4;20639;01/01/2009;31/12/8899
2;1;PRE;3;20640;01/01/2009;31/12/8899
2;1;PRE;3;20640;01/01/2009;31/12/8899
2;1;PRE;3;20640;01/01/2009;31/12/8899
2;1;PRE;3;20641;01/01/2009;31/12/8899
2;1;PRE;3;20641;01/01/2009;31/12/8899
2;1;PRE;3;20641;01/01/2009;31/12/8899
2;1;PRE;3;20642;01/01/2009;31/12/8899
2;1;PRE;3;20642;01/01/2009;31/12/8899
2;1;PRE;3;20642;01/01/2009;31/12/8899
2;1;PRE;4;20644;01/01/2009;31/12/8899
2;1;PRE;5;20645;01/01/2009;31/12/8899
2;1;PRE;6;20646;01/01/2009;31/12/8899
2;1;PRE;4;20647;01/01/2009;31/12/8899
2;1;PRE;4;20648;01/01/2009;31/12/8899
2;1;PRE;3;20649;01/01/2009;31/12/8899
2;1;PRE;3;20649;01/01/2009;31/12/8899
2;1;PRE;3;20649;01/01/2009;31/12/8899
2;1;PRE;4;20650;01/01/2009;31/12/8899
2;1;PRE;5;20651;01/01/2009;31/12/8899
2;1;PRE;2;20652;01/01/2009;31/12/8899
2;1;PRE;6;20657;01/01/2009;31/12/8899
2;1;PRE;4;20658;01/01/2009;31/12/8899
2;1;PRE;4;20658;01/01/2009;31/12/8899
2;1;PRE;4;20658;01/01/2009;31/12/8899
2;1;PRE;5;20659;01/01/2009;31/12/8899
2;1;PRE;5;20660;01/01/2009;31/12/8899
2;1;PRE;1;20665;01/01/2009;31/12/8899
2;1;PRE;6;20668;01/01/2009;31/12/8899
2;1;PRE;5;20670;01/01/2009;31/12/8899
2;1;PRE;6;20671;01/01/2009;31/12/8899
2;1;PRE;4;20673;01/01/2009;31/12/8899
2;1;PRE;5;20674;01/01/2009;31/12/8899
2;1;PRE;3;20675;01/01/2009;31/12/8899
2;1;PRE;3;20676;01/01/2009;31/12/8899
2;1;PRE;4;20677;01/01/2009;31/12/8899
2;1;PRE;5;20678;01/01/2009;31/12/8899
2;1;PRE;3;20679;01/01/2009;31/12/8899
2;1;PRE;5;20680;01/01/2009;31/12/8899
2;1;PRE;5;20682;01/01/2009;31/12/8899
2;1;PRE;4;20683;01/01/2009;31/12/8899
2;1;PRE;3;20684;01/01/2009;31/12/8899
2;1;PRE;5;20686;01/01/2009;31/12/8899
2;1;PRE;5;20687;01/01/2009;31/12/8899
2;1;PRE;4;20688;01/01/2009;31/12/8899
2;1;PRE;1;20689;01/01/2009;31/12/8899
2;1;PRE;3;20692;01/01/2009;31/12/8899
2;1;PRE;6;20693;01/01/2009;31/12/8899
2;1;PRE;4;20697;01/01/2009;31/12/8899
2;1;PRE;4;20703;01/01/2009;31/12/8899
2;1;PRE;3;20704;01/01/2009;31/12/8899
2;1;PRE;3;20704;01/01/2009;31/12/8899
2;1;PRE;3;20704;01/01/2009;31/12/8899
2;1;PRE;4;20705;01/01/2009;31/12/8899
2;1;PRE;4;20708;01/01/2009;31/12/8899
2;1;PRE;4;20709;01/01/2009;31/12/8899
2;1;PRE;4;20710;01/01/2009;31/12/8899
2;1;PRE;6;20711;01/01/2009;31/12/8899
2;1;PRE;6;20712;01/01/2009;31/12/8899
2;1;PRE;4;20713;01/01/2009;31/12/8899
2;1;PRE;5;20714;01/01/2009;31/12/8899
2;1;PRE;4;20715;01/01/2009;31/12/8899
2;1;PRE;3;20717;01/01/2009;31/12/8899
2;1;PRE;3;20718;01/01/2009;31/12/8899
2;1;PRE;4;20723;01/01/2009;31/12/8899
2;1;PRE;5;20726;01/01/2009;31/12/8899
2;1;PRE;5;20727;01/01/2009;31/12/8899
2;1;PRE;4;20729;01/01/2009;31/12/8899
2;1;PRE;5;20731;01/01/2009;31/12/8899
2;1;PRE;6;20732;01/01/2009;31/12/8899
2;1;PRE;6;20734;01/01/2009;31/12/8899
2;1;PRE;1;20735;01/01/2009;31/12/8899
2;1;PRE;5;20737;01/01/2009;31/12/8899
2;1;PRE;4;20738;01/01/2009;31/12/8899
2;1;PRE;6;20739;01/01/2009;31/12/8899
2;1;PRE;3;20752;01/01/2009;31/12/8899
2;1;PRE;4;20753;01/01/2009;31/12/8899
2;1;PRE;4;20753;01/01/2009;31/12/8899
2;1;PRE;4;20754;01/01/2009;31/12/8899
2;1;PRE;5;20755;01/01/2009;31/12/8899
2;1;PRE;1;20756;01/01/2009;31/12/8899
2;1;PRE;5;20757;01/01/2009;31/12/8899
2;1;PRE;3;20758;01/01/2009;31/12/8899
2;1;PRE;3;20758;01/01/2009;31/12/8899
2;1;PRE;3;20758;01/01/2009;31/12/8899
2;1;PRE;6;20760;01/01/2009;31/12/8899
2;1;PRE;5;20761;01/01/2009;31/12/8899
2;1;PRE;4;20762;01/01/2009;31/12/8899
2;1;PRE;4;20763;01/01/2009;31/12/8899
2;1;PRE;6;20765;01/01/2009;31/12/8899
2;1;PRE;6;20766;01/01/2009;31/12/8899
2;1;PRE;6;20767;01/01/2009;31/12/8899
2;1;PRE;4;20768;01/01/2009;31/12/8899
2;1;PRE;3;20770;01/01/2009;31/12/8899
2;1;PRE;6;20771;01/01/2009;31/12/8899
2;1;PRE;6;20772;01/01/2009;31/12/8899
2;1;PRE;5;20773;01/01/2009;31/12/8899
2;1;PRE;4;20780;01/01/2009;31/12/8899
2;1;PRE;4;20781;01/01/2009;31/12/8899
2;1;PRE;4;20783;01/01/2009;31/12/8899
2;1;PRE;3;20785;01/01/2009;31/12/8899
2;1;PRE;5;20786;01/01/2009;31/12/8899
2;1;PRE;5;20787;01/01/2009;31/12/8899
2;1;PRE;1;20789;01/01/2009;31/12/8899
2;1;PRE;6;20790;01/01/2009;31/12/8899
2;1;PRE;4;20791;01/01/2009;31/12/8899
2;1;PRE;6;20793;01/01/2009;31/12/8899
2;1;PRE;4;20794;01/01/2009;31/12/8899
2;1;PRE;4;20795;01/01/2009;31/12/8899
2;1;PRE;5;20796;01/01/2009;31/12/8899
2;1;PRE;5;20797;01/01/2009;31/12/8899
2;1;PRE;3;20798;01/01/2009;31/12/8899
2;1;PRE;6;20799;01/01/2009;31/12/8899
2;1;PRE;3;20800;01/01/2009;31/12/8899
2;1;PRE;6;20801;01/01/2009;31/12/8899
2;1;PRE;6;20802;01/01/2009;31/12/8899
2;1;PRE;4;20803;01/01/2009;31/12/8899
2;1;PRE;5;20804;01/01/2009;31/12/8899
2;1;PRE;5;20806;01/01/2009;31/12/8899
2;1;PRE;5;20807;01/01/2009;31/12/8899
2;1;PRE;3;20808;01/01/2009;31/12/8899
2;1;PRE;6;20810;01/01/2009;31/12/8899
2;1;PRE;4;20811;01/01/2009;31/12/8899
2;1;PRE;4;20813;01/01/2009;31/12/8899
2;1;PRE;4;20814;01/01/2009;31/12/8899
2;1;PRE;6;20815;01/01/2009;31/12/8899
2;1;PRE;6;20816;01/01/2009;31/12/8899
2;1;PRE;4;20817;01/01/2009;31/12/8899
2;1;PRE;6;20818;01/01/2009;31/12/8899
2;1;PRE;4;20819;01/01/2009;31/12/8899
2;1;PRE;6;20820;01/01/2009;31/12/8899
2;1;PRE;4;20821;01/01/2009;31/12/8899
2;1;PRE;3;20823;01/01/2009;31/12/8899
2;1;PRE;6;20825;01/01/2009;31/12/8899
2;1;PRE;6;20826;01/01/2009;31/12/8899
2;1;PRE;4;20827;01/01/2009;31/12/8899
2;1;PRE;3;20830;01/01/2009;31/12/8899
2;1;PRE;4;20831;01/01/2009;31/12/8899
2;1;PRE;4;20832;01/01/2009;31/12/8899
2;1;PRE;6;20833;01/01/2009;31/12/8899
2;1;PRE;4;20834;01/01/2009;31/12/8899
2;1;PRE;3;20835;01/01/2009;31/12/8899
2;1;PRE;6;20836;01/01/2009;31/12/8899
2;1;PRE;4;20837;01/01/2009;31/12/8899
2;1;PRE;3;20838;01/01/2009;31/12/8899
2;1;PRE;5;20840;01/01/2009;31/12/8899
2;1;PRE;1;20841;01/01/2009;31/12/8899
2;1;PRE;3;20842;01/01/2009;31/12/8899
2;1;PRE;4;20843;01/01/2009;31/12/8899
2;1;PRE;4;20844;01/01/2009;31/12/8899
2;1;PRE;4;20846;01/01/2009;31/12/8899
2;1;PRE;4;20846;01/01/2009;31/12/8899
2;1;PRE;4;20847;01/01/2009;31/12/8899
2;1;PRE;6;20848;01/01/2009;31/12/8899
2;1;PRE;6;20849;01/01/2009;31/12/8899
2;1;PRE;2;20850;01/01/2009;31/12/8899
2;1;PRE;4;20851;01/01/2009;31/12/8899
2;1;PRE;1;20853;01/01/2009;31/12/8899
2;1;PRE;1;20853;01/01/2009;31/12/8899
2;1;PRE;4;20855;01/01/2009;31/12/8899
2;1;PRE;4;20856;01/01/2009;31/12/8899
2;1;PRE;4;20856;01/01/2009;31/12/8899
2;1;PRE;4;20856;01/01/2009;31/12/8899
2;1;PRE;3;20857;01/01/2009;31/12/8899
2;1;PRE;4;20858;01/01/2009;31/12/8899
2;1;PRE;3;20860;01/01/2009;31/12/8899
2;1;PRE;3;20863;01/01/2009;31/12/8899
2;1;PRE;4;20865;01/01/2009;31/12/8899
2;1;PRE;4;20865;01/01/2009;31/12/8899
2;1;PRE;4;20865;01/01/2009;31/12/8899
2;1;PRE;6;20866;01/01/2009;31/12/8899
2;1;PRE;4;20867;01/01/2009;31/12/8899
2;1;PRE;4;20868;01/01/2009;31/12/8899
2;1;PRE;3;20869;01/01/2009;31/12/8899
2;1;PRE;4;20870;01/01/2009;31/12/8899
2;1;PRE;4;20871;01/01/2009;31/12/8899
2;1;PRE;4;20871;01/01/2009;31/12/8899
2;1;PRE;4;20879;01/01/2009;31/12/8899
2;1;PRE;4;20883;01/01/2009;31/12/8899
2;1;PRE;4;20884;01/01/2009;31/12/8899
2;1;PRE;1;20885;01/01/2009;31/12/8899
2;1;PRE;1;20885;01/01/2009;31/12/8899
2;1;PRE;6;20888;01/01/2009;31/12/8899
2;1;PRE;4;20889;01/01/2009;31/12/8899
2;1;PRE;4;20890;01/01/2009;31/12/8899
2;1;PRE;4;20890;01/01/2009;31/12/8899
2;1;PRE;4;20890;01/01/2009;31/12/8899
2;1;PRE;3;20897;01/01/2009;31/12/8899
2;1;PRE;3;20899;01/01/2009;31/12/8899
2;1;PRE;3;20901;01/01/2009;31/12/8899
2;1;PRE;3;20901;01/01/2009;31/12/8899
2;1;PRE;3;20901;01/01/2009;31/12/8899
2;1;PRE;3;20902;01/01/2009;31/12/8899
2;1;PRE;3;20902;01/01/2009;31/12/8899
2;1;PRE;3;20902;01/01/2009;31/12/8899
2;1;PRE;4;20903;01/01/2009;31/12/8899
2;1;PRE;4;20903;01/01/2009;31/12/8899
2;1;PRE;6;20904;01/01/2009;31/12/8899
2;1;PRE;3;20905;01/01/2009;31/12/8899
2;1;PRE;3;20905;01/01/2009;31/12/8899
2;1;PRE;6;20906;01/01/2009;31/12/8899
2;1;PRE;4;20908;01/01/2009;31/12/8899
2;1;PRE;3;20909;01/01/2009;31/12/8899
2;1;PRE;3;20911;01/01/2009;31/12/8899
2;1;PRE;6;20914;01/01/2009;31/12/8899
2;1;PRE;4;20915;01/01/2009;31/12/8899
2;1;PRE;4;20915;01/01/2009;31/12/8899
2;1;PRE;5;20916;01/01/2009;31/12/8899
2;1;PRE;4;20918;01/01/2009;31/12/8899
2;1;PRE;4;20918;01/01/2009;31/12/8899
2;1;PRE;6;20919;01/01/2009;31/12/8899
2;1;PRE;6;20920;01/01/2009;31/12/8899
2;1;PRE;4;20922;01/01/2009;31/12/8899
2;1;PRE;1;20925;01/01/2009;31/12/8899
2;1;PRE;1;20926;01/01/2009;31/12/8899
2;1;PRE;3;20927;01/01/2009;31/12/8899
2;1;PRE;6;20928;01/01/2009;31/12/8899
2;1;PRE;4;20929;01/01/2009;31/12/8899
2;1;PRE;4;20929;01/01/2009;31/12/8899
2;1;PRE;4;20929;01/01/2009;31/12/8899
2;1;PRE;6;20930;01/01/2009;31/12/8899
2;1;PRE;4;20931;01/01/2009;31/12/8899
2;1;PRE;4;20931;01/01/2009;31/12/8899
2;1;PRE;4;20932;01/01/2009;31/12/8899
2;1;PRE;4;20932;01/01/2009;31/12/8899
2;1;PRE;6;20934;01/01/2009;31/12/8899
2;1;PRE;5;20935;01/01/2009;31/12/8899
2;1;PRE;3;20936;01/01/2009;31/12/8899
2;1;PRE;3;20936;01/01/2009;31/12/8899
2;1;PRE;3;20936;01/01/2009;31/12/8899
2;1;PRE;3;20936;01/01/2009;31/12/8899
2;1;PRE;6;20937;01/01/2009;31/12/8899
2;1;PRE;6;20938;01/01/2009;31/12/8899
2;1;PRE;3;20939;01/01/2009;31/12/8899
2;1;PRE;3;20939;01/01/2009;31/12/8899
2;1;PRE;3;20939;01/01/2009;31/12/8899
2;1;PRE;3;20939;01/01/2009;31/12/8899
2;1;PRE;30;20940;01/01/2009;31/12/8899
2;1;PRE;30;20941;01/01/2009;31/12/8899
2;1;PRE;30;20942;01/01/2009;31/12/8899
2;1;PRE;30;20943;01/01/2009;31/12/8899
2;1;PRE;6;20944;01/01/2009;31/12/8899
2;1;PRE;4;20945;01/01/2009;31/12/8899
2;1;PRE;30;20946;01/01/2009;31/12/8899
2;1;PRE;30;20947;01/01/2009;31/12/8899
2;1;PRE;30;20948;01/01/2009;31/12/8899
2;1;PRE;30;20949;01/01/2009;31/12/8899
2;1;PRE;30;20950;01/01/2009;31/12/8899
2;1;PRE;30;20951;01/01/2009;31/12/8899
2;1;PRE;30;20952;01/01/2009;31/12/8899
2;1;PRE;30;20954;01/01/2009;31/12/8899
2;1;PRE;4;20957;01/01/2009;31/12/8899
2;1;PRE;30;20959;01/01/2009;31/12/8899
2;1;PRE;30;20960;01/01/2009;31/12/8899
2;1;PRE;30;20961;01/01/2009;31/12/8899
2;1;PRE;30;20962;01/01/2009;31/12/8899
2;1;PRE;30;20963;01/01/2009;31/12/8899
2;1;PRE;5;20964;01/01/2009;31/12/8899
2;1;PRE;5;20967;01/01/2009;31/12/8899
2;1;PRE;5;20968;01/01/2009;31/12/8899
2;1;PRE;6;20969;01/01/2009;31/12/8899
2;1;PRE;4;20970;01/01/2009;31/12/8899
2;1;PRE;4;20970;01/01/2009;31/12/8899
2;1;PRE;4;20970;01/01/2009;31/12/8899
2;1;PRE;30;20971;01/01/2009;31/12/8899
2;1;PRE;30;20972;01/01/2009;31/12/8899
2;1;PRE;30;20973;01/01/2009;31/12/8899
2;1;PRE;30;20974;01/01/2009;31/12/8899
2;1;PRE;4;20977;01/01/2009;31/12/8899
2;1;PRE;30;20979;01/01/2009;31/12/8899
2;1;PRE;30;20980;01/01/2009;31/12/8899
2;1;PRE;30;20981;01/01/2009;31/12/8899
2;1;PRE;30;20983;01/01/2009;31/12/8899
2;1;PRE;30;20984;01/01/2009;31/12/8899
2;1;PRE;30;20987;01/01/2009;31/12/8899
2;1;PRE;30;20988;01/01/2009;31/12/8899
2;1;PRE;31;20990;01/01/2009;31/12/8899
2;1;PRE;30;20991;01/01/2009;31/12/8899
2;1;PRE;30;20992;01/01/2009;31/12/8899
2;1;PRE;3;20993;01/01/2009;31/12/8899
2;1;PRE;3;20993;01/01/2009;31/12/8899
2;1;PRE;3;20993;01/01/2009;31/12/8899
2;1;PRE;30;20995;01/01/2009;31/12/8899
2;1;PRE;30;20996;01/01/2009;31/12/8899
2;1;PRE;4;20998;01/01/2009;31/12/8899
2;1;PRE;4;20998;01/01/2009;31/12/8899
2;1;PRE;4;20998;01/01/2009;31/12/8899
2;1;PRE;3;20999;01/01/2009;31/12/8899
2;1;PRE;3;20999;01/01/2009;31/12/8899
2;1;PRE;3;20999;01/01/2009;31/12/8899
2;1;PRE;3;20999;01/01/2009;31/12/8899
1;1;PRE;7;210;01/01/2009;31/12/8899
1;1;PRE;7;210;01/01/2009;31/12/8899
1;1;PRE;7;210;01/01/2009;31/12/8899
2;1;PRE;4;21000;01/01/2009;31/12/8899
2;1;PRE;2;21005;01/01/2009;31/12/8899
2;1;PRE;2;21006;01/01/2009;31/12/8899
2;1;PRE;2;21007;01/01/2009;31/12/8899
2;1;PRE;2;21008;01/01/2009;31/12/8899
2;1;PRE;2;21012;01/01/2009;31/12/8899
2;1;PRE;2;21013;01/01/2009;31/12/8899
2;1;PRE;2;21016;01/01/2009;31/12/8899
1;1;PRE;18;21020;01/01/2009;31/12/8899
2;1;PRE;2;21022;01/01/2009;31/12/8899
2;1;PRE;2;21025;01/01/2009;31/12/8899
2;1;PRE;3;21028;01/01/2009;31/12/8899
2;1;PRE;30;21029;01/01/2009;31/12/8899
2;1;PRE;30;21030;01/01/2009;31/12/8899
2;1;PRE;30;21031;01/01/2009;31/12/8899
2;1;PRE;30;21032;01/01/2009;31/12/8899
2;1;PRE;30;21033;01/01/2009;31/12/8899
2;1;PRE;30;21034;01/01/2009;31/12/8899
2;1;PRE;1;21035;01/01/2009;31/12/8899
2;1;PRE;1;21035;01/01/2009;31/12/8899
2;1;PRE;4;21036;01/01/2009;31/12/8899
2;1;PRE;4;21036;01/01/2009;31/12/8899
2;1;PRE;4;21036;01/01/2009;31/12/8899
2;1;PRE;30;21037;01/01/2009;31/12/8899
2;1;PRE;4;21038;01/01/2009;31/12/8899
2;1;PRE;4;21038;01/01/2009;31/12/8899
2;1;PRE;4;21038;01/01/2009;31/12/8899
2;1;PRE;30;21041;01/01/2009;31/12/8899
2;1;PRE;6;21043;01/01/2009;31/12/8899
2;1;PRE;4;21044;01/01/2009;31/12/8899
2;1;PRE;4;21044;01/01/2009;31/12/8899
2;1;PRE;4;21044;01/01/2009;31/12/8899
2;1;PRE;4;21045;01/01/2009;31/12/8899
2;1;PRE;4;21045;01/01/2009;31/12/8899
2;1;PRE;4;21045;01/01/2009;31/12/8899
2;1;PRE;4;21046;01/01/2009;31/12/8899
2;1;PRE;30;21047;01/01/2009;31/12/8899
2;1;PRE;30;21048;01/01/2009;31/12/8899
2;1;PRE;30;21049;01/01/2009;31/12/8899
2;1;PRE;4;21050;01/01/2009;31/12/8899
2;1;PRE;4;21051;01/01/2009;31/12/8899
2;1;PRE;4;21052;01/01/2009;31/12/8899
2;1;PRE;4;21052;01/01/2009;31/12/8899
2;1;PRE;4;21052;01/01/2009;31/12/8899
2;1;PRE;4;21053;01/01/2009;31/12/8899
2;1;PRE;4;21053;01/01/2009;31/12/8899
2;1;PRE;4;21053;01/01/2009;31/12/8899
2;1;PRE;4;21054;01/01/2009;31/12/8899
2;1;PRE;30;21055;01/01/2009;31/12/8899
2;1;PRE;4;21056;01/01/2009;31/12/8899
2;1;PRE;4;21057;01/01/2009;31/12/8899
2;1;PRE;4;21058;01/01/2009;31/12/8899
2;1;PRE;4;21058;01/01/2009;31/12/8899
2;1;PRE;4;21058;01/01/2009;31/12/8899
2;1;PRE;4;21059;01/01/2009;31/12/8899
2;1;PRE;4;21059;01/01/2009;31/12/8899
2;1;PRE;4;21059;01/01/2009;31/12/8899
2;1;PRE;4;21060;01/01/2009;31/12/8899
2;1;PRE;4;21060;01/01/2009;31/12/8899
2;1;PRE;4;21060;01/01/2009;31/12/8899
2;1;PRE;4;21061;01/01/2009;31/12/8899
2;1;PRE;4;21061;01/01/2009;31/12/8899
2;1;PRE;4;21061;01/01/2009;31/12/8899
2;1;PRE;5;21062;01/01/2009;31/12/8899
2;1;PRE;5;21063;01/01/2009;31/12/8899
2;1;PRE;5;21064;01/01/2009;31/12/8899
2;1;PRE;4;21066;01/01/2009;31/12/8899
2;1;PRE;4;21066;01/01/2009;31/12/8899
2;1;PRE;4;21066;01/01/2009;31/12/8899
2;1;PRE;30;21067;01/01/2009;31/12/8899
2;1;PRE;30;21068;01/01/2009;31/12/8899
2;1;PRE;4;21070;01/01/2009;31/12/8899
2;1;PRE;1;21071;01/01/2009;31/12/8899
2;1;PRE;6;21072;01/01/2009;31/12/8899
2;1;PRE;30;21073;01/01/2009;31/12/8899
2;1;PRE;30;21074;01/01/2009;31/12/8899
2;1;PRE;6;21075;01/01/2009;31/12/8899
2;1;PRE;6;21076;01/01/2009;31/12/8899
2;1;PRE;3;21077;01/01/2009;31/12/8899
2;1;PRE;5;21078;01/01/2009;31/12/8899
2;1;PRE;5;21079;01/01/2009;31/12/8899
2;1;PRE;5;21080;01/01/2009;31/12/8899
2;1;PRE;5;21081;01/01/2009;31/12/8899
2;1;PRE;5;21083;01/01/2009;31/12/8899
2;1;PRE;5;21084;01/01/2009;31/12/8899
2;1;PRE;5;21085;01/01/2009;31/12/8899
2;1;PRE;3;21086;01/01/2009;31/12/8899
2;1;PRE;4;21087;01/01/2009;31/12/8899
2;1;PRE;4;21088;01/01/2009;31/12/8899
2;1;PRE;3;21089;01/01/2009;31/12/8899
2;1;PRE;5;21090;01/01/2009;31/12/8899
2;1;PRE;6;21091;01/01/2009;31/12/8899
2;1;PRE;6;21092;01/01/2009;31/12/8899
2;1;PRE;3;21093;01/01/2009;31/12/8899
2;1;PRE;3;21093;01/01/2009;31/12/8899
2;1;PRE;3;21093;01/01/2009;31/12/8899
2;1;PRE;3;21093;01/01/2009;31/12/8899
1;1;PRE;5;212;01/01/2009;31/12/8899
1;1;PRE;5;212;01/01/2009;31/12/8899
1;1;PRE;5;212;01/01/2009;31/12/8899
1;1;PRE;1;213;01/01/2009;31/12/8899
1;1;PRE;1;213;01/01/2009;31/12/8899
1;1;PRE;18;216;01/01/2009;31/12/8899
1;1;PRE;5;219;01/01/2009;31/12/8899
1;1;PRE;5;219;01/01/2009;31/12/8899
1;1;PRE;5;219;01/01/2009;31/12/8899
1;1;PRE;10;22;01/01/2009;31/12/8899
1;1;PRE;7;220;01/01/2009;31/12/8899
1;1;PRE;7;220;01/01/2009;31/12/8899
1;1;PRE;5;225;01/01/2009;31/12/8899
1;1;PRE;5;226;01/01/2009;31/12/8899
1;1;PRE;5;226;01/01/2009;31/12/8899
1;1;PRE;5;228;01/01/2009;31/12/8899
1;1;PRE;5;228;01/01/2009;31/12/8899
1;1;PRE;5;228;01/01/2009;31/12/8899
1;1;PRE;8;23;01/01/2009;31/12/8899
1;1;PRE;18;232;01/01/2009;31/12/8899
1;1;PRE;5;233;01/01/2009;31/12/8899
1;1;PRE;5;233;01/01/2009;31/12/8899
1;1;PRE;19;235;01/01/2009;31/12/8899
1;1;PRE;5;236;01/01/2009;31/12/8899
1;1;PRE;5;239;01/01/2009;31/12/8899
1;1;PRE;5;239;01/01/2009;31/12/8899
1;1;PRE;5;239;01/01/2009;31/12/8899
1;1;PRE;5;24;01/01/2009;31/12/8899
1;1;PRE;5;24;01/01/2009;31/12/8899
1;1;PRE;6;240;01/01/2009;31/12/8899
1;1;PRE;6;240;01/01/2009;31/12/8899
1;1;PRE;7;241;01/01/2009;31/12/8899
1;1;PRE;7;241;01/01/2009;31/12/8899
1;1;PRE;7;241;01/01/2009;31/12/8899
1;1;PRE;7;243;01/01/2009;31/12/8899
1;1;PRE;7;243;01/01/2009;31/12/8899
1;1;PRE;7;243;01/01/2009;31/12/8899
1;1;PRE;7;244;01/01/2009;31/12/8899
1;1;PRE;7;244;01/01/2009;31/12/8899
1;1;PRE;7;244;01/01/2009;31/12/8899
1;1;PRE;7;245;01/01/2009;31/12/8899
1;1;PRE;6;248;01/01/2009;31/12/8899
1;1;PRE;5;249;01/01/2009;31/12/8899
1;1;PRE;5;249;01/01/2009;31/12/8899
1;1;PRE;5;249;01/01/2009;31/12/8899
1;1;PRE;6;25;01/01/2009;31/12/8899
1;1;PRE;5;251;01/01/2009;31/12/8899
1;1;PRE;19;252;01/01/2009;31/12/8899
1;1;PRE;6;255;01/01/2009;31/12/8899
1;1;PRE;6;255;01/01/2009;31/12/8899
1;1;PRE;6;256;01/01/2009;31/12/8899
1;1;PRE;12;26;01/01/2009;31/12/8899
1;1;PRE;7;260;01/01/2009;31/12/8899
1;1;PRE;7;260;01/01/2009;31/12/8899
1;1;PRE;6;263;01/01/2009;31/12/8899
1;1;PRE;6;263;01/01/2009;31/12/8899
1;1;PRE;7;264;01/01/2009;31/12/8899
1;1;PRE;7;264;01/01/2009;31/12/8899
1;1;PRE;7;265;01/01/2009;31/12/8899
1;1;PRE;7;265;01/01/2009;31/12/8899
1;1;PRE;5;267;01/01/2009;31/12/8899
1;1;PRE;5;267;01/01/2009;31/12/8899
1;1;PRE;7;269;01/01/2009;31/12/8899
1;1;PRE;7;272;01/01/2009;31/12/8899
1;1;PRE;7;272;01/01/2009;31/12/8899
1;1;PRE;1;276;01/01/2009;31/12/8899
1;1;PRE;6;277;01/01/2009;31/12/8899
1;1;PRE;6;277;01/01/2009;31/12/8899
1;1;PRE;5;278;01/01/2009;31/12/8899
1;1;PRE;5;279;01/01/2009;31/12/8899
1;1;PRE;6;280;01/01/2009;31/12/8899
1;1;PRE;6;284;01/01/2009;31/12/8899
1;1;PRE;6;284;01/01/2009;31/12/8899
1;1;PRE;6;284;01/01/2009;31/12/8899
1;1;PRE;5;289;01/01/2009;31/12/8899
1;1;PRE;20;290;01/01/2009;31/12/8899
1;1;PRE;5;293;01/01/2009;31/12/8899
1;1;PRE;20;295;01/01/2009;31/12/8899
1;1;PRE;5;296;01/01/2009;31/12/8899
1;1;PRE;6;297;01/01/2009;31/12/8899
1;1;PRE;6;297;01/01/2009;31/12/8899
1;1;PRE;5;299;01/01/2009;31/12/8899
1;1;PRE;18;3;01/01/2009;31/12/8899
1;1;PRE;6;30;01/01/2009;31/12/8899
1;1;PRE;6;30;01/01/2009;31/12/8899
1;1;PRE;6;30;01/01/2009;31/12/8899
1;1;PRE;5;301;01/01/2009;31/12/8899
1;1;PRE;5;301;01/01/2009;31/12/8899
1;1;PRE;6;304;01/01/2009;31/12/8899
1;1;PRE;6;304;01/01/2009;31/12/8899
1;1;PRE;7;306;01/01/2009;31/12/8899
1;1;PRE;5;311;01/01/2009;31/12/8899
1;1;PRE;5;311;01/01/2009;31/12/8899
1;1;PRE;5;311;01/01/2009;31/12/8899
1;1;PRE;7;312;01/01/2009;31/12/8899
1;1;PRE;7;314;01/01/2009;31/12/8899
1;1;PRE;7;314;01/01/2009;31/12/8899
1;1;PRE;7;314;01/01/2009;31/12/8899
1;1;PRE;7;315;01/01/2009;31/12/8899
1;1;PRE;7;315;01/01/2009;31/12/8899
1;1;PRE;7;315;01/01/2009;31/12/8899
1;1;PRE;20;317;01/01/2009;31/12/8899
1;1;PRE;6;320;01/01/2009;31/12/8899
1;1;PRE;6;320;01/01/2009;31/12/8899
1;1;PRE;20;321;01/01/2009;31/12/8899
1;1;PRE;20;321;01/01/2009;31/12/8899
1;1;PRE;6;323;01/01/2009;31/12/8899
1;1;PRE;6;323;01/01/2009;31/12/8899
1;1;PRE;6;323;01/01/2009;31/12/8899
1;1;PRE;6;328;01/01/2009;31/12/8899
1;1;PRE;11;33;01/01/2009;31/12/8899
1;1;PRE;7;332;01/01/2009;31/12/8899
1;1;PRE;7;332;01/01/2009;31/12/8899
1;1;PRE;7;332;01/01/2009;31/12/8899
1;1;PRE;19;339;01/01/2009;31/12/8899
1;1;PRE;6;341;01/01/2009;31/12/8899
1;1;PRE;6;341;01/01/2009;31/12/8899
1;1;PRE;7;344;01/01/2009;31/12/8899
1;1;PRE;7;345;01/01/2009;31/12/8899
1;1;PRE;7;345;01/01/2009;31/12/8899
1;1;PRE;7;345;01/01/2009;31/12/8899
1;1;PRE;5;346;01/01/2009;31/12/8899
1;1;PRE;5;346;01/01/2009;31/12/8899
1;1;PRE;7;347;01/01/2009;31/12/8899
1;1;PRE;7;347;01/01/2009;31/12/8899
1;1;PRE;7;347;01/01/2009;31/12/8899
1;1;PRE;7;351;01/01/2009;31/12/8899
1;1;PRE;7;351;01/01/2009;31/12/8899
1;1;PRE;5;354;01/01/2009;31/12/8899
1;1;PRE;5;354;01/01/2009;31/12/8899
1;1;PRE;7;355;01/01/2009;31/12/8899
1;1;PRE;1;356;01/01/2009;31/12/8899
1;1;PRE;5;358;01/01/2009;31/12/8899
1;1;PRE;3;36;01/01/2009;31/12/8899
1;1;PRE;5;361;01/01/2009;31/12/8899
1;1;PRE;5;361;01/01/2009;31/12/8899
1;1;PRE;5;361;01/01/2009;31/12/8899
1;1;PRE;5;364;01/01/2009;31/12/8899
1;1;PRE;6;366;01/01/2009;31/12/8899
1;1;PRE;6;372;01/01/2009;31/12/8899
1;1;PRE;6;373;01/01/2009;31/12/8899
1;1;PRE;6;373;01/01/2009;31/12/8899
1;1;PRE;7;377;01/01/2009;31/12/8899
1;1;PRE;7;377;01/01/2009;31/12/8899
1;1;PRE;1;380;01/01/2009;31/12/8899
1;1;PRE;7;381;01/01/2009;31/12/8899
1;1;PRE;7;384;01/01/2009;31/12/8899
1;1;PRE;7;384;01/01/2009;31/12/8899
1;1;PRE;7;384;01/01/2009;31/12/8899
1;1;PRE;6;387;01/01/2009;31/12/8899
1;1;PRE;6;388;01/01/2009;31/12/8899
1;1;PRE;6;393;01/01/2009;31/12/8899
1;1;PRE;6;393;01/01/2009;31/12/8899
1;1;PRE;5;397;01/01/2009;31/12/8899
1;1;PRE;6;399;01/01/2009;31/12/8899
1;1;PRE;6;399;01/01/2009;31/12/8899
1;1;PRE;6;399;01/01/2009;31/12/8899
1;1;PRE;7;403;01/01/2009;31/12/8899
1;1;PRE;7;406;01/01/2009;31/12/8899
1;1;PRE;5;409;01/01/2009;31/12/8899
1;1;PRE;7;414;01/01/2009;31/12/8899
1;1;PRE;7;414;01/01/2009;31/12/8899
1;1;PRE;19;415;01/01/2009;31/12/8899
1;1;PRE;5;417;01/01/2009;31/12/8899
1;1;PRE;5;417;01/01/2009;31/12/8899
1;1;PRE;7;421;01/01/2009;31/12/8899
1;1;PRE;6;424;01/01/2009;31/12/8899
1;1;PRE;5;427;01/01/2009;31/12/8899
1;1;PRE;6;428;01/01/2009;31/12/8899
1;1;PRE;5;429;01/01/2009;31/12/8899
1;1;PRE;15;430;01/01/2009;31/12/8899
1;1;PRE;15;430;01/01/2009;31/12/8899
1;1;PRE;15;430;01/01/2009;31/12/8899
1;1;PRE;15;430;01/01/2009;31/12/8899
1;1;PRE;7;432;01/01/2009;31/12/8899
1;1;PRE;1;433;01/01/2009;31/12/8899
1;1;PRE;1;443;01/01/2009;31/12/8899
1;1;PRE;1;445;01/01/2009;31/12/8899
1;1;PRE;5;451;01/01/2009;31/12/8899
1;1;PRE;5;451;01/01/2009;31/12/8899
1;1;PRE;5;451;01/01/2009;31/12/8899
1;1;PRE;5;454;01/01/2009;31/12/8899
1;1;PRE;1;455;01/01/2009;31/12/8899
1;1;PRE;1;460;01/01/2009;31/12/8899
1;1;PRE;1;462;01/01/2009;31/12/8899
1;1;PRE;1;462;01/01/2009;31/12/8899
1;1;PRE;5;463;01/01/2009;31/12/8899
1;1;PRE;5;463;01/01/2009;31/12/8899
1;1;PRE;5;463;01/01/2009;31/12/8899
1;1;PRE;5;463;01/01/2009;31/12/8899
1;1;PRE;5;463;01/01/2009;31/12/8899
1;1;PRE;5;464;01/01/2009;31/12/8899
1;1;PRE;5;464;01/01/2009;31/12/8899
1;1;PRE;1;465;01/01/2009;31/12/8899
1;1;PRE;5;467;01/01/2009;31/12/8899
1;1;PRE;5;467;01/01/2009;31/12/8899
1;1;PRE;7;47;01/01/2009;31/12/8899
1;1;PRE;7;47;01/01/2009;31/12/8899
1;1;PRE;7;472;01/01/2009;31/12/8899
1;1;PRE;7;472;01/01/2009;31/12/8899
1;1;PRE;7;472;01/01/2009;31/12/8899
1;1;PRE;1;473;01/01/2009;31/12/8899
1;1;PRE;1;473;01/01/2009;31/12/8899
1;1;PRE;1;474;01/01/2009;31/12/8899
1;1;PRE;1;474;01/01/2009;31/12/8899
1;1;PRE;1;476;01/01/2009;31/12/8899
1;1;PRE;5;479;01/01/2009;31/12/8899
1;1;PRE;7;480;01/01/2009;31/12/8899
1;1;PRE;7;480;01/01/2009;31/12/8899
1;1;PRE;6;484;01/01/2009;31/12/8899
1;1;PRE;6;484;01/01/2009;31/12/8899
1;1;PRE;7;485;01/01/2009;31/12/8899
1;1;PRE;7;485;01/01/2009;31/12/8899
1;1;PRE;6;486;01/01/2009;31/12/8899
1;1;PRE;6;486;01/01/2009;31/12/8899
1;1;PRE;6;486;01/01/2009;31/12/8899
1;1;PRE;7;487;01/01/2009;31/12/8899
1;1;PRE;7;487;01/01/2009;31/12/8899
1;1;PRE;7;489;01/01/2009;31/12/8899
1;1;PRE;7;489;01/01/2009;31/12/8899
1;1;PRE;7;490;01/01/2009;31/12/8899
1;1;PRE;7;492;01/01/2009;31/12/8899
1;1;PRE;7;492;01/01/2009;31/12/8899
1;1;PRE;7;492;01/01/2009;31/12/8899
1;1;PRE;6;495;01/01/2009;31/12/8899
1;1;PRE;6;495;01/01/2009;31/12/8899
1;1;PRE;6;495;01/01/2009;31/12/8899
1;1;PRE;5;496;01/01/2009;31/12/8899
1;1;PRE;1;497;01/01/2009;31/12/8899
1;1;PRE;7;500;01/01/2009;31/12/8899
1;1;PRE;5;502;01/01/2009;31/12/8899
1;1;PRE;5;503;01/01/2009;31/12/8899
1;1;PRE;5;504;01/01/2009;31/12/8899
1;1;PRE;7;507;01/01/2009;31/12/8899
1;1;PRE;6;51;01/01/2009;31/12/8899
1;1;PRE;6;51;01/01/2009;31/12/8899
1;1;PRE;6;51;01/01/2009;31/12/8899
1;1;PRE;6;51;01/01/2009;31/12/8899
1;1;PRE;5;524;01/01/2009;31/12/8899
1;1;PRE;5;524;01/01/2009;31/12/8899
1;1;PRE;6;526;01/01/2009;31/12/8899
1;1;PRE;6;526;01/01/2009;31/12/8899
1;1;PRE;7;53;01/01/2009;31/12/8899
1;1;PRE;7;537;01/01/2009;31/12/8899
1;1;PRE;7;537;01/01/2009;31/12/8899
1;1;PRE;7;537;01/01/2009;31/12/8899
1;1;PRE;5;538;01/01/2009;31/12/8899
1;1;PRE;6;545;01/01/2009;31/12/8899
1;1;PRE;6;545;01/01/2009;31/12/8899
1;1;PRE;7;547;01/01/2009;31/12/8899
1;1;PRE;7;55;01/01/2009;31/12/8899
1;1;PRE;7;551;01/01/2009;31/12/8899
1;1;PRE;7;551;01/01/2009;31/12/8899
1;1;PRE;7;551;01/01/2009;31/12/8899
1;1;PRE;7;551;01/01/2009;31/12/8899
1;1;PRE;7;551;01/01/2009;31/12/8899
1;1;PRE;1;555;01/01/2009;31/12/8899
1;1;PRE;5;56;01/01/2009;31/12/8899
1;1;PRE;5;56;01/01/2009;31/12/8899
1;1;PRE;7;560;01/01/2009;31/12/8899
1;1;PRE;7;560;01/01/2009;31/12/8899
1;1;PRE;7;560;01/01/2009;31/12/8899
1;1;PRE;7;561;01/01/2009;31/12/8899
1;1;PRE;7;561;01/01/2009;31/12/8899
1;1;PRE;20;563;01/01/2009;31/12/8899
1;1;PRE;20;563;01/01/2009;31/12/8899
1;1;PRE;7;564;01/01/2009;31/12/8899
1;1;PRE;7;566;01/01/2009;31/12/8899
1;1;PRE;7;566;01/01/2009;31/12/8899
1;1;PRE;5;572;01/01/2009;31/12/8899
1;1;PRE;5;572;01/01/2009;31/12/8899
1;1;PRE;6;575;01/01/2009;31/12/8899
1;1;PRE;6;575;01/01/2009;31/12/8899
1;1;PRE;6;575;01/01/2009;31/12/8899
1;1;PRE;7;578;01/01/2009;31/12/8899
1;1;PRE;7;582;01/01/2009;31/12/8899
1;1;PRE;5;589;01/01/2009;31/12/8899
1;1;PRE;19;591;01/01/2009;31/12/8899
1;1;PRE;5;596;01/01/2009;31/12/8899
1;1;PRE;5;596;01/01/2009;31/12/8899
1;1;PRE;5;61;01/01/2009;31/12/8899
1;1;PRE;5;61;01/01/2009;31/12/8899
1;1;PRE;5;614;01/01/2009;31/12/8899
1;1;PRE;5;620;01/01/2009;31/12/8899
1;1;PRE;5;620;01/01/2009;31/12/8899
1;1;PRE;7;622;01/01/2009;31/12/8899
1;1;PRE;6;625;01/01/2009;31/12/8899
1;1;PRE;6;625;01/01/2009;31/12/8899
1;1;PRE;5;628;01/01/2009;31/12/8899
1;1;PRE;19;63;01/01/2009;31/12/8899
1;1;PRE;6;630;01/01/2009;31/12/8899
1;1;PRE;6;630;01/01/2009;31/12/8899
1;1;PRE;6;630;01/01/2009;31/12/8899
1;1;PRE;6;630;01/01/2009;31/12/8899
1;1;PRE;6;630;01/01/2009;31/12/8899
1;1;PRE;5;632;01/01/2009;31/12/8899
1;1;PRE;5;632;01/01/2009;31/12/8899
1;1;PRE;6;634;01/01/2009;31/12/8899
1;1;PRE;6;634;01/01/2009;31/12/8899
1;1;PRE;6;637;01/01/2009;31/12/8899
1;1;PRE;5;638;01/01/2009;31/12/8899
1;1;PRE;5;639;01/01/2009;31/12/8899
1;1;PRE;5;649;01/01/2009;31/12/8899
1;1;PRE;7;655;01/01/2009;31/12/8899
1;1;PRE;7;655;01/01/2009;31/12/8899
1;1;PRE;7;655;01/01/2009;31/12/8899
1;1;PRE;19;66;01/01/2009;31/12/8899
1;1;PRE;5;661;01/01/2009;31/12/8899
1;1;PRE;7;67;01/01/2009;31/12/8899
1;1;PRE;7;67;01/01/2009;31/12/8899
1;1;PRE;7;67;01/01/2009;31/12/8899
1;1;PRE;5;670;01/01/2009;31/12/8899
1;1;PRE;7;671;01/01/2009;31/12/8899
1;1;PRE;7;671;01/01/2009;31/12/8899
1;1;PRE;7;672;01/01/2009;31/12/8899
1;1;PRE;1;677;01/01/2009;31/12/8899
1;1;PRE;5;680;01/01/2009;31/12/8899
1;1;PRE;5;680;01/01/2009;31/12/8899
1;1;PRE;5;685;01/01/2009;31/12/8899
1;1;PRE;5;686;01/01/2009;31/12/8899
1;1;PRE;5;686;01/01/2009;31/12/8899
1;1;PRE;7;687;01/01/2009;31/12/8899
1;1;PRE;5;693;01/01/2009;31/12/8899
1;1;PRE;6;696;01/01/2009;31/12/8899
1;1;PRE;6;696;01/01/2009;31/12/8899
1;1;PRE;6;698;01/01/2009;31/12/8899
1;1;PRE;6;698;01/01/2009;31/12/8899
1;1;PRE;6;70;01/01/2009;31/12/8899
1;1;PRE;7;702;01/01/2009;31/12/8899
1;1;PRE;7;702;01/01/2009;31/12/8899
1;1;PRE;19;703;01/01/2009;31/12/8899
1;1;PRE;5;704;01/01/2009;31/12/8899
1;1;PRE;5;704;01/01/2009;31/12/8899
1;1;PRE;5;706;01/01/2009;31/12/8899
1;1;PRE;7;712;01/01/2009;31/12/8899
1;1;PRE;7;712;01/01/2009;31/12/8899
1;1;PRE;6;713;01/01/2009;31/12/8899
1;1;PRE;6;713;01/01/2009;31/12/8899
1;1;PRE;1;729;01/01/2009;31/12/8899
1;1;PRE;19;73;01/01/2009;31/12/8899
1;1;PRE;6;730;01/01/2009;31/12/8899
1;1;PRE;6;730;01/01/2009;31/12/8899
1;1;PRE;6;730;01/01/2009;31/12/8899
1;1;PRE;1;734;01/01/2009;31/12/8899
1;1;PRE;6;738;01/01/2009;31/12/8899
1;1;PRE;7;739;01/01/2009;31/12/8899
1;1;PRE;7;739;01/01/2009;31/12/8899
1;1;PRE;1;74;01/01/2009;31/12/8899
1;1;PRE;7;740;01/01/2009;31/12/8899
1;1;PRE;7;740;01/01/2009;31/12/8899
1;1;PRE;7;740;01/01/2009;31/12/8899
1;1;PRE;6;741;01/01/2009;31/12/8899
1;1;PRE;5;742;01/01/2009;31/12/8899
1;1;PRE;7;746;01/01/2009;31/12/8899
1;1;PRE;7;746;01/01/2009;31/12/8899
1;1;PRE;7;746;01/01/2009;31/12/8899
1;1;PRE;6;747;01/01/2009;31/12/8899
1;1;PRE;6;747;01/01/2009;31/12/8899
1;1;PRE;6;747;01/01/2009;31/12/8899
1;1;PRE;6;75;01/01/2009;31/12/8899
1;1;PRE;6;75;01/01/2009;31/12/8899
1;1;PRE;5;752;01/01/2009;31/12/8899
1;1;PRE;20;758;01/01/2009;31/12/8899
1;1;PRE;20;758;01/01/2009;31/12/8899
1;1;PRE;6;760;01/01/2009;31/12/8899
1;1;PRE;6;760;01/01/2009;31/12/8899
1;1;PRE;6;760;01/01/2009;31/12/8899
1;1;PRE;6;762;01/01/2009;31/12/8899
1;1;PRE;6;762;01/01/2009;31/12/8899
1;1;PRE;6;762;01/01/2009;31/12/8899
1;1;PRE;7;763;01/01/2009;31/12/8899
1;1;PRE;7;766;01/01/2009;31/12/8899
1;1;PRE;5;772;01/01/2009;31/12/8899
1;1;PRE;6;776;01/01/2009;31/12/8899
1;1;PRE;1;782;01/01/2009;31/12/8899
1;1;PRE;6;784;01/01/2009;31/12/8899
1;1;PRE;6;784;01/01/2009;31/12/8899
1;1;PRE;7;793;01/01/2009;31/12/8899
1;1;PRE;7;793;01/01/2009;31/12/8899
1;1;PRE;7;796;01/01/2009;31/12/8899
1;1;PRE;19;797;01/01/2009;31/12/8899
1;1;PRE;5;8;01/01/2009;31/12/8899
1;1;PRE;5;8;01/01/2009;31/12/8899
1;1;PRE;6;800;01/01/2009;31/12/8899
1;1;PRE;6;800;01/01/2009;31/12/8899
1;1;PRE;5;801;01/01/2009;31/12/8899
1;1;PRE;5;801;01/01/2009;31/12/8899
1;1;PRE;5;804;01/01/2009;31/12/8899
1;1;PRE;5;804;01/01/2009;31/12/8899
1;1;PRE;5;804;01/01/2009;31/12/8899
1;1;PRE;5;810;01/01/2009;31/12/8899
1;1;PRE;5;810;01/01/2009;31/12/8899
1;1;PRE;1;813;01/01/2009;31/12/8899
1;1;PRE;6;820;01/01/2009;31/12/8899
1;1;PRE;5;825;01/01/2009;31/12/8899
1;1;PRE;5;825;01/01/2009;31/12/8899
1;1;PRE;5;825;01/01/2009;31/12/8899
1;1;PRE;20;827;01/01/2009;31/12/8899
1;1;PRE;6;829;01/01/2009;31/12/8899
1;1;PRE;6;829;01/01/2009;31/12/8899
1;1;PRE;6;829;01/01/2009;31/12/8899
1;1;PRE;7;83;01/01/2009;31/12/8899
1;1;PRE;7;83;01/01/2009;31/12/8899
1;1;PRE;1;830;01/01/2009;31/12/8899
1;1;PRE;5;835;01/01/2009;31/12/8899
1;1;PRE;5;835;01/01/2009;31/12/8899
1;1;PRE;20;839;01/01/2009;31/12/8899
1;1;PRE;20;839;01/01/2009;31/12/8899
1;1;PRE;7;847;01/01/2009;31/12/8899
1;1;PRE;7;847;01/01/2009;31/12/8899
1;1;PRE;7;847;01/01/2009;31/12/8899
1;1;PRE;1;848;01/01/2009;31/12/8899
1;1;PRE;15;85;01/01/2009;31/12/8899
1;1;PRE;15;85;01/01/2009;31/12/8899
1;1;PRE;15;85;01/01/2009;31/12/8899
1;1;PRE;1;858;01/01/2009;31/12/8899
1;1;PRE;5;864;01/01/2009;31/12/8899
1;1;PRE;7;865;01/01/2009;31/12/8899
1;1;PRE;6;866;01/01/2009;31/12/8899
1;1;PRE;7;867;01/01/2009;31/12/8899
1;1;PRE;7;867;01/01/2009;31/12/8899
1;1;PRE;7;870;01/01/2009;31/12/8899
1;1;PRE;7;870;01/01/2009;31/12/8899
1;1;PRE;5;875;01/01/2009;31/12/8899
1;1;PRE;5;882;01/01/2009;31/12/8899
1;1;PRE;5;882;01/01/2009;31/12/8899
1;1;PRE;7;885;01/01/2009;31/12/8899
1;1;PRE;7;885;01/01/2009;31/12/8899
1;1;PRE;7;892;01/01/2009;31/12/8899
1;1;PRE;6;893;01/01/2009;31/12/8899
1;1;PRE;5;895;01/01/2009;31/12/8899
1;1;PRE;7;897;01/01/2009;31/12/8899
1;1;PRE;7;90;01/01/2009;31/12/8899
1;1;PRE;18;9008;01/01/2009;31/12/8899
1;1;PRE;18;9009;01/01/2009;31/12/8899
1;1;PRE;18;9014;01/01/2009;31/12/8899
1;1;PRE;18;9015;01/01/2009;31/12/8899
1;1;PRE;18;9016;01/01/2009;31/12/8899
1;1;PRE;18;9017;01/01/2009;31/12/8899
1;1;PRE;18;9020;01/01/2009;31/12/8899
1;1;PRE;18;9026;01/01/2009;31/12/8899
1;1;PRE;18;9030;01/01/2009;31/12/8899
1;1;PRE;6;9032;01/01/2009;31/12/8899
1;1;PRE;18;9033;01/01/2009;31/12/8899
1;1;PRE;18;9036;01/01/2009;31/12/8899
1;1;PRE;18;9038;01/01/2009;31/12/8899
1;1;PRE;18;9043;01/01/2009;31/12/8899
1;1;PRE;18;9044;01/01/2009;31/12/8899
1;1;PRE;6;909;01/01/2009;31/12/8899
1;1;PRE;6;909;01/01/2009;31/12/8899
1;1;PRE;6;91;01/01/2009;31/12/8899
1;1;PRE;5;911;01/01/2009;31/12/8899
1;1;PRE;5;911;01/01/2009;31/12/8899
1;1;PRE;18;9155;01/01/2009;31/12/8899
1;1;PRE;18;9157;01/01/2009;31/12/8899
1;1;PRE;7;916;01/01/2009;31/12/8899
1;1;PRE;5;921;01/01/2009;31/12/8899
1;1;PRE;5;925;01/01/2009;31/12/8899
1;1;PRE;5;925;01/01/2009;31/12/8899
1;1;PRE;6;926;01/01/2009;31/12/8899
1;1;PRE;6;927;01/01/2009;31/12/8899
1;1;PRE;6;927;01/01/2009;31/12/8899
1;1;PRE;5;930;01/01/2009;31/12/8899
1;1;PRE;6;931;01/01/2009;31/12/8899
1;1;PRE;5;936;01/01/2009;31/12/8899
1;1;PRE;5;936;01/01/2009;31/12/8899
1;1;PRE;5;936;01/01/2009;31/12/8899
1;1;PRE;7;940;01/01/2009;31/12/8899
1;1;PRE;7;942;01/01/2009;31/12/8899
1;1;PRE;7;942;01/01/2009;31/12/8899
1;1;PRE;7;943;01/01/2009;31/12/8899
1;1;PRE;7;943;01/01/2009;31/12/8899
1;1;PRE;5;947;01/01/2009;31/12/8899
1;1;PRE;7;949;01/01/2009;31/12/8899
1;1;PRE;7;949;01/01/2009;31/12/8899
1;1;PRE;7;95;01/01/2009;31/12/8899
1;1;PRE;19;951;01/01/2009;31/12/8899
1;1;PRE;7;957;01/01/2009;31/12/8899
1;1;PRE;5;960;01/01/2009;31/12/8899
1;1;PRE;5;960;01/01/2009;31/12/8899
1;1;PRE;1;963;01/01/2009;31/12/8899
1;1;PRE;7;966;01/01/2009;31/12/8899
1;1;PRE;7;966;01/01/2009;31/12/8899
1;1;PRE;3;969;01/01/2009;31/12/8899
1;1;PRE;5;971;01/01/2009;31/12/8899
1;1;PRE;5;971;01/01/2009;31/12/8899
1;1;PRE;5;971;01/01/2009;31/12/8899
1;1;PRE;6;974;01/01/2009;31/12/8899
1;1;PRE;6;974;01/01/2009;31/12/8899
1;1;PRE;6;974;01/01/2009;31/12/8899
1;1;PRE;5;975;01/01/2009;31/12/8899
1;1;PRE;5;975;01/01/2009;31/12/8899
1;1;PRE;6;977;01/01/2009;31/12/8899
1;1;PRE;6;977;01/01/2009;31/12/8899
1;1;PRE;6;977;01/01/2009;31/12/8899
1;1;PRE;6;983;01/01/2009;31/12/8899
1;1;PRE;6;983;01/01/2009;31/12/8899
1;1;PRE;6;983;01/01/2009;31/12/8899
1;1;PRE;5;99;01/01/2009;31/12/8899
1;1;PRE;5;99;01/01/2009;31/12/8899
1;1;PRE;18;990;01/01/2009;31/12/8899
1;1;PRE;5;993;01/01/2009;31/12/8899
1;1;PRE;5;993;01/01/2009;31/12/8899
1;1;PRE;7;998;01/01/2009;31/12/8899
