CodigoSucursal;CodigoPersonal;Descripcion;Cargo;Anulado;CodigoPersonalSuperior;CodigoFuerza
1;7;07-IBA�EZ;V;NO;0;1
1;10;10-DEPOSITO LEON;V;NO;0;1
1;12;117-LA ANONIMA RUTA 3 SUC 117;V;NO;0;1
1;4;04-HEILAND;V;NO;0;1
1;8;08-GONZALEZ-EL CONDOR;V;NO;0;1
1;6;06-GONZALEZ-NORTE;V;NO;0;1
1;9;09-LA ANONIMA CHICA SUC 11;V;NO;0;1
1;5;05-LA ANONIMA PATAG SUC 69;V;NO;0;1
1;1;01-SAN BLAS;V;NO;0;1
1;19;19-LA ANONIMA GRANDE SUC 47;V;NO;0;1
1;14;14-JUAN COOP;V;NO;0;1
1;13;XXX;V;NO;0;1
1;15;15-DIETZ;V;NO;0;1
1;16;16-CLIENTES INACTIVOS;V;NO;0;1
1;17;17-CLIENTES C/PROB. AFIP;V;NO;0;1
1;2;02-BARRA;V;NO;0;1
1;18;XXX;V;NO;0;1
1;24;24-OBRERA VIEDMA 1;V;NO;0;1
1;20;20-DIARCO;V;NO;0;1
1;25;25-VENDEDOR CONESSA;V;NO;0;1
1;23;23-DORINKA;V;NO;0;1
1;26;26-OBRERA VILLALONGA;V;NO;0;1
1;27;27-GIMENEZ SANDRO;V;NO;0;1
1;28;XXX;V;NO;0;1
1;29;29-OBRERA VIEDMA 2;V;NO;0;1
1;3;03-CARMONA;V;NO;0;1
2;2;GIMENEZ (CONESA);V;NO;0;1
2;10;DEPOSITO;V;NO;0;1
2;12;L.A SAO;V;NO;0;1
2;3;ANGEL;V;NO;0;1
2;6;L.A LAS GRUTAS;V;NO;0;1
2;16;INACTIVOS S/AFIP;V;NO;0;1
2;4;DIEGO  (SAN ANTONIO);V;NO;0;1
2;8;ALEJANDRO (SIERRA);V;NO;0;1
2;17;CLIENTES TEMPORARIOS;V;NO;0;1
2;5;MAXI (VALCHETA);V;NO;0;1
2;9;NU�EZ MAXIMILIANO;V;NO;0;1
2;7;L.A SIERRA GRANDE;V;NO;0;1
