;;;;;;;;;;
;;;;;;;;;;
;;;;;;;;;;
;;;;;;;;;;
;;;;;;;;;;
;SKU;Columna1;DENOMINACION;UN;RUBRO;(!);OBS;ACTIVO;CODIGO SAP;
;1;;ABRAZADERA  METALICA 10-16;UN;CONSUMIBLE;;;;;
;2;;ABRAZADERA DE ALTA PRESION 3/4;UN;CONSUMIBLE;;;;;
;3;;"ABRAZADERA METALICA 2""";UN;CONSUMIBLE;;;;;
;4;;ABRAZADERA METALICA 32-50;UN;CONSUMIBLE;;;;;
;5;;ABRAZADERA METALICA 40-60;UN;CONSUMIBLE;;;;;
;6;;ABRAZADERA METALICA 8-22;UN;CONSUMIBLE;;;;;
;7;;ABROCHADORA PAPEL;UN;LIBRERÍA;;;;;
;8;;ACEITE 10W30;LT;LUBRICANTE;;;;;
;9;;ACEITE 15W40;LT;LUBRICANTE;;;;;
;10;;ACEITE DE COCINA 900 ML;UN;COMESTIBLES;;;;;
;11;;ACEITE HIDRAULICO 10W;LT;LUBRICANTE;;;;;
;12;;ACEITE HIDRAULICO AZOLLA;LT;LUBRICANTE;;;;;
;13;;"ACOPLE CLAMP SERIE L AL 3"" TAPA";UN;ACCESORIOS;;;;;
;14;;"ACOPLE CLAMP SERIE L AL 3"" TAPON";UN;ACCESORIOS;;;;;
;15;;"ACOPLE CLAMP SERIE L PPN 3"" TAPA";UN;ACCESORIOS;;;;;
;16;;"ACOPLE CLAMP SERIE L PPN 3"" TAPON";UN;ACCESORIOS;;;;;
;17;;"ACOPLE MEDIO GIRO 1 1/4""";UN;MAQ&HERR;;;;;
;18;;"ACOPLE MEDIO GIRO 3/4""";UN;MAQ&HERR;;;;;
;19;;"ACOPLE RAPIDO CON ESPIGA 1/4""";UN;CONSUMIBLE;;;;;
;20;;AD-BLUE UREA 32;LT;CONSUMIBLE;;;;;
;21;;ADHESIVO SELLADOR 300 ML FASTIX;UN;CONSUMIBLE;;;;;
;22;;AEROSOL INFLADOR SELLADOR DE NEUMATICOS ;UN;CONSUMIBLE;;;;;
;23;;AGROPOL 200 MICRONES 4X50 MT;MT;CONSUMIBLE;;;;;
;24;;AGUA DE MESA X BIDON 20 LT;UN;CONSUMIBLE;;;;;
;25;;AGUA DESTILADA;LT;CONSUMIBLE;;;;;
;26;;AGUA OXIGENADA 10 VOL ESTABILIZADA;CM3;BOTIQUIN;;;;;
;27;;ALCOHOL EN GEL x 250 ml;UN;CONSUMIBLE;;;;;
;28;;ALCOHOL EN GEL x 5 lt;UN;CONSUMIBLE;;;;;
;29;;ALCOHOL ETÍLICO 96% x 250 ml;UN;CONSUMIBLE;;;;;
;30;;ALCOHOL ETÍLICO 96% x 500 ml;UN;CONSUMIBLE;;;;;
;31;;ALCOHOL ETÍLICO 96% X LITRO;LT;CONSUMIBLE;;;;;
;32;;"AMOLADORA ANGULAR 4"" (115 MM) BOSCH GWS 9-125 HEAVY DUTTY - CON H.M.";UN;MAQ&HERR;X;precio/recambio;;;
;33;;"AMOLADORA ANGULAR 4"" (115 MM) DEWALT MODELO???";UN;MAQ&HERR;X;precio/recambio;;;
;34;;"AMOLADORA ANGULAR 7"" (180 MM) BOSCH MODELO???";UN;MAQ&HERR;X;precio/recambio;;;
;35;;"AMOLADORA ANGULAR 7"" (180 MM) DEWALT MODELO???";UN;MAQ&HERR;X;precio/recambio;;;
;36;;ANAFE 4 HORNALLAS ELECTRICO;UN;MAQ&HERR;;;;;
;37;;ANOTADOR STICK NOTES 5,00 X 4,00 CM;UN;LIBRERÍA;;;;;
;38;;ANOTADOR STICK NOTES 7,50 X 7,50 CM;UN;LIBRERÍA;;;;;
;39;;ANTEOJO CLARO LIBUS ARGON ELITE ANTIEMPAÑO;UN;EPP;;;;;
;40;;ANTEOJO OSCURO LIBUS ARGON ELITE ANTIEMPAÑO;UN;EPP;;;;;
;41;;ANTI LÁTIGO 65 CM ACERO;UN;MAQ&HERR;;;;;
;42;;APOSITO QUIRURGICO ESTERIL 10CM X 20CM;UN;BOTIQUIN;;;;;
;43;;APOSITO TIPO CURITA X 10 UN;UN;BOTIQUIN;;;;;
;44;;ARCO DE SIERRA PARA METALES;UN;MAQ&HERR;;;;;
;45;;ARENA RUBIA 25M BOLSON X 2000 KG;UN;CONSUMIBLE;;;;;
;46;;ARNES 3 ARGOLLAS;UN;EPP;;;;;
;47;;ARNES P/CASCO NEG MSA FAS-TRACIII 312027;UN;EPP;;;;;
;48;;ARNES P/PANTALLA FACIAL H24M 3M 57408;UN;EPP;;;;;
;49;;ARNES PARA PROTECTOR FACIAL TIPO BURBUJA;UN;EPP;;;;;
;50;;"ARRESTALLAMA 4""";UN;MAQ&HERR;;;;;
;51;;"ARRESTALLAMA 5""";UN;MAQ&HERR;;;;;
;52;;AZUCAR X 1 KG;UN;COMESTIBLES;;;;;
;53;;BALDE PVC PARA MEZCLA CONCRETO;UN;CONSUMIBLE;;;;;
;54;;BALIZA 12/24 PARA ACOPLADO;UN;MAQ&HERR;;;;;
;55;;BANDEJA DE CONTENCIÓN CON MANIJAS 1.00 mt x 0.70 mt x 0.10 mt ;UN;MAQ&HERR;;;;;
;56;;BANDEJA P/PINTOR;UN;MAQ&HERR;;;;;
;57;;BANDERA CORPORATIVA;UN;MAQ&HERR;;;;;
;58;;BANDERA CORPORATIVA ARGENTINA;UN;MAQ&HERR;;;;;
;59;;BANDERIN;UN;MAQ&HERR;;;;;
;60;;BAÑO OCULAR 80 ML;UN;CONSUMIBLE;;;;;
;61;;BARBIJO CON FILTRO PARA POLVO;UN;EPP;;;;;
;62;;"BARRA EXTENSIÓN PARA TUBO 3/4"" X 200 MM";UN;MAQ&HERR;;;;;
;63;;"BARRA HIERRO ANGULO DE 1"" X 1/8""";MT;MATERIAL;;;;;
;64;;BATERÍA 12 VOLT 18 AMP;UN;MAQ&HERR;;;;;
;65;;BATERIA 9V ENERGIZER NO RECARGABLE;UN;CONSUMIBLE;;;;;
;66;;BATERÍA DEA MARCA PHILLIPS REF M5070A;UN;MAQ&HERR;;;;;
;67;;BIBLIORATO A4;UN;LIBRERÍA;;;;;
;68;;BIDON ANTIEXPLOSIVO METALICO DE 5 GALONES;UN;MAQ&HERR;;;;;
;69;;BIDON P/COMBUSTIBLE HOMOLOGADO 5 GALONES PVC;UN;MAQ&HERR;;;;;
;70;;BLOCK ANOTADOR A5 ESPIRALADO;UN;LIBRERÍA;;;;;
;71;;BOBINA DE PAPEL INDUSTRIAL ROLLO 24 CM X 400 MT;UN;LIMPIEZA;;;;;
;72;;BOL PARA  ENSALADAS;UN;COCINA;;;;;
;73;;BOLIGOMA;UN;LIBRERÍA;;;;;
;74;;BOLSA DE RESIDUO AMARILLA 200 MC DE 1,00 X 1,20 MT;UN;CONSUMIBLE;;;;;
;75;;BOLSA DE RESIDUO AZUL 200 MC DE 1,00 X 1,20 MT;UN;CONSUMIBLE;;;;;
;76;;BOLSA DE RESIDUO BLANCA 200 MC DE 1,00 X 1,20 MT;UN;CONSUMIBLE;;;;;
;77;;BOLSA DE RESIDUO CONSORCIO 60x90;UN;LIMPIEZA;;;;;
;78;;BOLSA DE RESIDUO PCV NEGRO 80X110;UN;LIMPIEZA;;;;;
;79;;BOLSA DE RESIDUO ROJA 200 MC DE 1,00 X 1,20 MT;UN;CONSUMIBLE;;;;;
;80;;BOLSA DE RESIDUOS DOMICILIARIOS 45 X  60;UN;LIMPIEZA;;;;;
;81;;BOLSO PORTA HERRAMIENTAS 30 cm x 18 cm x 20 cm;UN;MAQ&HERR;;;;;
;82;;BOMBA CENTRIFUGA 1/2 HP;UN;MAQ&HERR;;;;;
;83;;BOMBA DE AGUA 12 VOLT;UN;REPUESTO;;;;;
;84;;BOQUILLA PARA ARENADORA BLASTING ROSCA MACHO BRONCE C/ORIFICIO DE 12 MM;UN;MAQ&HERR;;;;;
;85;;BORRADOR PARA PIZARRA DE FIBRA;UN;LIBRERÍA;;;;;
;86;;BOTA DE GOMA CON PUNTA DE ACERO/ALUMINIO TALLE 41;UN;EPP;;;;;
;87;;BOTA DE GOMA CON PUNTA DE ACERO/ALUMINIO TALLE 42;PAR;EPP;;;;;
;88;;BOTA DE GOMA CON PUNTA DE ACERO/ALUMINIO TALLE 43;UN;EPP;;;;;
;89;;BOTA DE GOMA CON PUNTA DE ACERO/ALUMINIO TALLE 44;PAR;EPP;;;;;
;90;;BOTIQUIN VEHICULAR REGLAMENTARIO;UN;EPP;;;;;
;91;;BROCHE N° 24/6;UN;LIBRERÍA;;;;;
;92;;BROCHE N°50;UN;CONSUMIBLE;;;;;
;93;;"BUJE REDUCCIÓN ACERO NPT 1/2"" X 3/8""";UN;ACCESORIOS;;;;;
;94;;BURLETE AUTOADHESIVO DE GOMA ESPUMA PARA VENTANA 10MM X 10MM;UN;CONSUMIBLE;;;;;
;95;;BURLETE AUTOADHESIVO DE GOMA ESPUMA PARA VENTANA 15MM X 15MM;UN;CONSUMIBLE;;;;;
;96;;CABLE  USB PARA IMPRESORA;UN;LIBRERÍA;;;;;
;97;;CABLE CORRIENTE 220V PARA PC;UN;INFORMATICA;;;;;
;98;;CABLE DE RED UTP TAMAÑOS VARIOS;UN;INFORMATICA;;;;;
;99;;"CABLE DE SEGURIDAD ANTILATIGO: CABLE 1/8: P/MANGUERA D.I. 1/2"" a 1-1/4"": LARGO: 20""";UN;MAQ&HERR;;;;;
;100;;CABLE P/SOLDADORA NORM GOMA 35mm 350A;MT;MAQ&HERR;;;;;
;101;;CABLE TPR 2X1,5 MM2;MT;MAQ&HERR;;;;;
;102;;CABLE TPR 2X2,5 MM2;MT;MAQ&HERR;;;;;
;103;;CABLE TPR 3X1,5 MM2;MT;MAQ&HERR;;;;;
;104;;CABLE TPR 3X2,5 MM2;MT;MAQ&HERR;;;;;
;105;;CABLE VGA;UN;INFORMATICA;;;;;
;106;;CABO CORTO DE MADERA CON MANGO PARA PALA;UN;MAQ&HERR;;;;;
;107;;CABO DE MADERA PARA PICO PALA;UN;MAQ&HERR;;;;;
;108;;CABO PARA ESCOBILLON;UN;LIMPIEZA;;;;;
;109;;CABO PARA PALA LARGO 1,20 MT;UN;MAQ&HERR;;;;;
;110;;CAFÉ MOLIDO 500 GR;UN;COMESTIBLES;;;;;
;111;;CAJA ARCHIVO PLASTICA AZUL OFICIO TV 12 CM PLANA  360X250X120;UN;LIBRERÍA;;;;;
;112;;CAJA VACIA INCLINADA IP67 16A 70X87MM 570-0116 SCAME;UN;ELECTRICIDAD;;;;;
;113;;CALCO 8 CM X 8 CM (0800 OLDELVAL);UN;VARIOS;;;;;
;114;;CALCO CLASIF RESIDUOS BIODEGRADABLES 30X30 CM;UN;VARIOS;;;;;
;115;;CALCO CLASIF RESIDUOS METALICOS 30X30 CM;UN;VARIOS;;;;;
;116;;CALCO CLASIF RESIDUOS PLASTICO 30X30 CM;UN;VARIOS;;;;;
;117;;CALCO NUMERO 0;UN;VARIOS;;;;;
;118;;CALCO NUMERO 1;UN;VARIOS;;;;;
;119;;CALCO NUMERO 2;UN;VARIOS;;;;;
;120;;CALCO NUMERO 3;UN;VARIOS;;;;;
;121;;CALCO NUMERO 4;UN;VARIOS;;;;;
;122;;CALCO NUMERO 5;UN;VARIOS;;;;;
;123;;CALCO NUMERO 6;UN;VARIOS;;;;;
;124;;CALCO NUMERO 7;UN;VARIOS;;;;;
;125;;CALCO NUMERO 8;UN;VARIOS;;;;;
;126;;CALCO NUMERO 9;UN;VARIOS;;;;;
;127;;CALCO PARA CARTEL DE OBRA  40 CM X 30 (ACOPIO DE MATERIALES);UN;VARIOS;;;;;
;128;;CALCO PARA CARTEL DE OBRA  40 CM X 30 (DESVIO DERECHA);UN;VARIOS;;;;;
;129;;CALCO PARA CARTEL DE OBRA  40 CM X 30 (DESVIO IZQUIERDA);UN;VARIOS;;;;;
;130;;CALCO PARA CARTEL DE OBRA  40 CM X 30 (ESTACIONAMIENTO);UN;VARIOS;;;;;
;131;;CALCO PARA CARTEL DE OBRA  40 CM X 30 (GENERICO);UN;VARIOS;;;;;
;132;;CALCO PARA CARTEL DE OBRA  40 CM X 30 (HOMBRES TRABAJANDO);UN;VARIOS;;;;;
;133;;CALCO PARA CARTEL DE OBRA  40 CM X 30 (MAQUINAS TRABAJANDO);UN;VARIOS;;;;;
;134;;CALCO PARA CARTEL DE OBRA  40 CM X 30 (PROHIBIDO PASAR);UN;VARIOS;;;;;
;135;;CALCO PARA CARTEL DE OBRA  40 CM X 30 (PUNTO DE REUNIÓN);UN;VARIOS;;;;;
;136;;CALCO PARA CARTEL DE OBRA  40 CM X 30 (ZANJA ABIERTA);UN;VARIOS;;;;;
;137;;CALCO PARA CARTEL DE OBRA  40 CM X 30 (ZONA DE ARENADO);UN;VARIOS;;;;;
;138;;CALCO PARA CARTEL DE OBRA  40 CM X 30 (ZONA DE FUMADORES);UN;VARIOS;;;;;
;139;;CALCO PARA CARTEL DE OBRA  40 CM X 30 (ZONA ESTIBA CAÑERÍAS);UN;VARIOS;;;;;
;140;;CALCO PARA CARTEL DE OBRA  60 CM X 40 (DEPÓSITO DE MATERIALES);UN;VARIOS;;;;;
;141;;CALCO PARA CARTEL DE OBRA  60 CM X 40 (GENERICO);UN;VARIOS;;;;;
;142;;CALCOMANIA PARA CASCO;UN;VARIOS;;;;;
;143;;CALIBRE LECTURA DIGITAL;UN;MAQ&HERR;;;;;
;144;;CALIBRE PARA NEUMÁTICOS CON INFLADOR;UN;MAQ&HERR;;;;;
;145;;CAMBIO TUBO DE OXIGENO (GESTIÓN);GL;CONSUMIBLE;;;;;
;146;;CAMPERA DE DESCARNE TALLE L;UN;EPP;;;;;
;147;;CAMPERA DE DESCARNE TALLE M;UN;EPP;;;;;
;148;;CAMPERA DE DESCARNE TALLE XL;UN;EPP;;;;;
;149;;CAMPERA DE DESCARNE TALLE XXL;UN;EPP;;;;;
;150;;CAMPERA DE DESCARNE TALLE XXXL;UN;EPP;;;;;
;151;;CANDADO DOBLE TRABA A BOLILLA SECKUR N°31;UN;MAQ&HERR;;;;;
;152;;CANDADO N° 26;UN;MAQ&HERR;;;;;
;153;;CANDADO N° 31;UN;MAQ&HERR;;;;;
;154;;CANDADO N° 40;UN;MAQ&HERR;;;;;
;155;;CANDADO N° 50;UN;MAQ&HERR;;;;;
;156;;CANDADO N° 63;UN;MAQ&HERR;;;;;
;157;;"CAÑO 14"" 5L GR.X-52  7,14MM DESNUDO";MT;MATERIAL;;;;;
;158;;"CAÑO ACERO API 5L GR. X52 ESPESOR 6,35 MM Ø 14"" //  DESNUDO";MT;MATERIAL;;;;;
;159;;CAPA IMPERMEABLE AMARILLA ;UN;EPP;;;;;
;160;;CARBONES PARA AMOLADORA BOSCH DE 4”;UN;CONSUMIBLE;;;;;
;161;;CARBONES PARA AMOLADORA BOSCH DE 7”;UN;CONSUMIBLE;;;;;
;162;;CARBONICOS 22X33 AZUL;UN;LIBRERÍA;;;;;
;163;;CARETA PROTECTOR FACIAL TRANSP. 18X20 CM;UN;EPP;;;;;
;164;;CARPETA SEPARADOR AMARILLO TAMAÑO OFICIO;UN;LIBRERÍA;;;;;
;165;;CARPETA TRANSPARENTE A4;UN;LIBRERÍA;;;;;
;166;;CARPETA VERDE DE PAPEL OFICIO;UN;LIBRERÍA;;;;;
;167;;CARRO TRASLACIÓN P/APAREJO CADENA 1 TON;UN;MAQ&HERR;;;;;
;168;;CARTEL ALTO IMPACTO 40X45 CM PVC;UN;SEGURIDAD;;;;;
;169;;CARTEL DE OBRA  40 CM X 30 CM ESTACA 1,20 MT;UN;MAQ&HERR;;;;;
;170;;CARTEL DE PVC 40 CM X 45 CM (PUNTO DE REUNIÓN);UN;MAQ&HERR;;;;;
;171;;CARTUCHO DE CARBON ACTIVADO POWERBLAST CODIGO TSP0204;UN;CONSUMIBLE;;;;;
;172;;CASCO AZUL CON SOPORTE PARA SORDINA MSA;UN;EPP;;;;;
;173;;CASCO BLANCO CON SOPORTE PARA SORDINA MSA;UN;EPP;;;;;
;174;;CASCO PETROLERO BLANCO;UN;EPP;;;;;
;175;;CASCO V-GARD AZU MSA 299934-AR+312027;UN;EPP;;;;;
;176;;CASCO V-GARD BLA MSA 299931-AR+312027;UN;EPP;;;;;
;177;;"CEPILLO CIRC TRENZ 4-1/2"" P/AC C/TUERCA";UN;CONSUMIBLE;;;;;
;178;;"CEPILLO CIRC TRENZ 7"" P/AC";UN;CONSUMIBLE;;;;;
;179;;CEPILLO P/LAVADO AUTOMOTOR;UN;MAQ&HERR;;;;;
;180;;CEPILLO PARA DETECTOR DE FALLA DE CAÑERIAS;UN;MAQ&HERR;;;;;
;181;;"CEPILLO TIPO COPA 4"" TRENZADO";UN;CONSUMIBLE;;;;;
;182;;CERTIFICACIÓN DE HIDROGRUA INTERNO: ####;GL;CERTIFICADOS;;;;;
;183;;CHALECO REFLECTIVO NARANJA / VERDE TALLE GRANDE;UN;EPP;;;;;
;184;;CHAPA NEGRA LISA N°16;UN;CONSUMIBLE;;;;;
;185;;CHAPA PARA CARTEL DE OBRA DE 300 MM X 400 MM X 2 MM;UN;MAQ&HERR;;;;;
;186;;CHAVETA PARTIDA DE 4 mm x 100 mm;UN;REPUESTO;;;;;
;187;;CHECKPOINT N°21 INDICADOR DE TUERCA FLOJA;UN;CONSUMIBLE;;;;;
;188;;CHECKPOINT N°24 INDICADOR DE TUERCA FLOJA;UN;CONSUMIBLE;;;;;
;189;;CHECKPOINT N°27 INDICADOR DE TUERCA FLOJA;UN;CONSUMIBLE;;;;;
;190;;"CHICOTE MANGUERA PARA HOMBRE MUERTO 1 1/4"" 10 BAR";UN;REPUESTO;;;;;
;191;;CINTA ADHESIVA MATERIAL PAPEL TIPO ENMASCARAR LARGO 50 MT ANCHO 48 MM;UN;CONSUMIBLE;;;;;
;192;;CINTA AISLADORA NEGRA;UN;CONSUMIBLE;;;;;
;193;;CINTA DE PELIGRO 5 CM 100 MT ECOLÓGICA;UN;SEGURIDAD;;;;;
;194;;CINTA METRICA METAL 15m;UN;MAQ&HERR;;;;;
;195;;CINTA METRICA X 10 MT;UN;MAQ&HERR;;;;;
;196;;CINTA MÉTRICA X 100 MT FIBERGLASS;UN;MAQ&HERR;;;;;
;197;;CINTA MÉTRICA X 3 MT;UN;MAQ&HERR;;;;;
;198;;CINTA MÉTRICA X 5 MT;UN;MAQ&HERR;;;;;
;199;;CINTA METRICA X 7,50 MT;UN;MAQ&HERR;;;;;
;200;;CINTA PELIGRO X 50 MTRS;UN;CONSUMIBLE;;;;;
;201;;CINTA REFLECTIVA 3M COLOR AMARILLO;MT;CONSUMIBLE;;;;;
;202;;CINTA REFLECTIVA 3M COLOR ROJO;MT;CONSUMIBLE;;;;;
;203;;CINTA SCOTCH FINA TRANSPARENTE;UN;LIBRERÍA;;;;;
;204;;CINTA SCOTCH GRUESA TRANSPARENTE;UN;LIBRERÍA;;;;;
;205;;"CINTA TEFLON DE 1/2""";UN;CONSUMIBLE;;;;;
;206;;"CINTA TEFLON DE 3/4""";UN;CONSUMIBLE;;;;;
;207;;COFIA CAPUCHA SOLDADOR FR TECASAFE PLUS 700;UN;EPP;;;;;
;208;;COLLAR DE FILADELFIA GRANDE;UN;BOTIQUIN;;;;;
;209;;COLLAR DE FILADELFIA MEDIANO;UN;BOTIQUIN;;;;;
;210;;CONEXIÓN FLEXIBLE PARA TOLVA;UN;MAQ&HERR;;;;;
;211;;CONEXIÓN H-H PARA BOQUILLA DE ARENADO;UN;MAQ&HERR;;;;;
;212;;CONO REFLECTIVO;UN;MAQ&HERR;;;;;
;213;;CONTRASTE WCP-2 BLANCO MAGNAFLUX ;UN;END;;;;;
;214;;CONVERTIDOR DE OXIDO 3 EN 1;LT;CONSUMIBLE;;;;;
;215;;"CUBIERTA DELANTERA 12,5-80-18""";UN;REPUESTO;;;;;
;216;;CUBIERTAS PARA PICKUP TODO TERRENO;UN;EQUIPOS;;;;;
;217;;CUCHARA ALBAÑIL CON PUNTA;UN;MAQ&HERR;;;;;
;218;;CUCHARA ALBAÑIL N°4;UN;MAQ&HERR;;;;;
;219;;CUCHARA ALBAÑIL N°6;UN;MAQ&HERR;;;;;
;220;;CUCHARA ALBAÑIL REDONDA;UN;MAQ&HERR;;;;;
;221;;CUCHARA CHICA;UN;VAJILLA;;;;;
;222;;CUCHARA DE MADERA;UN;VAJILLA;;;;;
;223;;CUCHARA GRANDE;UN;VAJILLA;;;;;
;224;;CUCHARA PARA TE;UN;MAQ&HERR;;;;;
;225;;CUCHARA SOPERA TRAMONTINA;UN;COCINA;;;;;
;226;;CUCHARA TE TRAMONTINA MANGO DE MADERA;UN;COCINA;;;;;
;227;;CUCHILLA REPUESTO PARA TRINCHETA CUTER;UN;CONSUMIBLE;;;;;
;228;;CUCHILLO SERRUCHO PARA COCINA;UN;MAQ&HERR;;;;;
;229;;CUCHULLO TRAMONTINA MANGO DE MADERA;UN;COCINA;;;;;
;230;;CURITAS RESISTENTE AL AGUA;UN;BOTIQUIN;;;;;
;231;;CUTTER MET STANLEY;UN;MAQ&HERR;;;;;
;232;;DELANTAL DE DESCARNE PARA SOLDADOR;UN;EPP;;;;;
;233;;DESINFECTANTE PARA PISOS X 5 LT;LT;LIMPIEZA;;;;;
;234;;DESODORANTE DE AMBIENTE AEROSOL;UN;LIMPIEZA;;;;;
;235;;DESODORANTE LISOFORM ORIGINAL 360 CC;UN;LIMPIEZA;;;;;
;236;;DESTORNILLADOR PALETA MEDIANO;UN;MAQ&HERR;;;;;
;237;;DESTORNILLADOR PHILLIPS MEDIANO;UN;MAQ&HERR;;;;;
;238;;DETECTOR DE MEZCLA EXPLOSIVA IND. SCIENT. VENTIS;UN;MAQ&HERR;;;;;
;239;;DETERGENTE  GR 533 DESENGRASANTE X 20 LITROS;UN;CONSUMIBLE;;;;;
;240;;DETERGENTE  GR 533 DESENGRASANTE X 5 LITROS;LT;CONSUMIBLE;;;;;
;241;;DETERGENTE COCINA X 5 LT;UN;LIMPIEZA;;;;;
;242;;DILUYENTE THINNER ESTÁNDAR;LT;CONSUMIBLE;;;;;
;243;;"DISCO DE CORTE 114 x 1,6 x 22,2 (4"") X CAJA";UN;CONSUMIBLE;;;;;
;244;;"DISCO DE CORTE 114 x 3,2 x 22,2 (4"") X CAJA";UN;CONSUMIBLE;;;;;
;245;;"DISCO DE CORTE 178 x 1,6 x 22,2 (7"") X CAJA";UN;CONSUMIBLE;;;;;
;246;;"DISCO DE CORTE 178 x 3,2 x 22,2 (7"") X CAJA";UN;CONSUMIBLE;;;;;
;247;;"DISCO DE DESBASTE 115 x 5 x 22,2 (4"") X CAJA";UN;CONSUMIBLE;;;;;
;248;;"DISCO DE DESBASTE 178 x 4,8 x 22,2 (7"") X CAJA";UN;CONSUMIBLE;;;;;
;249;;"DISCO DE DESBASTE 178 X 6,4 x 22,22 (7"") X CAJA";UN;CONSUMIBLE;;;;;
;250;;"DISCO FLAP MILHOJAS 4"" GRANO Nº 40 X CAJA";UN;CONSUMIBLE;;;;;
;251;;"DISCO FLAP MILHOJAS 4"" GRANO Nº 80 X CAJA";UN;CONSUMIBLE;;;;;
;252;;"DISCO FLAP MILHOJAS 7"" GRANO Nº 40 X CAJA";UN;CONSUMIBLE;;;;;
;253;;DISCOS DE DIAGRAMA P/TACOGRAFO VDO X CAJA;UN;CONSUMIBLE;;;;;
;254;;DISPENSER DE AGUA FRIO/CALOR;UN;MAQ&HERR;;;;;
;255;;DISPENSER P/JABON LIQUIDO;UN;LIMPIEZA;;;;;
;256;;DISYUNTOR MONOFASICO 16A (30MAP);UN;ELECTRICIDAD;;;;;
;257;;DISYUNTOR MONOFASICO 2P 40A (30MAP);UN;ELECTRICIDAD;;;;;
;258;;ELECTRODO 6010 2,50 MM X CAJA;KG;CONSUMIBLE;X;costo elevado;;;
;259;;ELECTRODO 6010 3,25 MM X CAJA;KG;CONSUMIBLE;X;costo elevado;;;
;260;;ELECTRODO 6011 3,25 MM X CAJA;KG;CONSUMIBLE;X;costo elevado;;;
;261;;ELECTRODO 7010 3,25 MM X CAJA;KG;CONSUMIBLE;X;costo elevado;;;
;262;;ELECTRODO 7010 4,00 MM X CAJA;KG;CONSUMIBLE;X;costo elevado;;;
;263;;ELECTRODO 7018 2,5 MM X CAJA;KG;CONSUMIBLE;X;costo elevado;;;
;264;;ELECTRODO 7018 3,00 MM X CAJA;KG;CONSUMIBLE;X;costo elevado;;;
;265;;ELECTRODO 7018 3,25 MM X CAJA;KG;CONSUMIBLE;X;costo elevado;;;
;266;;ELECTRODO 7018 4.00 MM X CAJA;KG;CONSUMIBLE;X;costo elevado;;;
;267;;ELECTRODO 8018-B2 2,50 MM X CAJA;KG;CONSUMIBLE;X;costo elevado;;;
;268;;ELECTRODO 8018-B2 3,25 MM X CAJA;KG;CONSUMIBLE;X;costo elevado;;;
;269;;ELECTRODO 8018-B2 4,00 MM X CAJA;KG;CONSUMIBLE;X;costo elevado;;;
;270;;ELEMENTO FILTRANTE 40 MC PARKER S06 APPS701P;UN;CONSUMIBLE;;;;;
;271;;ELEMENTO FILTRANTE 5 MC PARKER APPS802P;UN;CONSUMIBLE;;;;;
;272;;ELEMENTO FILTRANTE COALESCENTE PARKER PF6C10-050;UN;CONSUMIBLE;;;;;
;273;;ENTRE ROSCA 3/8;UN;MAQ&HERR;;;;;
;274;;"ENTRE ROSCA REDUCCION 1 1/4"" a 3/4"" HH PVC";UN;REPUESTO;;;;;
;275;;"ENTRE ROSCA REDUCCIÓN 3/4"" a 1/2"" HH PVC";UN;REPUESTO;;;;;
;276;;ESCAFANDRA PARA ARENADO;UN;MAQ&HERR;;;;;
;277;;ESCALERA EXTENSIBLE Y PLEGABLE;UN;MAQ&HERR;;;;;
;278;;ESCOBILLA CARBONES PARA GENERADOR HONDA EG 6500 CXS;UN;REPUESTO;;;;;
;279;;ESCOBILLA PARA LIMPIAR VIDRIOS;UN;LIMPIEZA;;;;;
;280;;ESCOBILLON CERDA SUAVE;UN;LIMPIEZA;;;;;
;281;;ESLINGA DE RESCATE 4X4 9MTRS;UN;MAQ&HERR;;;;;
;282;;ESLINGA STD PLANA-OJAL-OJAL - COEF. SEG.  6 - CARGA: 2000 KG - LARGO: 7 METROS;UN;MAQ&HERR;;;;;
;283;;ESPATULA N° 10;UN;MAQ&HERR;;;;;
;284;;ESPATULA N° 9;UN;MAQ&HERR;;;;;
;285;;"ESPIGA 1/2"" M PVC";UN;REPUESTO;;;;;
;286;;ESPIGA CON TUERCA 1/4;UN;MAQ&HERR;;;;;
;287;;ESPIGA DE CONEXIÓN ACCESORIO DE ARENADO TIPO 1 EIN3;UN;MAQ&HERR;;;;;
;288;;ESPIGA DE CONEXIÓN ACCESORIO DE ARENADO TIPO 2 EIN3;UN;MAQ&HERR;;;;;
;289;;"ESPIGA DOBLE 1/4""";UN;CONSUMIBLE;;;;;
;290;;"ESPIGA DOBLE 2""";UN;MAQ&HERR;;;;;
;291;;ESPONJA ACERO P/COCINA;UN;LIMPIEZA;;;;;
;292;;ESPONJA DE VIRULANA;UN;LIMPIEZA;;;;;
;293;;ESPONJA PARA VAJILLA;UN;LIMPIEZA;;;;;
;294;;ESPUMADERA DE ALUMINIO;UN;VAJILLA;;;;;
;295;;ESTACA PARA CARTEL DE OBRA HIERRO LISO DIAMETRO 12 MM LONGITUD: 1,50 MT;UN;MAQ&HERR;;;;;
;296;;ESTACAS PARA VALLADO D12MM LISO;UN;MAQ&HERR;;;;;
;297;;ESTACAS PARA VALLADO D12MM TORSIONADO;UN;MAQ&HERR;;;;;
;298;;ESTAPULA 80mm;UN;MAQ&HERR;;;;;
;299;;EXTINTOR ABC 1 KG;UN;MAQ&HERR;;;;;
;300;;EXTINTOR ABC 10 KG;UN;MAQ&HERR;;;;;
;301;;EXTINTOR ABC 2 KG;UN;MAQ&HERR;;;;;
;302;;EXTINTOR ABC 2,5 KG;UN;MAQ&HERR;;;;;
;303;;EXTINTOR ABC 5 KG;UN;MAQ&HERR;;;;;
;304;;EXTINTOR ABC 6 KG;UN;MAQ&HERR;;;;;
;305;;EXTINTOR ABC K 6 KG;UN;MAQ&HERR;;;;;
;306;;EXTINTOR AK 6KG;UN;MAQ&HERR;;;;;
;307;;EXTINTOR HCFC 5 KG;UN;MAQ&HERR;;;;;
;308;;FAJA CON CRIQUE 9MT X 5CM;UN;MAQ&HERR;;;;;
;309;;FAJA CON CRIQUE POL G.JOTA 9000X75 MM;UN;MAQ&HERR;;;;;
;310;;FAROS ANTINIEBLA TOYOTA MODELO 2016 EN ADELANTE;PAR;REPUESTO;;;;;
;311;;FENOLICO CALIDAD INDUSTRIAL 1,22 x 2,44 x 18 MM;UN;CONSUMIBLE;;;;;
;312;;FERULA INFLABLE MIEMB SUPERIOR ANTEBRAZO;UN;BOTIQUIN;;;;;
;313;;FERULA INFLABLE MIEMBRO INFERIOR ENTERO;UN;BOTIQUIN;;;;;
;314;;FERULA INFLABLE MIEMBRO SUPERIOR ENTERO;UN;BOTIQUIN;;;;;
;315;;FIBRA INDELEBLE AMARILLA;UN;LIBRERÍA;;;;;
;316;;FIBRA INDELEBLE AZUL;UN;LIBRERÍA;;;;;
;317;;FIBRA INDELEBLE NEGRA;UN;LIBRERÍA;;;;;
;318;;FIBRA INDELEBLE ROJA;UN;LIBRERÍA;;;;;
;319;;FIBRA INDELEBLE VERDE;UN;LIBRERÍA;;;;;
;320;;FIBRA PIZARRA AZUL;UN;LIBRERÍA;;;;;
;321;;FIBRA PIZARRA NEGRA;UN;LIBRERÍA;;;;;
;322;;FIBRA PIZARRA ROJA;UN;LIBRERÍA;;;;;
;323;;FIBRA PIZARRA VERDE;UN;LIBRERÍA;;;;;
;324;;FIBRON DE PINTURA AMARILLO TRAZO GRUESO;UN;LIBRERÍA;;;;;
;325;;FIBRON DE PINTURA AZUL TRAZO GRUESO;UN;LIBRERÍA;;;;;
;326;;FIBRON DE PINTURA BLANCO TRAZO GRUESO;UN;LIBRERÍA;;;;;
;327;;FIBRON DE PINTURA NEGRO TRAZO GRUESO;UN;LIBRERÍA;;;;;
;328;;FIBRON DE PINTURA ROJO TRAZO GRUESO;UN;LIBRERÍA;;;;;
;329;;FICHA HEMBRA 16 AMP 6HS STECK o SCAME;UN;MAQ&HERR;;;;;
;330;;FICHA MACHO  16 AMP 6HS STECK o SCAME;UN;MAQ&HERR;;;;;
;331;;FILTRO 3M 6003/07047;PAR;EPP;;;;;
;332;;FILTRO 40 MICRONES PARKER 06E28A18AC1;UN;CONSUMIBLE;;;;;
;333;;FILTRO 5 MICRONES PARKER 07F38AC1;UN;CONSUMIBLE;;;;;
;334;;FILTRO ACEITE ROBIN SUBARU 24865801;UN;REPUESTO;;;;;
;335;;"FILTRO COALESCENTE FINITE PARKER 3/8"" NPT FPHN15L-6CW";UN;CONSUMIBLE;;;;;
;336;;FILTRO COMBUSTIBLE ROBIN SUBARU RS263-65012-A3;UN;REPUESTO;;;;;
;337;;FILTRO DE ACEITE FLEETGUARD LF3614;UN;REPUESTO;;;;;
;338;;FILTRO LINEA DE COMBUSTIBLE FLEETGUARD FF149;UN;REPUESTO;;;;;
;339;;FILTRO PARA CAFÉ CAFETERA AUTOMATICA;UN;COMESTIBLES;;;;;
;340;;"FILTRO S07 1/2"" PARKER CODIGO AP07F38AC1";UN;REPUESTO;;;;;
;341;;FLEJE P/CAMISA 2MM  X 25MM X 2,44 MTS.;UN;MATERIAL;;;;;
;342;;FOLIO A4 REFORZADO;UN;LIBRERÍA;;;;;
;343;;FRANELA;UN;LIMPIEZA;;;;;
;344;;GALGA PARA SOLDADURA;UN;MAQ&HERR;;;;;
;345;;GALLETA DULCE SURTIDO BAGLEY O SIMILAR;UN;COMESTIBLES;;;;;
;346;;GALLETA SALADA TRAVIATA O SIMILAR;UN;COMESTIBLES;;;;;
;347;;"GANCHO GR80 - 3/8"" x 10";UN;MAQ&HERR;;;;;
;348;;GARRAFA 10KG;UN;MAQ&HERR;;;;;
;349;;GATILLO HOMBRE MUERTO;UN;MAQ&HERR;;;;;
;350;;GATILLO HOMBRE MUERTO MARCA BLASTING;UN;MAQ&HERR;;;;;
;351;;GATILLO VALVULA CONT DIST CORR BLAST CB-TV-00504 (HOMBRE MUERTO);UN;MAQ&HERR;;;;;
;352;;GEL ACOPLANTE MAGNAFLUX 2 PARA ULTRASONIDO X GALON;UN;END;;;;;
;353;;GEL MAGNAFLUX ULTRAGEL II SONOTECH GEL 3,8LT X GALON;UN;END;;;;;
;354;;GEL SONOTECH ULTRAGEL II x 3,8 LT X GALON;UN;END;;;;;
;355;;GRASA DE LITIO;KG;CONSUMIBLE;;;;;
;356;;GRASA DE LITIO 62 EP MULTIUSO;KG;CONSUMIBLE;;;;;
;357;;GRASA PARA MARTILLO HIDRÁULICO (HAMMER GREASE) TIPO NLGI GRADO 2;KG;CONSUMIBLE;;;;;
;358;;GRASERA MANUAL CAPACIDAD 3 KG;UN;MAQ&HERR;;;;;
;359;;GRASERA NEUMÁTICA 10 KG;UN;MAQ&HERR;;;;;
;360;;"GRILLETE CROSBY TIPO ANCLA CON PERNO 1""";UN;MAQ&HERR;;;;;
;361;;"GRILLETE CROSBY TIPO ANCLA CON PERNO ROSCADO G-209 / S-209  7/8"" 6,5TN";UN;MAQ&HERR;;;;;
;362;;GUANTE ALTO IMPAC. EXTREMO DPS83685X;UN;EPP;;;;;
;363;;GUANTE ANTI CORTE E IMPACTO PROTECTOR GV04 TALLE 10;PAR;EPP;;;;;
;364;;GUANTE ANTIVIBRATORIO GV04;UN;EPP;;;;;
;365;;GUANTE DE ACRILONITRILO VERDES PUÑO LARGO;PAR;EPP;;;;;
;366;;GUANTE DE CUERO PARA SOLDADOR;PAR;EPP;;;;;
;367;;GUANTE DE LATEX ENTALCADO DESCARTABLE;UN;EPP;;;;;
;368;;GUANTE DE LATEX-NITRILO ENTALCADO DESCARTABLE;UN;EPP;;;;;
;369;;GUANTE DE NITRILO MEDIO DPS 11356;PAR;EPP;;;;;
;370;;GUANTE DE SOLDADOR CANOR CD 216;UN;EPP;;;;;
;371;;GUANTE MAPA ULTRANE 553 TALLE 10;PAR;EPP;;;;;
;372;;GUANTE NITRILO DELTA PLUS NI175 AZU #9;PAR;EPP;;;;;
;373;;GUANTE NITRILO TITAN 388 AZU MAPA #9;PAR;EPP;;;;;
;374;;GUANTE PARA LAVAR PLATO TALLE MEDIANO;PAR;EPP;;;;;
;375;;GUANTE PASEO VAQUETA AMA FLEXICUER 1037 T#9;PAR;EPP;;;;;
;376;;GUANTE TEJIDO ANTIVIBRATORIO;UN;EPP;;;;;
;377;;GUANTES SOLDADOR DESCARNE STEELPRO 15 CM;PAR;EPP;;;;;
;378;;HIELERA CONSERVADORA 28 LT;UN;MAQ&HERR;;;;;
;379;;HOJA PARA SIERRA METALICA MANUAL ACERO CARBONO 18 DIENTE X PLG;UN;CONSUMIBLE;;;;;
;380;;HOJA PARA SIERRA METALICA MANUAL ACERO CARBONO 24 DIENTE X PLG;UN;CONSUMIBLE;;;;;
;381;;HOJA PARA SIERRA METALICA MANUAL ACERO CARBONO 32 DIENTE X PLG;UN;CONSUMIBLE;;;;;
;382;;HORNO MICROONDAS;UN;ELECTRODOMESTICO;;;;;
;383;;IMPRESORA MULTIFUNCION COLOR RECARGABLE;UN;LIBRERÍA;;;;;
;384;;IMPRIMACION REVESTIMIENTO-POLYKEN 1027;LT;MATERIAL;;;;;
;385;;INDICADOR DE PUNTA Y PROTECTOR DE SEGURIDAD: PVC: COLOR NARANJA;UN;EPP;;;;;
;386;;INSECTICIDA RAID;UN;LIMPIEZA;;;;;
;387;;IODO SOLUCIÓN IODADA FRASCO X 100 ML;UN;BOTIQUIN;;;;;
;388;;"JABALINA PAT AC-CU 3/8"" X 750 MM";UN;ELECTRICIDAD;;;;;
;389;;JABÓN LIQUIDO PARA MANOS;LT;LIMPIEZA;;;;;
;390;;JUEGO DE DESTORNILLADORES BAHCO MODELO 3000/60 GREEN;UN;MAQ&HERR;;;;;
;391;;"JUEGO LLAVE TUBO ENCASTRE 1/2""";UN;MAQ&HERR;;;;;
;392;;JUEGO MECHA AC RAPIDO 1 a 13mm;UN;MAQ&HERR;;;;;
;393;;"JUNTA DE CIERRE 3""";UN;REPUESTO;;;;;
;394;;LAMINA MYLAR X 20 UNIDADES CODIGO TSB0099 ;UN;CONSUMIBLE;;;;;
;395;;LAMINAS DE MYLAR BLASTING X 25 UN CODIGO AK09002;UN;REPUESTO;;;;;
;396;;LAMPARA DULUX D26/21-26 W,2 PINES-B-OSRAM;UN;REPUESTO;;;;;
;397;;LAMPARA H4 12V;UN;REPUESTO;;;;;
;398;;LAMPARA LED LUZ FRIA E27 12W 220V X 10UN;UN;ELECTRICIDAD;;;;;
;399;;LAMPARA LED LUZ FRIA E27 9W/10W 220V;UN;ELECTRICIDAD;;;;;
;400;;LAMPAZO GRANDE;UN;LIMPIEZA;;;;;
;401;;LAPICERA TRAZO FINO AZUL;UN;LIBRERÍA;;;;;
;402;;LAPICERA TRAZO FINO NEGRO;UN;LIBRERÍA;;;;;
;403;;LAPICERA TRAZO FINO ROJO;UN;LIBRERÍA;;;;;
;404;;LAPIZ CARPINTERO;UN;LIBRERÍA;;;;;
;405;;LAPIZ NEGRO HB;UN;LIBRERÍA;;;;;
;406;;LAVA OJOS DE EMERGENCIA;UN;CONSUMIBLE;;;;;
;407;;LAVANDINA;LT;LIMPIEZA;;;;;
;408;;LAVANDINA EN GEL;UN;LIMPIEZA;;;;;
;409;;LAVANDINA X 5 LT;UN;LIMPIEZA;;;;;
;410;;LECHE EN POLVO ILOLAY X 800 GR O SIMILAR;UN;COMESTIBLES;;;;;
;411;;LIBRETA A5 ANOTADOR;UN;LIBRERÍA;;;;;
;412;;LIJA TELA DE ESMERIL 100;UN;CONSUMIBLE;;;;;
;413;;LIJA TELA DE ESMERIL 120;UN;CONSUMIBLE;;;;;
;414;;LIJA TELA DE ESMERIL 150;UN;CONSUMIBLE;;;;;
;415;;LIJA TELA DE ESMERIL 180;UN;CONSUMIBLE;;;;;
;416;;LIJA TELA DE ESMERIL 60;UN;CONSUMIBLE;;;;;
;417;;LIJA TELA DE ESMERIL 80;UN;CONSUMIBLE;;;;;
;418;;"LIMA MEDIA CAÑA 12"" GRANO MEDIANO";UN;MAQ&HERR;;;;;
;419;;"LIMA MEDIA CAÑA 8"" GRANO GRUESO";UN;MAQ&HERR;;;;;
;420;;LIMPIA COTACTO EN AEROSOL;UN;ELECTRONICA;;;;;
;421;;LIMPIADOR DE HORNO EN AEROSOL;UN;LIMPIEZA;;;;;
;422;;LIMPIADOR MULTIUSO GATILLO;UN;LIMPIEZA;;;;;
;423;;LIMPIADOR MULTIUSO X LITRO;LT;LIMPIEZA;;;;;
;424;;LINTERNA LED DE 1 ELEMENTOS AA;UN;MAQ&HERR;;;;;
;425;;LINTERNA LED DE 2 ELEMENTOS AA;UN;MAQ&HERR;;;;;
;426;;LINTERNA LED DE 3 ELEMENTOS AA;UN;EPP;;;;;
;427;;LINTERNA LED DE 5 ELEMENTOS 2D;UN;MAQ&HERR;;;;;
;428;;LIQUIDO DE LAMPAZO;LT;LIMPIEZA;;;;;
;429;;LIQUIDO LIMPIAVIDRIOS X 500 CM3;UN;LIMPIEZA;;;;;
;430;;LIQUIDO PENETRANTE ZL 67 MAGNAFLUX;UN;END;;;;;
;431;;LLAVE AJUSTABLE FRANCESA 375mm;UN;MAQ&HERR;;;;;
;432;;LLAVE PARA MICROTRACK / GEOTAB;UN;MAQ&HERR;;;;;
;433;;"LLAVE TUBO ESTRIADA ENCASTRE 3/4"" X 32 MM";UN;MAQ&HERR;;;;;
;434;;LONA CAPUCHÓN PARA BOLSA DE ARENA 1,10x1,10x1,10;UN;MAQ&HERR;;;;;
;435;;LONA DE SOBREPASO CARRETON;UN;MAQ&HERR;;;;;
;436;;LONA ESCAFANDRA DE ARENADO - REPARACIÓN;GL;MAQ&HERR;;;;;
;437;;LUSTRA MUEBLES EN AEROSOL BLEM O SIMILAR;UN;LIMPIEZA;;;;;
;438;;MAGNAFLUX 7C BLACK PM VÍA HUMEDA 1KG;UN;END;;;;;
;439;;MAGNAFLUX PARTICULAS MAGNETIZABLES 14A FLUORESCENTES X KG;KG;END;;;;;
;440;;MAGNAFLUX PARTICULAS MAGNETIZABLES 2 YELLOW X KG;KG;END;;;;;
;441;;MAGNAFLUX PARTICULAS MAGNETIZABLES 3A BLACK X KG;KG;END;;;;;
;442;;MAGNAFLUX PARTICULAS MAGNETIZABLES 7C BLACK X KG;KG;END;;;;;
;443;;MAGNAFLUX PARTICULAS MAGNETIZABLES 8A RED X KG;KG;END;;;;;
;444;;MAGNAFLUX WA-4 DISTENSOR X 5 LITROS;UN;END;X;costo elevado;;;
;445;;MAGNAFLUX WCP-2 CONTRAST BLANCO 385ML;UN;END;;;;;
;446;;MALLA NARANJA REFLECTIVA DE 1 MT X 50 MT;UN;CONSUMIBLE;;;;;
;447;;MALLA SIMA 50x50x2,6 MM 1,20X3,00 MT;UN;MATERIAL;;;;;
;448;;MAMELUCO DESCARTABLE SIN BOTAS #L;UN;EPP;;;;;
;449;;MAMELUCO DESCARTABLE SIN BOTAS #XL;UN;EPP;;;;;
;450;;MAMELUCO DESCARTABLE SIN BOTAS #XXL;UN;EPP;;;;;
;451;;MANGA DE CUERO DE DESCARNE PARA SOLDADOR;PAR;EPP;;;;;
;452;;"MANGA PARA BOMBA SUMERGIBLE 2""";MT;CONSUMIBLE;;;;;
;453;;"MANGO FUERZA ENCASTRE 3/4""";UN;MAQ&HERR;;;;;
;454;;MANGUERA DE AIRE 3/8 20KG/MT2;MT;MAQ&HERR;;;;;
;455;;"MANGUERA ORIGINAL CETEC CON ACOPLES RÁPIDOS 3/4""";MT;MAQ&HERR;;;;;
;456;;"MANGUERA PARA ABRASIVOS DE 3/4"" (Tuder Italy Abrasibo 10 W.P. 10 bar w.p. 150 psi)";MT;MAQ&HERR;;;;;
;457;;"MANGUERA PARA AIRE 1/4""";MT;CONSUMIBLE;;;;;
;458;;"MANGUERA PARA GAS NATURAL 1/4""";MT;MAQ&HERR;;;;;
;459;;MANGUERA PARA GRASERA;MT;MAQ&HERR;;;;;
;460;;"MANGUERA PARA RIEGO DE 3/4""";MT;MAQ&HERR;;;;;
;461;;"MANGUERA PUSH-LOCK PARKER 1/4""";MT;MAQ&HERR;;;;;
;462;;"MANOMETRO 40 MM 10 BAR 1/8"" NPT S/POST";UN;REPUESTO;;;;;
;463;;MANOMETRO CAMBIO DE FILTRO GAUGE 25 PSI;UN;REPUESTO;;;;;
;464;;MANQUERA DE AIRE 3/4 20 KG/MT2;MT;MAQ&HERR;;;;;
;465;;MANUAL DE OPERACIÓN CATERPILLAR 416 E 4X4;UN;EQUIPOS;;;;;
;466;;MAQUINA DE REVESTIR;UN;MAQ&HERR;;;;;
;467;;MASCARA FACIAL DE CARA COMPLETA 3M 6800;UN;EPP;;;;;
;468;;MASCARA FOTOSENSIBLE MARCA KUSHIRO SZ-EBS2;UN;HERRAMIENTA;;;;;
;469;;MASILLA POLIESTER X 1000 gr;UN;CONSUMIBLE;;;;;
;470;;MASILLA POLIESTER X 500 gr;UN;CONSUMIBLE;;;;;
;471;;MATAFUEGO TIPO ABC 1 KG PARA VEHÍCULO;UN;EPP;;;;;
;472;;MATERIAL ABSORBENTE;KG;CONSUMIBLE;;;;;
;473;;MATES VARIOS;UN;VAJILLA;;;;;
;474;;MAZA DE BRONCE 1,00 KG MANGO INTEGRADO;UN;MAQ&HERR;;;;;
;475;;MAZA DE BRONCE 2,00 KG MANGO INTEGRADO;UN;MAQ&HERR;;;;;
;476;;MAZA DE BRONCE 3,00 KG MANGO INTEGRADO;UN;MAQ&HERR;;;;;
;477;;MAZA DE BRONCE MANGO INTEGRADO 1 KG;UN;MAQ&HERR;X;precio/recambio;;;
;478;;MAZA DE BRONCE MANGO INTEGRADO 2 KG;UN;MAQ&HERR;X;precio/recambio;;;
;479;;MAZA DE BRONCE MANGO INTEGRADO 3 KG;UN;MAQ&HERR;X;precio/recambio;;;
;480;;MECHA ACERO RÁPIDO 1 mm;UN;MAQ&HERR;;;;;
;481;;MECHA ACERO RÁPIDO 1,5 mm;UN;MAQ&HERR;;;;;
;482;;MECHA ACERO RÁPIDO 10 mm;UN;MAQ&HERR;;;;;
;483;;MECHA ACERO RÁPIDO 11 mm;UN;MAQ&HERR;;;;;
;484;;MECHA ACERO RÁPIDO 12 mm;UN;MAQ&HERR;;;;;
;485;;MECHA ACERO RÁPIDO 13 mm;UN;MAQ&HERR;;;;;
;486;;MECHA ACERO RÁPIDO 2 mm;UN;MAQ&HERR;;;;;
;487;;MECHA ACERO RÁPIDO 3 mm;UN;MAQ&HERR;;;;;
;488;;MECHA ACERO RÁPIDO 4 mm;UN;MAQ&HERR;;;;;
;489;;MECHA ACERO RÁPIDO 5 mm;UN;MAQ&HERR;;;;;
;490;;MECHA ACERO RÁPIDO 6 mm;UN;MAQ&HERR;;;;;
;491;;MECHA ACERO RÁPIDO 7 mm;UN;MAQ&HERR;;;;;
;492;;MECHA ACERO RÁPIDO 8 mm;UN;MAQ&HERR;;;;;
;493;;MECHA ACERO RÁPIDO 9 mm;UN;MAQ&HERR;;;;;
;494;;MEDIDOR DE ANGULOS DAVIDSON BASE MAGNÉTICA;UN;MAQ&HERR;;;;;
;495;;MODEM CLARO;UN;MAQ&HERR;;;;;
;496;;MONITOR DELL;UN;INFORMATICA;;;;;
;497;;MOUSE GENERICO;UN;INFORMATICA;;;;;
;498;;"NIPLE FURMANITE Ø2"" S-3000 A-106 L.101,6";UN;MATERIAL;;;;;
;499;;"NIPLE MM 1/2"" PVC";UN;REPUESTO;;;;;
;500;;"O´RING 3/4"" ACOPLE RAPIDO AIRE";UN;MAQ&HERR;;;;;
;501;;"PACK DISCO LIJA 7"" GRANO 36";UN;CONSUMIBLE;;;;;
;502;;PALA CORAZON CABO CORTO CON MANGO;UN;MAQ&HERR;;;;;
;503;;PALA CORAZON CABO LARGO CON MANGO;UN;MAQ&HERR;;;;;
;504;;PALA PLASTICO P/BASURA;UN;LIMPIEZA;;;;;
;505;;PALO PARA ESCOBILLON;UN;LIMPIEZA;;;;;
;506;;PAPEL CARTA DOCUMENTO;UN;LIBRERÍA;;;;;
;507;;PAPEL HIGIENICO 80 mt x 4 rollos;UN;LIMPIEZA;;;;;
;508;;PAPEL HIGIENICO ROLLO 80 MT X 4 UN;UN;LIMPIEZA;;;;;
;509;;PAPEL TOALLA 20X24 CM 2500 UN;UN;CONSUMIBLE;;;;;
;510;;PARCHE DEA MARCA PHILLIPS;UN;MAQ&HERR;;;;;
;511;;PAVA ELÉCTRICA PHILIPS P.A.D HD4691/20;UN;MAQ&HERR;;;;;
;512;;PERFORADORA PAPEL;UN;LIBRERÍA;;;;;
;513;;PERVINOX 100 ML;UN;CONSUMIBLE;;;;;
;514;;"PICO INFLADOR CON ESPIGA 1/4""";UN;CONSUMIBLE;;;;;
;515;;PILA A23 12 VOLT;UN;CONSUMIBLE;;;;;
;516;;PILA AA DOBLE A;UN;CONSUMIBLE;;;;;
;517;;PILA AAA TRIPLE A ENERGIZER;UN;CONSUMIBLE;;;;;
;518;;PILA D;UN;CONSUMIBLE;;;;;
;519;;PINCEL CERDA SUAVE N°10;UN;CONSUMIBLE;;;;;
;520;;PINCEL CERDA SUAVE N°20;UN;CONSUMIBLE;;;;;
;521;;"PINCEL DE 2""";UN;CONSUMIBLE;;;;;
;522;;PINTURA EPOXI R-95 (LATA X 4,6 LTS. );KIT;MATERIAL;;;;;
;523;;PINTURA ESMALTE SINTÉTICO BLANCO 3 EN 1;LT;CONSUMIBLE;;;;;
;524;;PINTURA ESMALTE SINTÉTICO COLOR AZUL;LT;CONSUMIBLE;;;;;
;525;;PINTURA ESMALTE SINTÉTICO COLOR NARANJA SEGURITO;LT;CONSUMIBLE;;;;;
;526;;PINTURA ESMALTE SINTÉTICO COLOR NEGRO BRILLANTE;LT;CONSUMIBLE;;;;;
;527;;PINTURA ESMALTE SINTÉTICO EN AEROSOL AMARILLO;UN;CONSUMIBLE;;;;;
;528;;PINTURA ESMALTE SINTÉTICO EN AEROSOL BLANCO;UN;CONSUMIBLE;;;;;
;529;;PINTURA ESMALTE SINTÉTICO EN AEROSOL NARANJA;UN;CONSUMIBLE;;;;;
;530;;PINTURA ESMALTE SINTÉTICO EN AEROSOL NEGRO;UN;CONSUMIBLE;;;;;
;531;;PINTURA ESMALTE SINTÉTICO EN AEROSOL ROJO;UN;CONSUMIBLE;;;;;
;532;;PINTURA ESMALTE SINTÉTICO EN AEROSOL VERDE;UN;CONSUMIBLE;;;;;
;533;;PINTURA ESMALTE SINTETICO EN SPRAY BLA;UN;CONSUMIBLE;;;;;
;534;;PINTURA ESMALTE SINTÉTICO NEGRO 3 EN 1;LT;CONSUMIBLE;;;;;
;535;;PINTURA ESMALTE SINTÉTICO NEGRO RAL 9017;LT;CONSUMIBLE;;;;;
;536;;PINZA ALICATE 140 MM;UN;MAQ&HERR;;;;;
;537;;PINZA MASA 400 AMP MARCA HELICTOR;UN;MAQ&HERR;;;;;
;538;;PINZA MASA 600 AMP MARCA HELICTOR;UN;MAQ&HERR;;;;;
;539;;PINZA PELACABLE 0,25-6,00 MM2;UN;MAQ&HERR;;;;;
;540;;PINZA PICO DE LORO 240 MM;UN;MAQ&HERR;;;;;
;541;;PINZA PORTA ELECTRODO 400 AMP MARCA HELICTOR;UN;MAQ&HERR;;;;;
;542;;PINZA PORTA ELECTRODO 600 AMP MARCA HELICTOR;UN;MAQ&HERR;;;;;
;543;;PINZA PUNTA BAHCO 2471G-160;UN;MAQ&HERR;;;;;
;544;;"PINZA UNIVERSAL 7""";UN;MAQ&HERR;;;;;
;545;;PISTOLA PARA PINTURA;UN;MAQ&HERR;;;;;
;546;;PIZARRA BLANCA 60X90 CM;UN;LIBRERÍA;;;;;
;547;;PIZARRA DE CORCHO 88 CM X 58 CM;UN;LIBRERÍA;;;;;
;548;;PLACA CALCO PARA CARTEL DE OBRA  40 CM X 30 (ZANJA ABIERTA) RIGIDO;UN;REPUESTO;;;NO;;
;549;;PLACA CALCO PARA CARTEL DE OBRA  40 CM X 30 (ZONA DE ARENADO) RIGIDO;UN;REPUESTO;;;NO;;
;550;;PLACA CALCO PARA CARTEL DE OBRA  60 CM X 40 CM (GENERICO) RIGIDO;UN;REPUESTO;;;NO;;
;551;;PLACA CALCO PARA CARTEL DE OBRA  60 CM X 40 CM (ZANJA ABIERTA) RIGIDO;UN;REPUESTO;;;NO;;
;552;;PLACA CALCO PARA CARTEL DE OBRA  60 CM X 40 CM (ZONA DE ARENADO) RIGIDO;UN;REPUESTO;;;NO;;
;553;;PLACA CARTEL DE PVC 40 CM X 45 CM (PUNTO DE REUNIÓN) RIGIDO;UN;REPUESTO;;;NO;;
;554;;PLACA CARTEL DE PVC 60 CM X 40 CM CM (PUNTO DE REUNIÓN) RIGIDO;UN;REPUESTO;;;NO;;
;555;;PLACA PARA CARTEL DE OBRA  40 CM X 30 (DESVIO DERECHA) RIGIDO;UN;REPUESTO;;;NO;;
;556;;PLACA PARA CARTEL DE OBRA  40 CM X 30 (DESVIO IZQUIERDA) RIGIDO;UN;REPUESTO;;;NO;;
;557;;PLACA PARA CARTEL DE OBRA  40 CM X 30 (ESTACIONAMIENTO) RIGIDO;UN;REPUESTO;;;NO;;
;558;;PLACA PARA CARTEL DE OBRA  40 CM X 30 (HOMBRES TRABAJANDO) RIGIDO;UN;REPUESTO;;;NO;;
;559;;PLACA PARA CARTEL DE OBRA  40 CM X 30 (MAQUINAS TRABAJANDO) RIGIDO;UN;REPUESTO;;;NO;;
;560;;PLACA PARA CARTEL DE OBRA  60 CM X 40 CM (DESVIO DERECHA) RIGIDO;UN;REPUESTO;;;NO;;
;561;;PLACA PARA CARTEL DE OBRA  60 CM X 40 CM (DESVIO IZQUIERDA) RIGIDO;UN;REPUESTO;;;NO;;
;562;;PLACA PARA CARTEL DE OBRA  60 CM X 40 CM (ESTACIONAMIENTO) RIGIDO;UN;REPUESTO;;;NO;;
;563;;PLACA PARA CARTEL DE OBRA  60 CM X 40 CM (HOMBRES TRABAJANDO) RIGIDO;UN;REPUESTO;;;NO;;
;564;;PLACA PARA CARTEL DE OBRA  60 CM X 40 CM (MAQUINAS TRABAJANDO) RIGIDO;UN;REPUESTO;;;NO;;
;565;;PLATO DE COCINA ACERO INOXIDABLE;UN;MAQ&HERR;;;;;
;566;;PORTA BLOCK ACRILICO A4;UN;LIBRERÍA;;;;;
;567;;PORTA ROLLO PARA PAPEL TOALLA;UN;LIMPIEZA;;;;;
;568;;PRECINTO DE 200 MM x 4,6 MM;UN;CONSUMIBLE;;;;;
;569;;PRECINTO DE 300 MM x 4,7 MM;UN;CONSUMIBLE;;;;;
;570;;PRECINTO DE 300 MM x 7,6 MM;UN;CONSUMIBLE;;;;;
;571;;PROLONGADOR ZAPATILLA CORRIENTE 220V 3 BOCAS CON TECLA Y PROT TERMICO;UN;INFORMATICA;;;;;
;572;;PROTECTOR AUDITIVO ENDOEURAL NAR 3M 1110 CON CORDEL;UN;EPP;;;;;
;573;;PROTECTOR AUDITIVO LIBUS QUANTUM ESTRIADO CON CORDEL;UN;EPP;;;;;
;574;;PROTECTOR AUDITIVO NAR 3M 1100 53055-PINO-GOMA;UN;EPP;;;;;
;575;;PROTECTOR FACIAL BURBUJA;UN;EPP;;;;;
;576;;PROTECTOR SOLAR FPS 50 AEROSOL DERMAGLÓS;UN;CONSUMIBLE;;;;;
;577;;PULVERIZADOR FUMIGADOR GUARANÍ;UN;MAQ&HERR;;;;;
;578;;PULVERIZADOR MANUAL PARA PARTICULAS HUMENDAS;UN;CONSUMIBLE;;;;;
;579;;PULVERIZADOR MANUAL PARA PARTICULAS SECAS;UN;END;;;;;
;580;;PUNTA PARA MARTILLO HIDRÁULICO;UN;REPUESTO;;;;;
;581;;RASTRILLO DE JARDINERO CON CABO REFORZADO;UN;MAQ&HERR;;;;;
;582;;RECARGA DE GAS NATURAL 10 KG;UN;CONSUMIBLE;;;;;
;583;;RECIPIENTE PARA RESIDUOS 100 LITROS ALTO 70 CM: DIAMETRO 54 CM: MATERIAL: PVC;UN;LIMPIEZA;;;;;
;584;;RECIPIENTE PARA RESIDUOS 20 LITROS;UN;LIMPIEZA;;;;;
;585;;RECIPIENTE SOBRE RUEDAS PARA AGUA NO POTABLE;UN;MAQ&HERR;;;;;
;586;;RED DE CONTENCIÓN PARA CABINA/CAJA PICKUP;UN;MAQ&HERR;;;;;
;587;;REFLECTOR LED 50W 220V;UN;ELECTRICIDAD;;;;;
;588;;REGLA TÉCNICA DE 30 CM;UN;MAQ&HERR;;;;;
;589;;"REGUFILTRO PARKER 1/4""";UN;REPUESTO;;;;;
;590;;"REGULADOR S07 1/2"" PARKER CODIGO AP07R321AC1";UN;REPUESTO;;;;;
;591;;REMACHADORA TIPO FUELLE;UN;MAQ&HERR;;;;;
;592;;REPELENTE PARA MOSQUITOS OFF O SIMILAR AEROS;UN;CONSUMIBLE;;;;;
;593;;REPUESTO MANGA DE VIENTO TELA DIAMETRO: ;UN;REPUESTO;;;;;
;594;;REPUESTO PROTECTOR FACIAL 18 CM X 2O CM;UN;EPP;;;;;
;595;;REPUESTO PROTECTOR FACIAL 20 CM X 4O CM;UN;EPP;;;;;
;596;;REPUESTO PROTECTOR FACIAL TIPO BURBUJA;UN;EPP;;;;;
;597;;RESMA DE PAPEL A3 X 500 HOJAS;UN;LIBRERÍA;;;;;
;598;;RESMA DE PAPEL A4 X 500 HOJAS;UN;LIBRERÍA;;;;;
;599;;"REVESTIMIENTO POLYKEN 905-30 -6""X 15 MTS";CAJA;MATERIAL;;;;;
;600;;ROCIADOR PULVERIZADOR GENERICO 500 ML;UN;CONSUMIBLE;;;;;
;601;;RODILLERA PARA SOLDADOR;UN;MAQ&HERR;;;;;
;602;;RODILLO DE LANA PELO CORTO CON MANGO 10 CM;UN;CONSUMIBLE;;;;;
;603;;RODILLO DE LANA PELO CORTO CON MANGO 12 CM;UN;CONSUMIBLE;;;;;
;604;;RODILLO DE LANA PELO CORTO CON MANGO 25 CM;UN;CONSUMIBLE;;;;;
;605;;RODILLO PARA PINTURA SINTETICA 12 CM;UN;MAQ&HERR;;;;;
;606;;RODILLO PARA PINTURA SINTETICA 22 CM;UN;MAQ&HERR;;;;;
;607;;RODILLO PARA PINTURA SINTETICA 8 CM;UN;MAQ&HERR;;;;;
;608;;RODILLO PELO LARGO 18 CM;UN;CONSUMIBLE;;;;;
;609;;ROLLO DE COCINA;UN;LIMPIEZA;;;;;
;610;;ROLLO PAPEL PARA COCINA;UN;LIMPIEZA;;;;;
;611;;"ROLLO PTFE 5/8"" X 25 MT";UN;CONSUMIBLE;;;;;
;612;;SABANA DESCARTABLE PARA QUEMADOS;UN;BOTIQUIN;;;;;
;613;;SAL FINA DE COCINA PAQUETE DE 500 GR;UN;COMESTIBLES;;;;;
;614;;SECADOR DE PISO;UN;LIMPIEZA;;;;;
;615;;SELLADOR FASTIX TRANSPARENTE 290 GR;UN;CONSUMIBLE;;;;;
;616;;SELLADOR PARA LLANTAS;LT;CONSUMIBLE;;;;;
;617;;SEMIMASCARA 3M CON DOS FILTROS CLASE 6003;UN;EPP;;;;;
;618;;SEPARADOR ALFABETICO OCICIO AMARILLO;UN;LIBRERÍA;;;;;
;619;;SEPARADOR AMARILLO TAMAÑO CARTA (GENERICO);UN;LIBRERÍA;;;;;
;620;;SEPARADORES MULTICOLOR X 5;UN;LIBRERÍA;;;;;
;621;;SERVICIO DE VACIADO DE AGUAS GRISES;UN;SERVICIOS;;;;;
;622;;SERVICIO MANTENIMIENTO GENERADOR;UN;SERVICIOS;;;;;
;623;;SILICONA PARA TABLERO VEHÍCULOS;UN;LIMPIEZA;;;;;
;624;;SILICONA:TIPO:AEROSOL:USO ESPECIFICO:PARA GOMA,PLASTICO Y CUERO;UN;LIMPIEZA;;;;;
;625;;SOBRE OFICIO BLANCO;UN;LIBRERÍA;;;;;
;626;;SOBRE PAPEL MADERA A4 X 100 UN;UN;LIBRERÍA;;;;;
;627;;SOBRE PAPEL MADERA OFICIO;UN;LIBRERÍA;;;;;
;628;;SOGA DE NYLON 6 MM;MT;CONSUMIBLE;;;;;
;629;;SOLUCIÓN OFTÁLMICA ESTÉRIL;ML;BOTIQUIN;;;;;
;630;;SOLUCION PARA BAÑO QUIMICO;LT;LIMPIEZA;;;;;
;631;;SOMBRILLA PARA SOL;UN;MAQ&HERR;;;;;
;632;;SOPLON BOCA ANCHA CON MANGO CORTADOR COMPLETO;UN;MAQ&HERR;;;;;
;633;;SOPORTE PARA EXTINTOR 10 KG;UN;REPUESTO;;;;;
;634;;SORDINA TIPO COPA PARA CASCO 3M;UN;EPP;;;;;
;635;;SORDINA TIPO COPA PARA CASCO LIBUS;UN;EPP;;;;;
;636;;SORDINA TIPO COPA PARA CASCO MSA;UN;EPP;;;;;
;637;;TABLA MADERA PINO 0,25mt x 2,40 mt;UN;MATERIAL;;;;;
;638;;TABLA PVC COCINA;UN;COCINA;;;;;
;639;;TABLERO PARA FILTROS;UN;MAQ&HERR;;;;;
;640;;TABLON ARMADO DE PINO ABULONADO 0,45X2,40 PARA EXCAVACION;UN;MAQ&HERR;;;;;
;641;;TACO DE MADERA DURA 10X10X100 CM;UN;CONSUMIBLE;;;;;
;642;;"TACO DE MADERA PINO 3"" x 3"" x 0,40 mt";UN;MATERIAL;;;;;
;643;;TALONARIO DE REMITOS PECOM;UN;LIBRERÍA;;;;;
;644;;TAMBOR PARA CERRADURA JAQUE;UN;MAQ&HERR;;;;;
;645;;TAPA PARA TOLVA DE ARENADO CORBLAST;UN;MAQ&HERR;;;;;
;646;;TARJETA TICKET CAR / YPF RUTA;UN;MAQ&HERR;;;;;
;647;;TAZA PLASTICA MEDIANA;UN;VAJILLA;;;NO;;
;648;;TAZAS PORCELANA;UN;VAJILLA;;;;;
;649;;TE SAQUITO x 100 un;UN;COMESTIBLES;;;;;
;650;;TE SAQUITO x 50 un;UN;COMESTIBLES;;;;;
;651;;TECLADO DELL;UN;INFORMATICA;;;;;
;652;;"TENAZA DE ARMADOR 12""";UN;MAQ&HERR;;;;;
;653;;TENEDOR DE MADERA;UN;VAJILLA;;;;;
;654;;TENEDOR PARA COCINA;UN;MAQ&HERR;;;;;
;655;;TENEDOR TRAMONTINA MANGO DE MADERA;UN;COCINA;;;;;
;656;;TENSIÓMETRO DIGITAL;UN;MAQ&HERR;;;;;
;657;;TERMINAL COMPR CUEST 35mm2;UN;MAQ&HERR;;;;;
;658;;"TERMINAL CU 35mm2 1/2"" LCT SCC 35/2";UN;CONSUMIBLE;;;;;
;659;;"TERMINAL MANGUERA PUSH-LOCK 1/4"" HG 1/4""";UN;REPUESTO;;;;;
;660;;"TERMINAL MANGUERA PUSH-LOCK 1/4"" MF 1/4""";UN;REPUESTO;;;;;
;661;;"TERMINAL MANGUERA PUSH-LOCK 1/4"" MF 3/8""";UN;REPUESTO;;;;;
;662;;TERMINAL P/CABLE 4MM2 OJAL CERRADO 3/8;UN;CONSUMIBLE;;;;;
;663;;TERMINALES PARA CABLE DE SOLDADORA;UN;MAQ&HERR;;;;;
;664;;TERMO PARA AGUA CALIENTE/FRIA 3 LT;UN;MAQ&HERR;;;;;
;665;;TERMO PARA AGUA CALIENTE/FRIA 5 LT;UN;MAQ&HERR;;;;;
;666;;TERMO PORTA ELECTRODO;UN;MAQ&HERR;;;;;
;667;;TERMÓMETRO INFRARROJO;UN;MAQ&HERR;;;;;
;668;;TINTA PARA IMPRESORA “EPSON” 544 “BK” NEGRO;UN;LIBRERÍA;;;;;
;669;;TOMA DE EMPOTRAR 2P+T 16A 410-1663-AR SCAME;UN;MAQ&HERR;;;;;
;670;;TOMA HEMBRA 7 PUNTOS PARA CAMION;UN;REPUESTO;;;;;
;671;;TONER FOTOCOPIADORA;UN;LIBRERÍA;;;;;
;672;;TONER PARA IMPRESORA;UN;LIBRERÍA;;;;;
;673;;"TORNILLO 1 1/2"" CON TUERCA AUTOBLOCANTE";UN;CONSUMIBLE;;;;;
;674;;"TORNILLO AUTOPERFORANTE DE 1/2""";UN;CONSUMIBLE;;;;;
;675;;TRANSPORTE DE PERSONAL - ADICIONAL RIO COLORADO;UN;TRANSPORTE;;;;;
;676;;TRAPO DE PISO;UN;LIMPIEZA;;;;;
;677;;TRAPO REJILLA;UN;LIMPIEZA;;;;;
;678;;TRAPO STOKINETTE CORTADO X 10 KG;UN;CONSUMIBLE;X;costo elevado;;;
;679;;"VALVULA DE SEGURIDAD PARA AIRE DIAM 1/2""";UN;MAQ&HERR;;;;;
;680;;"VALVULA DE SEGURIDAD PARA AIRE DIAM 1/4""";UN;MAQ&HERR;;;;;
;681;;"VALVULA ESFERICA  Ø 2"" MOD.F46 PASO TOTAL";UN;MATERIAL;;;;;
;682;;"VALVULA ESFÉRICA HH 1/2"" PVC";UN;REPUESTO;;;;;
;683;;VALVULA REGULADORA P/GAS ACETILENO;UN;MAQ&HERR;;;;;
;684;;VALVULA REGULADORA P/GAS BUTANO/PROPANO;UN;MAQ&HERR;;;;;
;685;;VASELINA SOLIDA PURA;KG;CONSUMIBLE;;;;;
;686;;VASO ACERO INOXIDABLE;UN;VAJILLA;;;;;
;687;;VASOS CHICOS;UN;VAJILLA;;;;;
;688;;VASOS CHICOS TIPO JARRO;UN;VAJILLA;;;;;
;689;;VENDA TIPO CAMBRIC DE 10 CM;UN;BOTIQUIN;;;;;
;690;;VERIFICACIÓN TÉCNICA VEHICULAR INTERNO ####;HS;EQUIPOS;;;;;
;691;;VIDRIO CRISTAL INCOLORO 50x105MM;UN;CONSUMIBLE;;;;;
;692;;VIDRIO CRISTAL TONALIZADO 50x105MM;UN;CONSUMIBLE;;;;;
;693;;VIDRIO LAMINADO 150mm X 100mm X 6mm;UN;CONSUMIBLE;;;;;
;694;;VIDRIO LAMINADO INCOLORO PARA ESCAFANDRA DE ARENAR DE 130 X 60;UN;CONSUMIBLE;;;;;
;695;;VIDRIO LAMINADO INCOLORO PARA MASCARA DE ARENAR DE 135 X 90 X 6 (mm);UN;CONSUMIBLE;;;;;
;696;;VIDRIO LAMINADO INCOLORO PARA MASCARA DE ARENAR DE 138 X 185 X 6 (mm);UN;CONSUMIBLE;;;;;
;697;;VIDRIO LAMINADO INCOLORO PARA MASCARA DE ARENAR DE 150 X 90 X 6 (mm);UN;CONSUMIBLE;;;;;
;698;;VIDRIO LAMINADO INCOLORO PARA MASCARA DE ARENAR DE 170 X 145 X 6 (mm);UN;CONSUMIBLE;;;;;
;699;;VIDRIO LAMINADO INCOLORO PARA MASCARA DE SOLDAR;UN;CONSUMIBLE;;;;;
;700;;VIDRIO PARA ESCAFANDRA DE 95 X 155 X 3 mm;UN;CONSUMIBLE;;;;;
;701;;"VISAGRA TIPO LIBRO 4""";UN;CONSUMIBLE;;;;;
;702;;VISOR EXTERIOR BLASTING AP09004;UN;REPUESTO;;;;;
;703;;VISOR EXTERIOR POWERBLAST P/CASCO CÓDIGO: TSP0006;UN;CONSUMIBLE;;;;;
;704;;VISOR INTERIOR BLASTING CODIGO AP09003;UN;REPUESTO;;;;;
;705;;WD40 LUBRICANTE MULTIUSO 290GR/432 CM3;UN;CONSUMIBLE;X;costo elevado;;;
;706;;YERBA MATE PLAYADITO X 1KG;UN;COMESTIBLES;;;;;
;707;;FIBRON DE PINTURA AMARILLO TRAZO FINO;UN;LIBRERÍA;;;;;
;708;;FIBRON DE PINTURA AZUL TRAZO FINO;UN;LIBRERÍA;;;;;
;709;;FIBRON DE PINTURA BLANCO TRAZO FINO;UN;LIBRERÍA;;;;;
;710;;FIBRON DE PINTURA NEGRO TRAZO FINO;UN;LIBRERÍA;;;;;
;711;;FIBRON DE PINTURA ROJO TRAZO FINO;UN;LIBRERÍA;;;;;
